[00:03:52.308][Info]: [SPP_AND_LE]app_key_evnet: 2,9

[00:03:52.458][Info]: [SPP_AND_LE]app_key_evnet: 2,9

IPP
[00:03:52.608][Info]: [SPP_AND_LE]app_key_evnet: 2,9

[00:03:52.758][Info]: [SPP_AND_LE]app_key_evnet: 2,9

[00:03:52.908][Info]: [SPP_AND_LE]app_key_evnet: 2,9

IPP
[00:03:53.058][Info]: [SPP_AND_LE]app_key_evnet: 2,9

[00:03:53.208][Info]: [SPP_AND_LE]app_key_evnet: 2,9

[00:03:53.358][Info]: [SPP_AND_LE]app_key_evnet: 2,9

IPP
[00:03:53.508][Info]: [SPP_AND_LE]app_key_evnet: 2,9

[00:03:53.658][Info]: [SPP_AND_LE]app_key_evnet: 2,9

[00:03:53.808][Info]: [SPP_AND_LE]app_key_evnet: 2,9

[00:03:53.958][Info]: [SPP_AND_LE]app_key_evnet: 2,9

IPP
[00:03:54.108][Info]: [SPP_AND_LE]app_key_evnet: 2,9

[00:03:54.258][Info]: [SPP_AND_LE]app_key_evnet: 2,9

[00:03:54.408][Info]: [SPP_AND_LE]app_key_evnet: 2,9

IPP
[00:03:54.558][Info]: [SPP_AND_LE]app_key_evnet: 2,9

[00:03:54.708][Info]: [SPP_AND_LE]app_key_evnet: 2,9

[00:03:54.858][Info]: [SPP_AND_LE]app_key_evnet: 2,9

IPP
[00:03:55.008][Info]: [SPP_AND_LE]app_key_evnet: 2,9

[00:03:55.158][Info]: [SPP_AND_LE]app_key_evnet: 2,9

[00:03:55.308][Info]: [SPP_AND_LE]app_key_evnet: 2,9

[00:03:55.458][Info]: [SPP_AND_LE]app_key_evnet: 2,9

IPP
[00:03:55.608][Info]: [SPP_AND_LE]app_key_evnet: 2,9

IPPIPP
[00:03:56.508][Info]: [SPP_AND_LE]app_key_evnet: 1,9

[00:03:56.658][Info]: [SPP_AND_LE]app_key_evnet: 2,9

[00:03:56.808][Info]: [SPP_AND_LE]app_key_evnet: 2,9

[00:03:56.958][Info]: [SPP_AND_LE]app_key_evnet: 2,9

IPP
[00:03:57.108][Info]: [SPP_AND_LE]app_key_evnet: 2,9

[00:03:57.258][Info]: [SPP_AND_LE]app_key_evnet: 2,9

[00:03:57.408][Info]: [SPP_AND_LE]app_key_evnet: 2,9

IPP
[00:03:57.558][Info]: [SPP_AND_LE]app_key_evnet: 2,9

IPPIPP
[00:03:58.548][Info]: [SPP_AND_LE]app_key_evnet: 1,9

[00:03:58.698][Info]: [SPP_AND_LE]app_key_evnet: 2,9

[00:03:58.848][Info]: [SPP_AND_LE]app_key_evnet: 2,9

IP
[00:03:58.998][Info]: [SPP_AND_LE]app_key_evnet: 2,9

P
[00:03:59.148][Info]: [SPP_AND_LE]app_key_evnet: 2,9

[00:03:59.298][Info]: [SPP_AND_LE]app_key_evnet: 2,9

[00:03:59.448][Info]: [SPP_AND_LE]app_key_evnet: 2,9

IPP
[00:03:59.598][Info]: [SPP_AND_LE]app_key_evnet: 2,9

[00:03:59.798][Info]: [SPP_AND_LE]app_key_evnet: 2,9

[00:03:59.948][Info]: [SPP_AND_LE]app_key_evnet: 2,9

IPP
[00:04:00.098][Info]: [SPP_AND_LE]app_key_evnet: 2,9

[00:04:00.248][Info]: [SPP_AND_LE]app_key_evnet: 2,9

[00:04:00.366][BLE_TRANS]WTYI dynamic name switch to: WTYI_BT_TEST
 
[00:04:00.368][Info]: [GATT_SERVER]adv_en:0

[00:04:00.368][Info]: [GATT_SERVER]server_work_st:20->2

[00:04:00.369][BLE_TRANS]server_state: handle=00,02
 
[00:04:00.371][Info]: [GATT_COMM]ble_comm_set_config_name

[00:04:00.372][Info]: [GATT_COMM]ble name(17): WTYI_BT_TEST(BLE) 

[00:04:00.373][BLE_TRANS]trans_adv_data(26): 
02 01 06 03 03 30 AF 12 09 57 54 59 49 5F 42 54 
5F 54 45 53 54 28 42 4C 45 29 
[00:04:00.375][BLE_TRANS]rsp_data(0): 
[00:04:00.375][Info]: [GATT_SERVER]__gatt_server_just_new_dev_adv

[00:04:00.376][Info]: [GATT_SERVER]new_dev_adv

[00:04:00.377][Info]: [GATT_SERVER]adv_en:1

[00:04:00.378][Info]: [GATT_SERVER]server_work_st:2->20

[00:04:00.379][BLE_TRANS]server_state: handle=00,20
 
[00:04:00.398][Info]: [SPP_AND_LE]app_key_evnet: 2,9

IPP
[00:04:00.548][Info]: [SPP_AND_LE]app_key_evnet: 2,9

[00:04:00.698][Info]: [SPP_AND_LE]app_key_evnet: 2,9

[00:04:00.848][Info]: [SPP_AND_LE]app_key_evnet: 2,9

IP
[00:04:00.998][Info]: [SPP_AND_LE]app_key_evnet: 2,9

P
[00:04:01.148][Info]: [SPP_AND_LE]app_key_evnet: 2,9

[00:04:01.298][Info]: [SPP_AND_LE]app_key_evnet: 2,9

[00:04:01.448][Info]: [SPP_AND_LE]app_key_evnet: 2,9

IPP
[00:04:01.598][Info]: [SPP_AND_LE]app_key_evnet: 2,9

[00:04:01.748][Info]: [SPP_AND_LE]app_key_evnet: 2,9

[00:04:01.898][Info]: [SPP_AND_LE]app_key_evnet: 2,9

IPP
[00:04:02.048][Info]: [SPP_AND_LE]app_key_evnet: 2,9

[00:04:02.198][Info]: [SPP_AND_LE]app_key_evnet: 2,9

[00:04:02.348][Info]: [SPP_AND_LE]app_key_evnet: 2,9

IP
[00:04:02.498][Info]: [SPP_AND_LE]app_key_evnet: 2,9

P
[00:04:02.648][Info]: [SPP_AND_LE]app_key_evnet: 2,9

[00:04:02.798][Info]: [SPP_AND_LE]app_key_evnet: 2,9

[00:04:02.948][Info]: [SPP_AND_LE]app_key_evnet: 2,9

IPP
[00:04:03.098][Info]: [SPP_AND_LE]app_key_evnet: 2,9

[00:04:03.248][Info]: [SPP_AND_LE]app_key_evnet: 2,9

[00:04:03.398][Info]: [SPP_AND_LE]app_key_evnet: 2,9

IPP
[00:04:03.548][Info]: [SPP_AND_LE]app_key_evnet: 2,9

[00:04:03.698][Info]: [SPP_AND_LE]app_key_evnet: 2,9

[00:04:03.848][Info]: [SPP_AND_LE]app_key_evnet: 2,9

IP
[00:04:03.998][Info]: [SPP_AND_LE]app_key_evnet: 2,9

P
[00:04:04.148][Info]: [SPP_AND_LE]app_key_evnet: 2,9

IPPIPP
[00:04:05.038][Info]: [SPP_AND_LE]app_key_evnet: 1,9

[00:04:05.188][Info]: [SPP_AND_LE]app_key_evnet: 2,9

[00:04:05.338][Info]: [SPP_AND_LE]app_key_evnet: 2,9

I
[00:04:05.488][Info]: [SPP_AND_LE]app_key_evnet: 2,9

PP
[00:04:05.638][Info]: [SPP_AND_LE]app_key_evnet: 2,9

[00:04:05.788][Info]: [SPP_AND_LE]app_key_evnet: 2,9

[00:04:05.938][Info]: [SPP_AND_LE]app_key_evnet: 2,9

IPP
[00:04:06.088][Info]: [SPP_AND_LE]app_key_evnet: 2,9

IPPI
[00:04:06.998][Info]: [SPP_AND_LE]app_key_evnet: 1,9

PP
[00:04:07.148][Info]: [SPP_AND_LE]app_key_evnet: 2,9

[00:04:07.298][Info]: [SPP_AND_LE]app_key_evnet: 2,9

[00:04:07.448][Info]: [SPP_AND_LE]app_key_evnet: 2,9

IPP
[00:04:07.598][Info]: [SPP_AND_LE]app_key_evnet: 2,9

[00:04:07.748][Info]: [SPP_AND_LE]app_key_evnet: 2,9

[00:04:07.898][Info]: [SPP_AND_LE]app_key_evnet: 2,9

IPP
[00:04:08.048][Info]: [SPP_AND_LE]app_key_evnet: 2,9

[00:04:08.198][Info]: [SPP_AND_LE]app_key_evnet: 2,9

[00:04:08.348][Info]: [SPP_AND_LE]app_key_evnet: 2,9

I
[00:04:08.498][Info]: [SPP_AND_LE]app_key_evnet: 2,9

PP
[00:04:08.648][Info]: [SPP_AND_LE]app_key_evnet: 2,9

[00:04:08.798][Info]: [SPP_AND_LE]app_key_evnet: 2,9

[00:04:08.948][Info]: [SPP_AND_LE]app_key_evnet: 2,9

IPP
[00:04:09.098][Info]: [SPP_AND_LE]app_key_evnet: 2,9

[00:04:09.248][Info]: [SPP_AND_LE]app_key_evnet: 2,9

[00:04:09.398][Info]: [SPP_AND_LE]app_key_evnet: 2,9

IPP
[00:04:09.548][Info]: [SPP_AND_LE]app_key_evnet: 2,9

[00:04:09.698][Info]: [SPP_AND_LE]app_key_evnet: 2,9

[00:04:09.848][Info]: [SPP_AND_LE]app_key_evnet: 2,9

I
[00:04:09.998][Info]: [SPP_AND_LE]app_key_evnet: 2,9

PP
[00:04:10.148][Info]: [SPP_AND_LE]app_key_evnet: 2,9

[00:04:10.298][Info]: [SPP_AND_LE]app_key_evnet: 2,9

[00:04:10.366][BLE_TRANS]WTYI dynamic name switch to: WTYI_BT_TEST_B
 
[00:04:10.368][Info]: [GATT_SERVER]adv_en:0

[00:04:10.368][Info]: [GATT_SERVER]server_work_st:20->2

[00:04:10.369][BLE_TRANS]server_state: handle=00,02
 
[00:04:10.371][Info]: [GATT_COMM]ble_comm_set_config_name

[00:04:10.372][Info]: [GATT_COMM]ble name(19): WTYI_BT_TEST_B(BLE) 

[00:04:10.373][BLE_TRANS]trans_adv_data(28): 
02 01 06 03 03 30 AF 14 09 57 54 59 49 5F 42 54 
5F 54 45 53 54 5F 42 28 42 4C 45 29 
[00:04:10.375][BLE_TRANS]rsp_data(0): 
[00:04:10.376][Info]: [GATT_SERVER]__gatt_server_just_new_dev_adv

[00:04:10.377][Info]: [GATT_SERVER]new_dev_adv

[00:04:10.378][Info]: [GATT_SERVER]adv_en:1

[00:04:10.378][Info]: [GATT_SERVER]server_work_st:2->20

[00:04:10.379][BLE_TRANS]server_state: handle=00,20
 
[00:04:10.448][Info]: [SPP_AND_LE]app_key_evnet: 2,9

IPP
[00:04:10.598][Info]: [SPP_AND_LE]app_key_evnet: 2,9

IPPIPP
[00:04:11.578][Info]: [SPP_AND_LE]app_key_evnet: 1,9

[00:04:11.728][Info]: [SPP_AND_LE]app_key_evnet: 2,9

[00:04:11.878][Info]: [SPP_AND_LE]app_key_evnet: 2,9

IPP
[00:04:12.028][Info]: [SPP_AND_LE]app_key_evnet: 2,9

[00:04:12.178][Info]: [SPP_AND_LE]app_key_evnet: 2,9

[00:04:12.328][Info]: [SPP_AND_LE]app_key_evnet: 2,9

[00:04:12.478][Info]: [SPP_AND_LE]app_key_evnet: 2,9

IPP
[00:04:12.628][Info]: [SPP_AND_LE]app_key_evnet: 2,9

IPPIPP
[00:04:13.518][Info]: [SPP_AND_LE]app_key_evnet: 1,9

[00:04:13.668][Info]: [SPP_AND_LE]app_key_evnet: 2,9

[00:04:13.818][Info]: [SPP_AND_LE]app_key_evnet: 2,9

[00:04:13.968][Info]: [SPP_AND_LE]app_key_evnet: 2,9

IPP
[00:04:14.118][Info]: [SPP_AND_LE]app_key_evnet: 2,9

[00:04:14.268][Info]: [SPP_AND_LE]app_key_evnet: 2,9

[00:04:14.418][Info]: [SPP_AND_LE]app_key_evnet: 2,9

IPP
[00:04:14.568][Info]: [SPP_AND_LE]app_key_evnet: 2,9

[00:04:14.768][Info]: [SPP_AND_LE]app_key_evnet: 2,9

[00:04:14.918][Info]: [SPP_AND_LE]app_key_evnet: 2,9

IPP
[00:04:15.068][Info]: [SPP_AND_LE]app_key_evnet: 2,9

[00:04:15.218][Info]: [SPP_AND_LE]app_key_evnet: 2,9

[00:04:15.368][Info]: [SPP_AND_LE]app_key_evnet: 2,9

IPP
[00:04:15.518][Info]: [SPP_AND_LE]app_key_evnet: 2,9

[00:04:15.668][Info]: [SPP_AND_LE]app_key_evnet: 2,9

[00:04:15.818][Info]: [SPP_AND_LE]app_key_evnet: 2,9

[00:04:15.968][Info]: [SPP_AND_LE]app_key_evnet: 2,9

IPP
[00:04:16.118][Info]: [SPP_AND_LE]app_key_evnet: 2,9

[00:04:16.268][Info]: [SPP_AND_LE]app_key_evnet: 2,9

[00:04:16.418][Info]: [SPP_AND_LE]app_key_evnet: 2,9

IPP
[00:04:16.568][Info]: [SPP_AND_LE]app_key_evnet: 2,9

[00:04:16.718][Info]: [SPP_AND_LE]app_key_evnet: 2,9

[00:04:16.868][Info]: [SPP_AND_LE]app_key_evnet: 2,9

IPP
[00:04:17.018][Info]: [SPP_AND_LE]app_key_evnet: 2,9

[00:04:17.168][Info]: [SPP_AND_LE]app_key_evnet: 2,9

[00:04:17.368][Info]: [SPP_AND_LE]app_key_evnet: 2,9

IPP
[00:04:17.518][Info]: [SPP_AND_LE]app_key_evnet: 2,9

[00:04:17.668][Info]: [SPP_AND_LE]app_key_evnet: 2,9

[00:04:17.818][Info]: [SPP_AND_LE]app_key_evnet: 2,9

[00:04:17.968][Info]: [SPP_AND_LE]app_key_evnet: 2,9

IPP
[00:04:18.118][Info]: [SPP_AND_LE]app_key_evnet: 2,9

[00:04:18.268][Info]: [SPP_AND_LE]app_key_evnet: 2,9

[00:04:18.418][Info]: [SPP_AND_LE]app_key_evnet: 2,9

IPP
[00:04:18.568][Info]: [SPP_AND_LE]app_key_evnet: 2,9

[00:04:18.718][Info]: [SPP_AND_LE]app_key_evnet: 2,9

[00:04:18.868][Info]: [SPP_AND_LE]app_key_evnet: 2,9

IPP
[00:04:19.018][Info]: [SPP_AND_LE]app_key_evnet: 2,9

[00:04:19.168][Info]: [SPP_AND_LE]app_key_evnet: 2,9

IPPIPP
[00:04:20.108][Info]: [SPP_AND_LE]app_key_evnet: 1,9

[00:04:20.258][Info]: [SPP_AND_LE]app_key_evnet: 2,9

[00:04:20.366][BLE_TRANS]WTYI dynamic name switch to: WTYI_BT_TEST
 
[00:04:20.368][Info]: [GATT_SERVER]adv_en:0

[00:04:20.368][Info]: [GATT_SERVER]server_work_st:20->2

[00:04:20.369][BLE_TRANS]server_state: handle=00,02
 
[00:04:20.371][Info]: [GATT_COMM]ble_comm_set_config_name

[00:04:20.372][Info]: [GATT_COMM]ble name(17): WTYI_BT_TEST(BLE) 

[00:04:20.373][BLE_TRANS]trans_adv_data(26): 
02 01 06 03 03 30 AF 12 09 57 54 59 49 5F 42 54 
5F 54 45 53 54 28 42 4C 45 29 
[00:04:20.375][BLE_TRANS]rsp_data(0): 
[00:04:20.376][Info]: [GATT_SERVER]__gatt_server_just_new_dev_adv

[00:04:20.376][Info]: [GATT_SERVER]new_dev_adv

[00:04:20.378][Info]: [GATT_SERVER]adv_en:1

[00:04:20.378][Info]: [GATT_SERVER]server_work_st:2->20

[00:04:20.379][BLE_TRANS]server_state: handle=00,20
 
[00:04:20.408][Info]: [SPP_AND_LE]app_key_evnet: 2,9

IPP
[00:04:20.558][Info]: [SPP_AND_LE]app_key_evnet: 2,9

[00:04:20.708][Info]: [SPP_AND_LE]app_key_evnet: 2,9

[00:04:20.858][Info]: [SPP_AND_LE]app_key_evnet: 2,9

IP
[00:04:21.008][Info]: [SPP_AND_LE]app_key_evnet: 2,9

P
[00:04:21.158][Info]: [SPP_AND_LE]app_key_evnet: 2,9

IPPI
[00:04:21.988][Info]: [SPP_AND_LE]app_key_evnet: 1,9

PP
[00:04:22.138][Info]: [SPP_AND_LE]app_key_evnet: 2,9

[00:04:22.288][Info]: [SPP_AND_LE]app_key_evnet: 2,9

[00:04:22.438][Info]: [SPP_AND_LE]app_key_evnet: 2,9

IPP
[00:04:22.588][Info]: [SPP_AND_LE]app_key_evnet: 2,9

[00:04:22.738][Info]: [SPP_AND_LE]app_key_evnet: 2,9

[00:04:22.888][Info]: [SPP_AND_LE]app_key_evnet: 2,9

IPP
[00:04:23.038][Info]: [SPP_AND_LE]app_key_evnet: 2,9

[00:04:23.188][Info]: [SPP_AND_LE]app_key_evnet: 2,9

[00:04:23.338][Info]: [SPP_AND_LE]app_key_evnet: 2,9

I
[00:04:23.488][Info]: [SPP_AND_LE]app_key_evnet: 2,9

PP
[00:04:23.638][Info]: [SPP_AND_LE]app_key_evnet: 2,9

[00:04:23.788][Info]: [SPP_AND_LE]app_key_evnet: 2,9

[00:04:23.938][Info]: [SPP_AND_LE]app_key_evnet: 2,9

IPP
[00:04:24.088][Info]: [SPP_AND_LE]app_key_evnet: 2,9

[00:04:24.238][Info]: [SPP_AND_LE]app_key_evnet: 2,9

[00:04:24.388][Info]: [SPP_AND_LE]app_key_evnet: 2,9

IPP
[00:04:24.538][Info]: [SPP_AND_LE]app_key_evnet: 2,9

[00:04:24.688][Info]: [SPP_AND_LE]app_key_evnet: 2,9

[00:04:24.838][Info]: [SPP_AND_LE]app_key_evnet: 2,9

[00:04:24.988][Info]: [SPP_AND_LE]app_key_evnet: 2,9

IPP
[00:04:25.138][Info]: [SPP_AND_LE]app_key_evnet: 2,9

[00:04:25.288][Info]: [SPP_AND_LE]app_key_evnet: 2,9

[00:04:25.438][Info]: [SPP_AND_LE]app_key_evnet: 2,9

IPP
[00:04:25.588][Info]: [SPP_AND_LE]app_key_evnet: 2,9

IPPIPP
[00:04:26.528][Info]: [SPP_AND_LE]app_key_evnet: 1,9

[00:04:26.678][Info]: [SPP_AND_LE]app_key_evnet: 2,9

[00:04:26.828][Info]: [SPP_AND_LE]app_key_evnet: 2,9

[00:04:26.978][Info]: [SPP_AND_LE]app_key_evnet: 2,9

IPP
[00:04:27.128][Info]: [SPP_AND_LE]app_key_evnet: 2,9

[00:04:27.278][Info]: [SPP_AND_LE]app_key_evnet: 2,9

[00:04:27.428][Info]: [SPP_AND_LE]app_key_evnet: 2,9

IPP
[00:04:27.578][Info]: [SPP_AND_LE]app_key_evnet: 2,9

IPPIPP
[00:04:28.528][Info]: [SPP_AND_LE]app_key_evnet: 1,9

[00:04:28.678][Info]: [SPP_AND_LE]app_key_evnet: 2,9

[00:04:28.828][Info]: [SPP_AND_LE]app_key_evnet: 2,9

[00:04:28.978][Info]: [SPP_AND_LE]app_key_evnet: 2,9

IPP
[00:04:29.128][Info]: [SPP_AND_LE]app_key_evnet: 2,9

[00:04:29.278][Info]: [SPP_AND_LE]app_key_evnet: 2,9

[00:04:29.428][Info]: [SPP_AND_LE]app_key_evnet: 2,9

IPP
[00:04:29.578][Info]: [SPP_AND_LE]app_key_evnet: 2,9

[00:04:29.728][Info]: [SPP_AND_LE]app_key_evnet: 2,9

[00:04:29.878][Info]: [SPP_AND_LE]app_key_evnet: 2,9

IPP
[00:04:30.028][Info]: [SPP_AND_LE]app_key_evnet: 2,9

[00:04:30.178][Info]: [SPP_AND_LE]app_key_evnet: 2,9

[00:04:30.328][Info]: [SPP_AND_LE]app_key_evnet: 2,9

[00:04:30.366][BLE_TRANS]WTYI dynamic name switch to: WTYI_BT_TEST_B
 
[00:04:30.368][Info]: [GATT_SERVER]adv_en:0

[00:04:30.368][Info]: [GATT_SERVER]server_work_st:20->2

[00:04:30.369][BLE_TRANS]server_state: handle=00,02
 
[00:04:30.371][Info]: [GATT_COMM]ble_comm_set_config_name

[00:04:30.372][Info]: [GATT_COMM]ble name(19): WTYI_BT_TEST_B(BLE) 

[00:04:30.373][BLE_TRANS]trans_adv_data(28): 
02 01 06 03 03 30 AF 14 09 57 54 59 49 5F 42 54 
5F 54 45 53 54 5F 42 28 42 4C 45 29 
[00:04:30.375][BLE_TRANS]rsp_data(0): 
[00:04:30.376][Info]: [GATT_SERVER]__gatt_server_just_new_dev_adv

[00:04:30.377][Info]: [GATT_SERVER]new_dev_adv

[00:04:30.378][Info]: [GATT_SERVER]adv_en:1

[00:04:30.378][Info]: [GATT_SERVER]server_work_st:2->20

[00:04:30.379][BLE_TRANS]server_state: handle=00,20
 
[00:04:30.478][Info]: [SPP_AND_LE]app_key_evnet: 2,9

IPP
[00:04:30.628][Info]: [SPP_AND_LE]app_key_evnet: 2,9

[00:04:30.778][Info]: [SPP_AND_LE]app_key_evnet: 2,9

[00:04:30.928][Info]: [SPP_AND_LE]app_key_evnet: 2,9

IPP
[00:04:31.078][Info]: [SPP_AND_LE]app_key_evnet: 2,9

[00:04:31.228][Info]: [SPP_AND_LE]app_key_evnet: 2,9

[00:04:31.378][Info]: [SPP_AND_LE]app_key_evnet: 2,9

IPP
[00:04:31.528][Info]: [SPP_AND_LE]app_key_evnet: 2,9

[00:04:31.678][Info]: [SPP_AND_LE]app_key_evnet: 2,9

[00:04:31.828][Info]: [SPP_AND_LE]app_key_evnet: 2,9

[00:04:31.978][Info]: [SPP_AND_LE]app_key_evnet: 2,9

IPP
[00:04:32.128][Info]: [SPP_AND_LE]app_key_evnet: 2,9

[00:04:32.278][Info]: [SPP_AND_LE]app_key_evnet: 2,9

[00:04:32.428][Info]: [SPP_AND_LE]app_key_evnet: 2,9

IPP
[00:04:32.578][Info]: [SPP_AND_LE]app_key_evnet: 2,9

[00:04:32.728][Info]: [SPP_AND_LE]app_key_evnet: 2,9

[00:04:32.878][Info]: [SPP_AND_LE]app_key_evnet: 2,9

IPP
[00:04:33.028][Info]: [SPP_AND_LE]app_key_evnet: 2,9

[00:04:33.178][Info]: [SPP_AND_LE]app_key_evnet: 2,9

[00:04:33.328][Info]: [SPP_AND_LE]app_key_evnet: 2,9

[00:04:33.478][Info]: [SPP_AND_LE]app_key_evnet: 2,9

IPP
[00:04:33.628][Info]: [SPP_AND_LE]app_key_evnet: 2,9

[00:04:33.778][Info]: [SPP_AND_LE]app_key_evnet: 2,9

[00:04:33.928][Info]: [SPP_AND_LE]app_key_evnet: 2,9

IPP
[00:04:34.078][Info]: [SPP_AND_LE]app_key_evnet: 2,9

IPPIPP
[00:04:35.038][Info]: [SPP_AND_LE]app_key_evnet: 1,9

[00:04:35.188][Info]: [SPP_AND_LE]app_key_evnet: 2,9

[00:04:35.338][Info]: [SPP_AND_LE]app_key_evnet: 2,9

[00:04:35.488][Info]: [SPP_AND_LE]app_key_evnet: 2,9

IPP
[00:04:35.638][Info]: [SPP_AND_LE]app_key_evnet: 2,9

[00:04:35.788][Info]: [SPP_AND_LE]app_key_evnet: 2,9

[00:04:35.938][Info]: [SPP_AND_LE]app_key_evnet: 2,9

IPP
[00:04:36.088][Info]: [SPP_AND_LE]app_key_evnet: 2,9

[00:04:36.288][Info]: [SPP_AND_LE]app_key_evnet: 2,9

[00:04:36.438][Info]: [SPP_AND_LE]app_key_evnet: 2,9

IPP
[00:04:36.588][Info]: [SPP_AND_LE]app_key_evnet: 2,9

[00:04:36.738][Info]: [SPP_AND_LE]app_key_evnet: 2,9

[00:04:36.888][Info]: [SPP_AND_LE]app_key_evnet: 2,9

IPP
[00:04:37.038][Info]: [SPP_AND_LE]app_key_evnet: 2,9

[00:04:37.188][Info]: [SPP_AND_LE]app_key_evnet: 2,9

[00:04:37.338][Info]: [SPP_AND_LE]app_key_evnet: 2,9

[00:04:37.488][Info]: [SPP_AND_LE]app_key_evnet: 2,9

IPP
[00:04:37.638][Info]: [SPP_AND_LE]app_key_evnet: 2,9

[00:04:37.788][Info]: [SPP_AND_LE]app_key_evnet: 2,9

[00:04:37.938][Info]: [SPP_AND_LE]app_key_evnet: 2,9

IPP
[00:04:38.088][Info]: [SPP_AND_LE]app_key_evnet: 2,9

[00:04:38.238][Info]: [SPP_AND_LE]app_key_evnet: 2,9

[00:04:38.388][Info]: [SPP_AND_LE]app_key_evnet: 2,9

IPP
[00:04:38.538][Info]: [SPP_AND_LE]app_key_evnet: 2,9

[00:04:38.688][Info]: [SPP_AND_LE]app_key_evnet: 2,9

[00:04:38.838][Info]: [SPP_AND_LE]app_key_evnet: 2,9

[00:04:38.988][Info]: [SPP_AND_LE]app_key_evnet: 2,9

IPP
[00:04:39.138][Info]: [SPP_AND_LE]app_key_evnet: 2,9

[00:04:39.288][Info]: [SPP_AND_LE]app_key_evnet: 2,9

[00:04:39.438][Info]: [SPP_AND_LE]app_key_evnet: 2,9

IPP
[00:04:39.588][Info]: [SPP_AND_LE]app_key_evnet: 2,9

[00:04:39.738][Info]: [SPP_AND_LE]app_key_evnet: 2,9

[00:04:39.888][Info]: [SPP_AND_LE]app_key_evnet: 2,9

IPP
[00:04:40.038][Info]: [SPP_AND_LE]app_key_evnet: 2,9

[00:04:40.188][Info]: [SPP_AND_LE]app_key_evnet: 2,9

[00:04:40.338][Info]: [SPP_AND_LE]app_key_evnet: 2,9

[00:04:40.366][BLE_TRANS]WTYI dynamic name switch to: WTYI_BT_TEST
 
[00:04:40.367][Info]: [GATT_SERVER]adv_en:0

[00:04:40.368][Info]: [GATT_SERVER]server_work_st:20->2

[00:04:40.369][BLE_TRANS]server_state: handle=00,02
 
[00:04:40.371][Info]: [GATT_COMM]ble_comm_set_config_name

[00:04:40.372][Info]: [GATT_COMM]ble name(17): WTYI_BT_TEST(BLE) 

[00:04:40.373][BLE_TRANS]trans_adv_data(26): 
02 01 06 03 03 30 AF 12 09 57 54 59 49 5F 42 54 
5F 54 45 53 54 28 42 4C 45 29 
[00:04:40.375][BLE_TRANS]rsp_data(0): 
[00:04:40.376][Info]: [GATT_SERVER]__gatt_server_just_new_dev_adv

[00:04:40.376][Info]: [GATT_SERVER]new_dev_adv

[00:04:40.378][Info]: [GATT_SERVER]adv_en:1

[00:04:40.378][Info]: [GATT_SERVER]server_work_st:2->20

[00:04:40.379][BLE_TRANS]server_state: handle=00,20
 
[00:04:40.488][Info]: [SPP_AND_LE]app_key_evnet: 2,9

IPP
[00:04:40.638][Info]: [SPP_AND_LE]app_key_evnet: 2,9

IPPIP
[00:04:41.518][Info]: [SPP_AND_LE]app_key_evnet: 1,9

P
[00:04:41.668][Info]: [SPP_AND_LE]app_key_evnet: 2,9

[00:04:41.818][Info]: [SPP_AND_LE]app_key_evnet: 2,9

[00:04:41.968][Info]: [SPP_AND_LE]app_key_evnet: 2,9

IPP
[00:04:42.118][Info]: [SPP_AND_LE]app_key_evnet: 2,9

[00:04:42.268][Info]: [SPP_AND_LE]app_key_evnet: 2,9

[00:04:42.418][Info]: [SPP_AND_LE]app_key_evnet: 2,9

IPP
[00:04:42.568][Info]: [SPP_AND_LE]app_key_evnet: 2,9

IPPI
[00:04:43.498][Info]: [SPP_AND_LE]app_key_evnet: 1,9

PP
[00:04:43.648][Info]: [SPP_AND_LE]app_key_evnet: 2,9

[00:04:43.798][Info]: [SPP_AND_LE]app_key_evnet: 2,9

[00:04:43.948][Info]: [SPP_AND_LE]app_key_evnet: 2,9

IPP
[00:04:44.098][Info]: [SPP_AND_LE]app_key_evnet: 2,9

[00:04:44.248][Info]: [SPP_AND_LE]app_key_evnet: 2,9

[00:04:44.398][Info]: [SPP_AND_LE]app_key_evnet: 2,9

IPP
[00:04:44.548][Info]: [SPP_AND_LE]app_key_evnet: 2,9

[00:04:44.698][Info]: [SPP_AND_LE]app_key_evnet: 2,9

[00:04:44.848][Info]: [SPP_AND_LE]app_key_evnet: 2,9

I
[00:04:44.998][Info]: [SPP_AND_LE]app_key_evnet: 2,9

PPP
[00:04:45.148][Info]: [SPP_AND_LE]app_key_evnet: 2,9

[00:04:45.298][Info]: [SPP_AND_LE]app_key_evnet: 2,9

[00:04:45.448][Info]: [SPP_AND_LE]app_key_evnet: 2,9

IPP
[00:04:45.598][Info]: [SPP_AND_LE]app_key_evnet: 2,9

[00:04:45.748][Info]: [SPP_AND_LE]app_key_evnet: 2,9

[00:04:45.898][Info]: [SPP_AND_LE]app_key_evnet: 2,9

IPP
[00:04:46.048][Info]: [SPP_AND_LE]app_key_evnet: 2,9

[00:04:46.198][Info]: [SPP_AND_LE]app_key_evnet: 2,9

[00:04:46.348][Info]: [SPP_AND_LE]app_key_evnet: 2,9

[00:04:46.498][Info]: [SPP_AND_LE]app_key_evnet: 2,9

IPP
[00:04:46.648][Info]: [SPP_AND_LE]app_key_evnet: 2,9

[00:04:46.798][Info]: [SPP_AND_LE]app_key_evnet: 2,9

[00:04:46.948][Info]: [SPP_AND_LE]app_key_evnet: 2,9

IPP
[00:04:47.098][Info]: [SPP_AND_LE]app_key_evnet: 2,9

IPPI
[00:04:48.008][Info]: [SPP_AND_LE]app_key_evnet: 1,9

PP
[00:04:48.158][Info]: [SPP_AND_LE]app_key_evnet: 2,9

[00:04:48.308][Info]: [SPP_AND_LE]app_key_evnet: 2,9

[00:04:48.458][Info]: [SPP_AND_LE]app_key_evnet: 2,9

IPP
[00:04:48.608][Info]: [SPP_AND_LE]app_key_evnet: 2,9

[00:04:48.758][Info]: [SPP_AND_LE]app_key_evnet: 2,9

[00:04:48.908][Info]: [SPP_AND_LE]app_key_evnet: 2,9

IPP
[00:04:49.058][Info]: [SPP_AND_LE]app_key_evnet: 2,9

[00:04:49.258][Info]: [SPP_AND_LE]app_key_evnet: 2,9

[00:04:49.408][Info]: [SPP_AND_LE]app_key_evnet: 2,9

IPP
[00:04:49.558][Info]: [SPP_AND_LE]app_key_evnet: 2,9

[00:04:49.708][Info]: [SPP_AND_LE]app_key_evnet: 2,9

[00:04:49.858][Info]: [SPP_AND_LE]app_key_evnet: 2,9

I
[00:04:50.008][Info]: [SPP_AND_LE]app_key_evnet: 2,9

PP
[00:04:50.158][Info]: [SPP_AND_LE]app_key_evnet: 2,9

[00:04:50.308][Info]: [SPP_AND_LE]app_key_evnet: 2,9

[00:04:50.366][BLE_TRANS]WTYI dynamic name switch to: WTYI_BT_TEST_B
 
[00:04:50.368][Info]: [GATT_SERVER]adv_en:0

[00:04:50.368][Info]: [GATT_SERVER]server_work_st:20->2

[00:04:50.369][BLE_TRANS]server_state: handle=00,02
 
[00:04:50.371][Info]: [GATT_COMM]ble_comm_set_config_name

[00:04:50.372][Info]: [GATT_COMM]ble name(19): WTYI_BT_TEST_B(BLE) 

[00:04:50.373][BLE_TRANS]trans_adv_data(28): 
02 01 06 03 03 30 AF 14 09 57 54 59 49 5F 42 54 
5F 54 45 53 54 5F 42 28 42 4C 45 29 
[00:04:50.375][BLE_TRANS]rsp_data(0): 
[00:04:50.376][Info]: [GATT_SERVER]__gatt_server_just_new_dev_adv

[00:04:50.377][Info]: [GATT_SERVER]new_dev_adv

[00:04:50.378][Info]: [GATT_SERVER]adv_en:1

[00:04:50.378][Info]: [GATT_SERVER]server_work_st:2->20

[00:04:50.379][BLE_TRANS]server_state: handle=00,20
 
[00:04:50.458][Info]: [SPP_AND_LE]app_key_evnet: 2,9

IPP
[00:04:50.608][Info]: [SPP_AND_LE]app_key_evnet: 2,9

[00:04:50.758][Info]: [SPP_AND_LE]app_key_evnet: 2,9

[00:04:50.908][Info]: [SPP_AND_LE]app_key_evnet: 2,9

IPP
[00:04:51.058][Info]: [SPP_AND_LE]app_key_evnet: 2,9

[00:04:51.208][Info]: [SPP_AND_LE]app_key_evnet: 2,9

[00:04:51.358][Info]: [SPP_AND_LE]app_key_evnet: 2,9

I
[00:04:51.508][Info]: [SPP_AND_LE]app_key_evnet: 2,9

PP
[00:04:51.658][Info]: [SPP_AND_LE]app_key_evnet: 2,9

[00:04:51.808][Info]: [SPP_AND_LE]app_key_evnet: 2,9

[00:04:51.958][Info]: [SPP_AND_LE]app_key_evnet: 2,9

IPP
[00:04:52.108][Info]: [SPP_AND_LE]app_key_evnet: 2,9

[00:04:52.258][Info]: [SPP_AND_LE]app_key_evnet: 2,9

[00:04:52.408][Info]: [SPP_AND_LE]app_key_evnet: 2,9

IPP
[00:04:52.558][Info]: [SPP_AND_LE]app_key_evnet: 2,9

[00:04:52.708][Info]: [SPP_AND_LE]app_key_evnet: 2,9

[00:04:52.858][Info]: [SPP_AND_LE]app_key_evnet: 2,9

I
[00:04:53.008][Info]: [SPP_AND_LE]app_key_evnet: 2,9

PP
[00:04:53.158][Info]: [SPP_AND_LE]app_key_evnet: 2,9

[00:04:53.308][Info]: [SPP_AND_LE]app_key_evnet: 2,9

[00:04:53.458][Info]: [SPP_AND_LE]app_key_evnet: 2,9

IPP
[00:04:53.608][Info]: [SPP_AND_LE]app_key_evnet: 2,9

IPPIP
[00:04:54.528][Info]: [SPP_AND_LE]app_key_evnet: 1,9

P
[00:04:54.678][Info]: [SPP_AND_LE]app_key_evnet: 2,9

[00:04:54.828][Info]: [SPP_AND_LE]app_key_evnet: 2,9

[00:04:54.978][Info]: [SPP_AND_LE]app_key_evnet: 2,9

IPP
[00:04:55.128][Info]: [SPP_AND_LE]app_key_evnet: 2,9

[00:04:55.278][Info]: [SPP_AND_LE]app_key_evnet: 2,9

[00:04:55.428][Info]: [SPP_AND_LE]app_key_evnet: 2,9

IPP
[00:04:55.578][Info]: [SPP_AND_LE]app_key_evnet: 2,9

[00:04:55.778][Info]: [SPP_AND_LE]app_key_evnet: 2,9

[00:04:55.928][Info]: [SPP_AND_LE]app_key_evnet: 2,9

IPP
[00:04:56.078][Info]: [SPP_AND_LE]app_key_evnet: 2,9

[00:04:56.228][Info]: [SPP_AND_LE]app_key_evnet: 2,9

[00:04:56.378][Info]: [SPP_AND_LE]app_key_evnet: 2,9

IP
[00:04:56.528][Info]: [SPP_AND_LE]app_key_evnet: 2,9

P
[00:04:56.678][Info]: [SPP_AND_LE]app_key_evnet: 2,9

[00:04:56.828][Info]: [SPP_AND_LE]app_key_evnet: 2,9

[00:04:56.978][Info]: [SPP_AND_LE]app_key_evnet: 2,9

IPP
[00:04:57.128][Info]: [SPP_AND_LE]app_key_evnet: 2,9

[00:04:57.278][Info]: [SPP_AND_LE]app_key_evnet: 2,9

[00:04:57.428][Info]: [SPP_AND_LE]app_key_evnet: 2,9

IPP
[00:04:57.578][Info]: [SPP_AND_LE]app_key_evnet: 2,9

[00:04:57.728][Info]: [SPP_AND_LE]app_key_evnet: 2,9

[00:04:57.878][Info]: [SPP_AND_LE]app_key_evnet: 2,9

IP
[00:04:58.028][Info]: [SPP_AND_LE]app_key_evnet: 2,9

P
[00:04:58.178][Info]: [SPP_AND_LE]app_key_evnet: 2,9

IPPIPPIPPIPP
[00:05:00.058][Info]: [SPP_AND_LE]app_key_evnet: 4,9

[00:05:00.366][BLE_TRANS]WTYI dynamic name switch to: WTYI_BT_TEST
 
[00:05:00.368][Info]: [GATT_SERVER]adv_en:0

[00:05:00.368][Info]: [GATT_SERVER]server_work_st:20->2

[00:05:00.369][BLE_TRANS]server_state: handle=00,02
 
[00:05:00.371][Info]: [GATT_COMM]ble_comm_set_config_name

[00:05:00.372][Info]: [GATT_COMM]ble name(17): WTYI_BT_TEST(BLE) 

[00:05:00.373][BLE_TRANS]trans_adv_data(26): 
02 01 06 03 03 30 AF 12 09 57 54 59 49 5F 42 54 
5F 54 45 53 54 28 42 4C 45 29 
[00:05:00.375][BLE_TRANS]rsp_data(0): 
[00:05:00.376][Info]: [GATT_SERVER]__gatt_server_just_new_dev_adv

[00:05:00.376][Info]: [GATT_SERVER]new_dev_adv

[00:05:00.378][Info]: [GATT_SERVER]adv_en:1

[00:05:00.378][Info]: [GATT_SERVER]server_work_st:2->20

[00:05:00.379][BLE_TRANS]server_state: handle=00,20
 IPPIPPIPP
[00:05:01.638][Info]: [SPP_AND_LE]app_key_evnet: 0,9

IPPIPPIPPIPPIPPIPPIPPIPPIPP
[00:05:06.398][Info]: [SPP_AND_LE]app_key_evnet: 5,9

IPPIPPIPPIPPIPPIPPIPPIPP
[00:05:10.366][BLE_TRANS]WTYI dynamic name switch to: WTYI_BT_TEST_B
 
[00:05:10.368][Info]: [GATT_SERVER]adv_en:0

[00:05:10.368][Info]: [GATT_SERVER]server_work_st:20->2

[00:05:10.369][BLE_TRANS]server_state: handle=00,02
 
[00:05:10.371][Info]: [GATT_COMM]ble_comm_set_config_name

[00:05:10.372][Info]: [GATT_COMM]ble name(19): WTYI_BT_TEST_B(BLE) 

[00:05:10.373][BLE_TRANS]trans_adv_data(28): 
02 01 06 03 03 30 AF 14 09 57 54 59 49 5F 42 54 
5F 54 45 53 54 5F 42 28 42 4C 45 29 
[00:05:10.375][BLE_TRANS]rsp_data(0): 
[00:05:10.376][Info]: [GATT_SERVER]__gatt_server_just_new_dev_adv

[00:05:10.377][Info]: [GATT_SERVER]new_dev_adv

[00:05:10.378][Info]: [GATT_SERVER]adv_en:1

[00:05:10.379][Info]: [GATT_SERVER]server_work_st:2->20

[00:05:10.379][BLE_TRANS]server_state: handle=00,20
 IPP
[00:05:10.578][Info]: [SPP_AND_LE]app_key_evnet: 0,5

IPPIPPIPP
[00:05:12.508][Info]: [SPP_AND_LE]app_key_evnet: 1,9

IPP
[00:05:12.658][Info]: [SPP_AND_LE]app_key_evnet: 2,9

[00:05:12.808][Info]: [SPP_AND_LE]app_key_evnet: 2,9

[00:05:12.958][Info]: [SPP_AND_LE]app_key_evnet: 2,9

IPP
[00:05:13.108][Info]: [SPP_AND_LE]app_key_evnet: 2,9

[00:05:13.258][Info]: [SPP_AND_LE]app_key_evnet: 2,9

[00:05:13.408][Info]: [SPP_AND_LE]app_key_evnet: 2,9

IPP
[00:05:13.558][Info]: [SPP_AND_LE]app_key_evnet: 2,9

[00:05:13.708][Info]: [SPP_AND_LE]app_key_evnet: 2,9

[00:05:13.858][Info]: [SPP_AND_LE]app_key_evnet: 2,9

[00:05:14.008][Info]: [SPP_AND_LE]app_key_evnet: 2,9

IPP
[00:05:14.158][Info]: [SPP_AND_LE]app_key_evnet: 2,9

[00:05:14.308][Info]: [SPP_AND_LE]app_key_evnet: 2,9

[00:05:14.458][Info]: [SPP_AND_LE]app_key_evnet: 2,9

IPP
[00:05:14.608][Info]: [SPP_AND_LE]app_key_evnet: 2,9

[00:05:14.758][Info]: [SPP_AND_LE]app_key_evnet: 2,9

[00:05:14.908][Info]: [SPP_AND_LE]app_key_evnet: 2,9

IPP
[00:05:15.058][Info]: [SPP_AND_LE]app_key_evnet: 2,9

[00:05:15.208][Info]: [SPP_AND_LE]app_key_evnet: 2,9

[00:05:15.358][Info]: [SPP_AND_LE]app_key_evnet: 2,9

[00:05:15.508][Info]: [SPP_AND_LE]app_key_evnet: 2,9

IPP
[00:05:15.658][Info]: [SPP_AND_LE]app_key_evnet: 2,9

[00:05:15.808][Info]: [SPP_AND_LE]app_key_evnet: 2,9

[00:05:15.958][Info]: [SPP_AND_LE]app_key_evnet: 2,9

IPP
[00:05:16.108][Info]: [SPP_AND_LE]app_key_evnet: 2,9

[00:05:16.258][Info]: [SPP_AND_LE]app_key_evnet: 2,9

[00:05:16.408][Info]: [SPP_AND_LE]app_key_evnet: 2,9

IPP
[00:05:16.558][Info]: [SPP_AND_LE]app_key_evnet: 2,9

[00:05:16.708][Info]: [SPP_AND_LE]app_key_evnet: 2,9

[00:05:16.858][Info]: [SPP_AND_LE]app_key_evnet: 2,9

[00:05:17.008][Info]: [SPP_AND_LE]app_key_evnet: 2,9

IPP
[00:05:17.158][Info]: [SPP_AND_LE]app_key_evnet: 2,9

[00:05:17.308][Info]: [SPP_AND_LE]app_key_evnet: 2,9

[00:05:17.458][Info]: [SPP_AND_LE]app_key_evnet: 2,9

IPP
[00:05:17.608][Info]: [SPP_AND_LE]app_key_evnet: 2,9

[00:05:17.758][Info]: [SPP_AND_LE]app_key_evnet: 2,9

[00:05:17.908][Info]: [SPP_AND_LE]app_key_evnet: 2,9

IPP
[00:05:18.058][Info]: [SPP_AND_LE]app_key_evnet: 2,9

[00:05:18.208][Info]: [SPP_AND_LE]app_key_evnet: 2,9

[00:05:18.358][Info]: [SPP_AND_LE]app_key_evnet: 2,9

[00:05:18.508][Info]: [SPP_AND_LE]app_key_evnet: 2,9

IPP
[00:05:18.658][Info]: [SPP_AND_LE]app_key_evnet: 2,9

[00:05:18.808][Info]: [SPP_AND_LE]app_key_evnet: 2,9

[00:05:18.958][Info]: [SPP_AND_LE]app_key_evnet: 2,9

IPP
[00:05:19.108][Info]: [SPP_AND_LE]app_key_evnet: 2,9

[00:05:19.258][Info]: [SPP_AND_LE]app_key_evnet: 2,9

[00:05:19.408][Info]: [SPP_AND_LE]app_key_evnet: 2,9

IPP
[00:05:19.558][Info]: [SPP_AND_LE]app_key_evnet: 2,9

[00:05:19.708][Info]: [SPP_AND_LE]app_key_evnet: 2,9

[00:05:19.858][Info]: [SPP_AND_LE]app_key_evnet: 2,9

[00:05:20.008][Info]: [SPP_AND_LE]app_key_evnet: 2,9

IPP
[00:05:20.158][Info]: [SPP_AND_LE]app_key_evnet: 2,9

[00:05:20.308][Info]: [SPP_AND_LE]app_key_evnet: 2,9

[00:05:20.366][BLE_TRANS]WTYI dynamic name switch to: WTYI_BT_TEST
 
[00:05:20.368][Info]: [GATT_SERVER]adv_en:0

[00:05:20.368][Info]: [GATT_SERVER]server_work_st:20->2

[00:05:20.369][BLE_TRANS]server_state: handle=00,02
 
[00:05:20.371][Info]: [GATT_COMM]ble_comm_set_config_name

[00:05:20.372][Info]: [GATT_COMM]ble name(17): WTYI_BT_TEST(BLE) 

[00:05:20.373][BLE_TRANS]trans_adv_data(26): 
02 01 06 03 03 30 AF 12 09 57 54 59 49 5F 42 54 
5F 54 45 53 54 28 42 4C 45 29 
[00:05:20.375][BLE_TRANS]rsp_data(0): 
[00:05:20.376][Info]: [GATT_SERVER]__gatt_server_just_new_dev_adv

[00:05:20.376][Info]: [GATT_SERVER]new_dev_adv

[00:05:20.378][Info]: [GATT_SERVER]adv_en:1

[00:05:20.378][Info]: [GATT_SERVER]server_work_st:2->20

[00:05:20.379][BLE_TRANS]server_state: handle=00,20
 
[00:05:20.458][Info]: [SPP_AND_LE]app_key_evnet: 2,9

IPP
[00:05:20.608][Info]: [SPP_AND_LE]app_key_evnet: 2,9

[00:05:20.758][Info]: [SPP_AND_LE]app_key_evnet: 2,9

[00:05:20.908][Info]: [SPP_AND_LE]app_key_evnet: 2,9

IPP
[00:05:21.058][Info]: [SPP_AND_LE]app_key_evnet: 2,9

[00:05:21.208][Info]: [SPP_AND_LE]app_key_evnet: 2,9

[00:05:21.358][Info]: [SPP_AND_LE]app_key_evnet: 2,9

[00:05:21.508][Info]: [SPP_AND_LE]app_key_evnet: 2,9

IPP
[00:05:21.658][Info]: [SPP_AND_LE]app_key_evnet: 2,9

[00:05:21.808][Info]: [SPP_AND_LE]app_key_evnet: 2,9

[00:05:21.958][Info]: [SPP_AND_LE]app_key_evnet: 2,9

IPP
[00:05:22.108][Info]: [SPP_AND_LE]app_key_evnet: 2,9

[00:05:22.258][Info]: [SPP_AND_LE]app_key_evnet: 2,9

[00:05:22.408][Info]: [SPP_AND_LE]app_key_evnet: 2,9

IPP
[00:05:22.558][Info]: [SPP_AND_LE]app_key_evnet: 2,9

[00:05:22.708][Info]: [SPP_AND_LE]app_key_evnet: 2,9

[00:05:22.858][Info]: [SPP_AND_LE]app_key_evnet: 2,9

[00:05:23.008][Info]: [SPP_AND_LE]app_key_evnet: 2,9

IPP
[00:05:23.158][Info]: [SPP_AND_LE]app_key_evnet: 2,9

[00:05:23.308][Info]: [SPP_AND_LE]app_key_evnet: 2,9

[00:05:23.458][Info]: [SPP_AND_LE]app_key_evnet: 2,9

IPP
[00:05:23.608][Info]: [SPP_AND_LE]app_key_evnet: 2,9

[00:05:23.758][Info]: [SPP_AND_LE]app_key_evnet: 2,9

[00:05:23.908][Info]: [SPP_AND_LE]app_key_evnet: 2,9

IPP
[00:05:24.058][Info]: [SPP_AND_LE]app_key_evnet: 2,9

[00:05:24.208][Info]: [SPP_AND_LE]app_key_evnet: 2,9

[00:05:24.358][Info]: [SPP_AND_LE]app_key_evnet: 2,9

[00:05:24.508][Info]: [SPP_AND_LE]app_key_evnet: 2,9

IPP
[00:05:24.658][Info]: [SPP_AND_LE]app_key_evnet: 2,9

[00:05:24.808][Info]: [SPP_AND_LE]app_key_evnet: 2,9

[00:05:24.958][Info]: [SPP_AND_LE]app_key_evnet: 2,9

IPP
[00:05:25.108][Info]: [SPP_AND_LE]app_key_evnet: 2,9

[00:05:25.258][Info]: [SPP_AND_LE]app_key_evnet: 2,9

[00:05:25.408][Info]: [SPP_AND_LE]app_key_evnet: 2,9

IPP
[00:05:25.558][Info]: [SPP_AND_LE]app_key_evnet: 2,9

[00:05:25.708][Info]: [SPP_AND_LE]app_key_evnet: 2,9

[00:05:25.858][Info]: [SPP_AND_LE]app_key_evnet: 2,9

[00:05:26.008][Info]: [SPP_AND_LE]app_key_evnet: 2,9

IPP
[00:05:26.158][Info]: [SPP_AND_LE]app_key_evnet: 2,9

[00:05:26.308][Info]: [SPP_AND_LE]app_key_evnet: 2,9

[00:05:26.458][Info]: [SPP_AND_LE]app_key_evnet: 2,9

IPP
[00:05:26.608][Info]: [SPP_AND_LE]app_key_evnet: 2,9

[00:05:26.758][Info]: [SPP_AND_LE]app_key_evnet: 2,9

[00:05:26.908][Info]: [SPP_AND_LE]app_key_evnet: 2,9

IPP
[00:05:27.058][Info]: [SPP_AND_LE]app_key_evnet: 2,9

[00:05:27.208][Info]: [SPP_AND_LE]app_key_evnet: 2,9

[00:05:27.358][Info]: [SPP_AND_LE]app_key_evnet: 2,9

[00:05:27.508][Info]: [SPP_AND_LE]app_key_evnet: 2,9

IPP
[00:05:27.658][Info]: [SPP_AND_LE]app_key_evnet: 2,9

[00:05:27.808][Info]: [SPP_AND_LE]app_key_evnet: 2,9

[00:05:27.958][Info]: [SPP_AND_LE]app_key_evnet: 2,9

IPP
[00:05:28.108][Info]: [SPP_AND_LE]app_key_evnet: 2,9

[00:05:28.258][Info]: [SPP_AND_LE]app_key_evnet: 2,9

[00:05:28.408][Info]: [SPP_AND_LE]app_key_evnet: 2,9

IPP
[00:05:28.558][Info]: [SPP_AND_LE]app_key_evnet: 2,9

[00:05:28.708][Info]: [SPP_AND_LE]app_key_evnet: 2,9

[00:05:28.858][Info]: [SPP_AND_LE]app_key_evnet: 2,9

[00:05:29.008][Info]: [SPP_AND_LE]app_key_evnet: 2,9

IPP
[00:05:29.158][Info]: [SPP_AND_LE]app_key_evnet: 2,9

[00:05:29.308][Info]: [SPP_AND_LE]app_key_evnet: 2,9

[00:05:29.458][Info]: [SPP_AND_LE]app_key_evnet: 2,9

IPP
[00:05:29.608][Info]: [SPP_AND_LE]app_key_evnet: 2,9

[00:05:29.758][Info]: [SPP_AND_LE]app_key_evnet: 2,9

[00:05:29.908][Info]: [SPP_AND_LE]app_key_evnet: 2,9

IPP
[00:05:30.058][Info]: [SPP_AND_LE]app_key_evnet: 2,9

[00:05:30.208][Info]: [SPP_AND_LE]app_key_evnet: 2,9

[00:05:30.357][Info]: [SPP_AND_LE]app_key_evnet: 2,9

[00:05:30.366][BLE_TRANS]WTYI dynamic name switch to: WTYI_BT_TEST_B
 
[00:05:30.368][Info]: [GATT_SERVER]adv_en:0

[00:05:30.368][Info]: [GATT_SERVER]server_work_st:20->2

[00:05:30.369][BLE_TRANS]server_state: handle=00,02
 
[00:05:30.371][Info]: [GATT_COMM]ble_comm_set_config_name

[00:05:30.372][Info]: [GATT_COMM]ble name(19): WTYI_BT_TEST_B(BLE) 

[00:05:30.373][BLE_TRANS]trans_adv_data(28): 
02 01 06 03 03 30 AF 14 09 57 54 59 49 5F 42 54 
5F 54 45 53 54 5F 42 28 42 4C 45 29 
[00:05:30.375][BLE_TRANS]rsp_data(0): 
[00:05:30.376][Info]: [GATT_SERVER]__gatt_server_just_new_dev_adv

[00:05:30.377][Info]: [GATT_SERVER]new_dev_adv

[00:05:30.378][Info]: [GATT_SERVER]adv_en:1

[00:05:30.378][Info]: [GATT_SERVER]server_work_st:2->20

[00:05:30.379][BLE_TRANS]server_state: handle=00,20
 
[00:05:30.508][Info]: [SPP_AND_LE]app_key_evnet: 2,9

IPP
[00:05:30.658][Info]: [SPP_AND_LE]app_key_evnet: 2,9

[00:05:30.808][Info]: [SPP_AND_LE]app_key_evnet: 2,9

[00:05:30.958][Info]: [SPP_AND_LE]app_key_evnet: 2,9

IPP
[00:05:31.108][Info]: [SPP_AND_LE]app_key_evnet: 2,9

[00:05:31.258][Info]: [SPP_AND_LE]app_key_evnet: 2,9

[00:05:31.408][Info]: [SPP_AND_LE]app_key_evnet: 2,9

IPP
[00:05:31.558][Info]: [SPP_AND_LE]app_key_evnet: 2,9

[00:05:31.708][Info]: [SPP_AND_LE]app_key_evnet: 2,9

[00:05:31.858][Info]: [SPP_AND_LE]app_key_evnet: 2,9

[00:05:32.008][Info]: [SPP_AND_LE]app_key_evnet: 2,9

IPP
[00:05:32.158][Info]: [SPP_AND_LE]app_key_evnet: 2,9

[00:05:32.308][Info]: [SPP_AND_LE]app_key_evnet: 2,9

[00:05:32.458][Info]: [SPP_AND_LE]app_key_evnet: 2,9

IPP
[00:05:32.608][Info]: [SPP_AND_LE]app_key_evnet: 2,9

[00:05:32.758][Info]: [SPP_AND_LE]app_key_evnet: 2,9

[00:05:32.908][Info]: [SPP_AND_LE]app_key_evnet: 2,9

IPP
[00:05:33.058][Info]: [SPP_AND_LE]app_key_evnet: 2,9

[00:05:33.208][Info]: [SPP_AND_LE]app_key_evnet: 2,9

[00:05:33.358][Info]: [SPP_AND_LE]app_key_evnet: 2,9

[00:05:33.508][Info]: [SPP_AND_LE]app_key_evnet: 2,9

IPP
[00:05:33.658][Info]: [SPP_AND_LE]app_key_evnet: 2,9

[00:05:33.808][Info]: [SPP_AND_LE]app_key_evnet: 2,9

[00:05:33.958][Info]: [SPP_AND_LE]app_key_evnet: 2,9

IPP
[00:05:34.108][Info]: [SPP_AND_LE]app_key_evnet: 2,9

[00:05:34.258][Info]: [SPP_AND_LE]app_key_evnet: 2,9

[00:05:34.408][Info]: [SPP_AND_LE]app_key_evnet: 2,9

IPP
[00:05:34.558][Info]: [SPP_AND_LE]app_key_evnet: 2,9

[00:05:34.708][Info]: [SPP_AND_LE]app_key_evnet: 2,9

[00:05:34.858][Info]: [SPP_AND_LE]app_key_evnet: 2,9

[00:05:35.008][Info]: [SPP_AND_LE]app_key_evnet: 2,9

IPP
[00:05:35.158][Info]: [SPP_AND_LE]app_key_evnet: 2,9

[00:05:35.308][Info]: [SPP_AND_LE]app_key_evnet: 2,9

[00:05:35.458][Info]: [SPP_AND_LE]app_key_evnet: 2,9

IPP
[00:05:35.608][Info]: [SPP_AND_LE]app_key_evnet: 2,9

[00:05:35.758][Info]: [SPP_AND_LE]app_key_evnet: 2,9

[00:05:35.908][Info]: [SPP_AND_LE]app_key_evnet: 2,9

IPP
[00:05:36.058][Info]: [SPP_AND_LE]app_key_evnet: 2,9

[00:05:36.208][Info]: [SPP_AND_LE]app_key_evnet: 2,9

[00:05:36.358][Info]: [SPP_AND_LE]app_key_evnet: 2,9

[00:05:36.508][Info]: [SPP_AND_LE]app_key_evnet: 2,9

IPP
[00:05:36.658][Info]: [SPP_AND_LE]app_key_evnet: 2,9

[00:05:36.808][Info]: [SPP_AND_LE]app_key_evnet: 2,9

[00:05:36.958][Info]: [SPP_AND_LE]app_key_evnet: 2,9

IPP
[00:05:37.108][Info]: [SPP_AND_LE]app_key_evnet: 2,9

[00:05:37.258][Info]: [SPP_AND_LE]app_key_evnet: 2,9

[00:05:37.408][Info]: [SPP_AND_LE]app_key_evnet: 2,9

IPP
[00:05:37.558][Info]: [SPP_AND_LE]app_key_evnet: 2,9

[00:05:37.708][Info]: [SPP_AND_LE]app_key_evnet: 2,9

[00:05:37.858][Info]: [SPP_AND_LE]app_key_evnet: 2,9

[00:05:38.008][Info]: [SPP_AND_LE]app_key_evnet: 2,9

IPP
[00:05:38.158][Info]: [SPP_AND_LE]app_key_evnet: 2,9

[00:05:38.308][Info]: [SPP_AND_LE]app_key_evnet: 2,9

[00:05:38.458][Info]: [SPP_AND_LE]app_key_evnet: 2,9

IPP
[00:05:38.608][Info]: [SPP_AND_LE]app_key_evnet: 2,9

[00:05:38.758][Info]: [SPP_AND_LE]app_key_evnet: 2,9

[00:05:38.908][Info]: [SPP_AND_LE]app_key_evnet: 2,9

IPP
[00:05:39.058][Info]: [SPP_AND_LE]app_key_evnet: 2,9

[00:05:39.208][Info]: [SPP_AND_LE]app_key_evnet: 2,9

[00:05:39.358][Info]: [SPP_AND_LE]app_key_evnet: 2,9

[00:05:39.508][Info]: [SPP_AND_LE]app_key_evnet: 2,9

IPP
[00:05:39.658][Info]: [SPP_AND_LE]app_key_evnet: 2,9

[00:05:39.808][Info]: [SPP_AND_LE]app_key_evnet: 2,9

[00:05:39.958][Info]: [SPP_AND_LE]app_key_evnet: 2,9

IPP
[00:05:40.108][Info]: [SPP_AND_LE]app_key_evnet: 2,9

[00:05:40.258][Info]: [SPP_AND_LE]app_key_evnet: 2,9

[00:05:40.366][BLE_TRANS]WTYI dynamic name switch to: WTYI_BT_TEST
 
[00:05:40.368][Info]: [GATT_SERVER]adv_en:0

[00:05:40.368][Info]: [GATT_SERVER]server_work_st:20->2

[00:05:40.369][BLE_TRANS]server_state: handle=00,02
 
[00:05:40.371][Info]: [GATT_COMM]ble_comm_set_config_name

[00:05:40.372][Info]: [GATT_COMM]ble name(17): WTYI_BT_TEST(BLE) 

[00:05:40.373][BLE_TRANS]trans_adv_data(26): 
02 01 06 03 03 30 AF 12 09 57 54 59 49 5F 42 54 
5F 54 45 53 54 28 42 4C 45 29 
[00:05:40.375][BLE_TRANS]rsp_data(0): 
[00:05:40.376][Info]: [GATT_SERVER]__gatt_server_just_new_dev_adv

[00:05:40.376][Info]: [GATT_SERVER]new_dev_adv

[00:05:40.378][Info]: [GATT_SERVER]adv_en:1

[00:05:40.378][Info]: [GATT_SERVER]server_work_st:2->20

[00:05:40.379][BLE_TRANS]server_state: handle=00,20
 
[00:05:40.408][Info]: [SPP_AND_LE]app_key_evnet: 2,9

IP
[00:05:40.558][Info]: [SPP_AND_LE]app_key_evnet: 2,9

P
[00:05:40.708][Info]: [SPP_AND_LE]app_key_evnet: 2,9

[00:05:40.858][Info]: [SPP_AND_LE]app_key_evnet: 2,9

[00:05:41.008][Info]: [SPP_AND_LE]app_key_evnet: 2,9

IPP
[00:05:41.158][Info]: [SPP_AND_LE]app_key_evnet: 2,9

[00:05:41.308][Info]: [SPP_AND_LE]app_key_evnet: 2,9

[00:05:41.458][Info]: [SPP_AND_LE]app_key_evnet: 2,9

IPP
[00:05:41.608][Info]: [SPP_AND_LE]app_key_evnet: 2,9

[00:05:41.758][Info]: [SPP_AND_LE]app_key_evnet: 2,9

[00:05:41.908][Info]: [SPP_AND_LE]app_key_evnet: 2,9

IP
[00:05:42.058][Info]: [SPP_AND_LE]app_key_evnet: 2,9

P
[00:05:42.208][Info]: [SPP_AND_LE]app_key_evnet: 2,9

[00:05:42.358][Info]: [SPP_AND_LE]app_key_evnet: 2,9

[00:05:42.508][Info]: [SPP_AND_LE]app_key_evnet: 2,9

IPP
[00:05:42.658][Info]: [SPP_AND_LE]app_key_evnet: 2,9

[00:05:42.808][Info]: [SPP_AND_LE]app_key_evnet: 2,9

[00:05:42.958][Info]: [SPP_AND_LE]app_key_evnet: 2,9

IPP
[00:05:43.108][Info]: [SPP_AND_LE]app_key_evnet: 2,9

[00:05:43.258][Info]: [SPP_AND_LE]app_key_evnet: 2,9

[00:05:43.408][Info]: [SPP_AND_LE]app_key_evnet: 2,9

IP
[00:05:43.558][Info]: [SPP_AND_LE]app_key_evnet: 2,9

P
[00:05:43.708][Info]: [SPP_AND_LE]app_key_evnet: 2,9

[00:05:43.858][Info]: [SPP_AND_LE]app_key_evnet: 2,9

[00:05:44.008][Info]: [SPP_AND_LE]app_key_evnet: 2,9

IPP
[00:05:44.158][Info]: [SPP_AND_LE]app_key_evnet: 2,9

[00:05:44.308][Info]: [SPP_AND_LE]app_key_evnet: 2,9

[00:05:44.458][Info]: [SPP_AND_LE]app_key_evnet: 2,9

IPP
[00:05:44.608][Info]: [SPP_AND_LE]app_key_evnet: 2,9

[00:05:44.758][Info]: [SPP_AND_LE]app_key_evnet: 2,9

[00:05:44.908][Info]: [SPP_AND_LE]app_key_evnet: 2,9

IP
[00:05:45.058][Info]: [SPP_AND_LE]app_key_evnet: 2,9

P
[00:05:45.208][Info]: [SPP_AND_LE]app_key_evnet: 2,9

[00:05:45.358][Info]: [SPP_AND_LE]app_key_evnet: 2,9

[00:05:45.508][Info]: [SPP_AND_LE]app_key_evnet: 2,9

IPP
[00:05:45.658][Info]: [SPP_AND_LE]app_key_evnet: 2,9

[00:05:45.808][Info]: [SPP_AND_LE]app_key_evnet: 2,9

[00:05:45.958][Info]: [SPP_AND_LE]app_key_evnet: 2,9

IPP
[00:05:46.108][Info]: [SPP_AND_LE]app_key_evnet: 2,9

[00:05:46.258][Info]: [SPP_AND_LE]app_key_evnet: 2,9

[00:05:46.408][Info]: [SPP_AND_LE]app_key_evnet: 2,9

IP
[00:05:46.558][Info]: [SPP_AND_LE]app_key_evnet: 2,9

P
[00:05:46.708][Info]: [SPP_AND_LE]app_key_evnet: 2,9

[00:05:46.858][Info]: [SPP_AND_LE]app_key_evnet: 2,9

[00:05:47.008][Info]: [SPP_AND_LE]app_key_evnet: 2,9

IPP
[00:05:47.158][Info]: [SPP_AND_LE]app_key_evnet: 2,9

[00:05:47.308][Info]: [SPP_AND_LE]app_key_evnet: 2,9

[00:05:47.458][Info]: [SPP_AND_LE]app_key_evnet: 2,9

IPP
[00:05:47.608][Info]: [SPP_AND_LE]app_key_evnet: 2,9

[00:05:47.758][Info]: [SPP_AND_LE]app_key_evnet: 2,9

[00:05:47.908][Info]: [SPP_AND_LE]app_key_evnet: 2,9

IP
[00:05:48.058][Info]: [SPP_AND_LE]app_key_evnet: 2,9

P
[00:05:48.208][Info]: [SPP_AND_LE]app_key_evnet: 2,9

[00:05:48.358][Info]: [SPP_AND_LE]app_key_evnet: 2,9

[00:05:48.508][Info]: [SPP_AND_LE]app_key_evnet: 2,9

IPP
[00:05:48.658][Info]: [SPP_AND_LE]app_key_evnet: 2,9

[00:05:48.808][Info]: [SPP_AND_LE]app_key_evnet: 2,9

[00:05:48.958][Info]: [SPP_AND_LE]app_key_evnet: 2,9

IPP
[00:05:49.108][Info]: [SPP_AND_LE]app_key_evnet: 2,9

[00:05:49.258][Info]: [SPP_AND_LE]app_key_evnet: 2,9

[00:05:49.408][Info]: [SPP_AND_LE]app_key_evnet: 2,9

IP
[00:05:49.558][Info]: [SPP_AND_LE]app_key_evnet: 2,9

P
[00:05:49.708][Info]: [SPP_AND_LE]app_key_evnet: 2,9

[00:05:49.858][Info]: [SPP_AND_LE]app_key_evnet: 2,9

[00:05:50.008][Info]: [SPP_AND_LE]app_key_evnet: 2,9

IPP
[00:05:50.158][Info]: [SPP_AND_LE]app_key_evnet: 2,9

[00:05:50.308][Info]: [SPP_AND_LE]app_key_evnet: 2,9

[00:05:50.366][BLE_TRANS]WTYI dynamic name switch to: WTYI_BT_TEST_B
 
[00:05:50.368][Info]: [GATT_SERVER]adv_en:0

[00:05:50.368][Info]: [GATT_SERVER]server_work_st:20->2

[00:05:50.369][BLE_TRANS]server_state: handle=00,02
 
[00:05:50.371][Info]: [GATT_COMM]ble_comm_set_config_name

[00:05:50.372][Info]: [GATT_COMM]ble name(19): WTYI_BT_TEST_B(BLE) 

[00:05:50.373][BLE_TRANS]trans_adv_data(28): 
02 01 06 03 03 30 AF 14 09 57 54 59 49 5F 42 54 
5F 54 45 53 54 5F 42 28 42 4C 45 29 
[00:05:50.375][BLE_TRANS]rsp_data(0): 
[00:05:50.376][Info]: [GATT_SERVER]__gatt_server_just_new_dev_adv

[00:05:50.377][Info]: [GATT_SERVER]new_dev_adv

[00:05:50.378][Info]: [GATT_SERVER]adv_en:1

[00:05:50.378][Info]: [GATT_SERVER]server_work_st:2->20

[00:05:50.379][BLE_TRANS]server_state: handle=00,20
 
[00:05:50.458][Info]: [SPP_AND_LE]app_key_evnet: 2,9

IPP
[00:05:50.608][Info]: [SPP_AND_LE]app_key_evnet: 2,9

[00:05:50.758][Info]: [SPP_AND_LE]app_key_evnet: 2,9

[00:05:50.908][Info]: [SPP_AND_LE]app_key_evnet: 2,9

IP
[00:05:51.058][Info]: [SPP_AND_LE]app_key_evnet: 2,9

P
[00:05:51.208][Info]: [SPP_AND_LE]app_key_evnet: 2,9

[00:05:51.358][Info]: [SPP_AND_LE]app_key_evnet: 2,9

[00:05:51.508][Info]: [SPP_AND_LE]app_key_evnet: 2,9

IPP
[00:05:51.658][Info]: [SPP_AND_LE]app_key_evnet: 2,9

[00:05:51.808][Info]: [SPP_AND_LE]app_key_evnet: 2,9

[00:05:51.958][Info]: [SPP_AND_LE]app_key_evnet: 2,9

IPP
[00:05:52.108][Info]: [SPP_AND_LE]app_key_evnet: 2,9

[00:05:52.258][Info]: [SPP_AND_LE]app_key_evnet: 2,9

[00:05:52.408][Info]: [SPP_AND_LE]app_key_evnet: 2,9

IP
[00:05:52.558][Info]: [SPP_AND_LE]app_key_evnet: 2,9

P
[00:05:52.708][Info]: [SPP_AND_LE]app_key_evnet: 2,9

[00:05:52.858][Info]: [SPP_AND_LE]app_key_evnet: 2,9

[00:05:53.008][Info]: [SPP_AND_LE]app_key_evnet: 2,9

IPP
[00:05:53.158][Info]: [SPP_AND_LE]app_key_evnet: 2,9

[00:05:53.308][Info]: [SPP_AND_LE]app_key_evnet: 2,9

[00:05:53.458][Info]: [SPP_AND_LE]app_key_evnet: 2,9

IPP
[00:05:53.608][Info]: [SPP_AND_LE]app_key_evnet: 2,9

[00:05:53.758][Info]: [SPP_AND_LE]app_key_evnet: 2,9

[00:05:53.908][Info]: [SPP_AND_LE]app_key_evnet: 2,9

IP
[00:05:54.058][Info]: [SPP_AND_LE]app_key_evnet: 2,9

P
[00:05:54.208][Info]: [SPP_AND_LE]app_key_evnet: 2,9

[00:05:54.358][Info]: [SPP_AND_LE]app_key_evnet: 2,9

[00:05:54.508][Info]: [SPP_AND_LE]app_key_evnet: 2,9

IPP
[00:05:54.658][Info]: [SPP_AND_LE]app_key_evnet: 2,9

[00:05:54.808][Info]: [SPP_AND_LE]app_key_evnet: 2,9

[00:05:54.958][Info]: [SPP_AND_LE]app_key_evnet: 2,9

IPP
[00:05:55.108][Info]: [SPP_AND_LE]app_key_evnet: 2,9

[00:05:55.258][Info]: [SPP_AND_LE]app_key_evnet: 2,9

[00:05:55.408][Info]: [SPP_AND_LE]app_key_evnet: 2,9

IP
[00:05:55.558][Info]: [SPP_AND_LE]app_key_evnet: 2,9

P
[00:05:55.708][Info]: [SPP_AND_LE]app_key_evnet: 2,9

[00:05:55.858][Info]: [SPP_AND_LE]app_key_evnet: 2,9

[00:05:56.008][Info]: [SPP_AND_LE]app_key_evnet: 2,9

IPP
[00:05:56.158][Info]: [SPP_AND_LE]app_key_evnet: 2,9

[00:05:56.308][Info]: [SPP_AND_LE]app_key_evnet: 2,9

[00:05:56.458][Info]: [SPP_AND_LE]app_key_evnet: 2,9

IPP
[00:05:56.608][Info]: [SPP_AND_LE]app_key_evnet: 2,9

[00:05:56.758][Info]: [SPP_AND_LE]app_key_evnet: 2,9

[00:05:56.908][Info]: [SPP_AND_LE]app_key_evnet: 2,9

IP
[00:05:57.058][Info]: [SPP_AND_LE]app_key_evnet: 2,9

P
[00:05:57.208][Info]: [SPP_AND_LE]app_key_evnet: 2,9

[00:05:57.358][Info]: [SPP_AND_LE]app_key_evnet: 2,9

[00:05:57.508][Info]: [SPP_AND_LE]app_key_evnet: 2,9

IPP
[00:05:57.658][Info]: [SPP_AND_LE]app_key_evnet: 2,9

[00:05:57.808][Info]: [SPP_AND_LE]app_key_evnet: 2,9

[00:05:57.958][Info]: [SPP_AND_LE]app_key_evnet: 2,9

IPP
[00:05:58.108][Info]: [SPP_AND_LE]app_key_evnet: 2,9

[00:05:58.258][Info]: [SPP_AND_LE]app_key_evnet: 2,9

[00:05:58.408][Info]: [SPP_AND_LE]app_key_evnet: 2,9

IP
[00:05:58.558][Info]: [SPP_AND_LE]app_key_evnet: 2,9

P
[00:05:58.708][Info]: [SPP_AND_LE]app_key_evnet: 2,9

[00:05:58.858][Info]: [SPP_AND_LE]app_key_evnet: 2,9

[00:05:59.008][Info]: [SPP_AND_LE]app_key_evnet: 2,9

IPP
[00:05:59.158][Info]: [SPP_AND_LE]app_key_evnet: 2,9

[00:05:59.308][Info]: [SPP_AND_LE]app_key_evnet: 2,9

[00:05:59.458][Info]: [SPP_AND_LE]app_key_evnet: 2,9

IPP
[00:05:59.608][Info]: [SPP_AND_LE]app_key_evnet: 2,9

[00:05:59.758][Info]: [SPP_AND_LE]app_key_evnet: 2,9

[00:05:59.908][Info]: [SPP_AND_LE]app_key_evnet: 2,9

I
[00:06:00.058][Info]: [SPP_AND_LE]app_key_evnet: 2,9

PP
[00:06:00.208][Info]: [SPP_AND_LE]app_key_evnet: 2,9

[00:06:00.357][Info]: [SPP_AND_LE]app_key_evnet: 2,9

[00:06:00.366][BLE_TRANS]WTYI dynamic name switch to: WTYI_BT_TEST
 
[00:06:00.368][Info]: [GATT_SERVER]adv_en:0

[00:06:00.368][Info]: [GATT_SERVER]server_work_st:20->2

[00:06:00.369][BLE_TRANS]server_state: handle=00,02
 
[00:06:00.371][Info]: [GATT_COMM]ble_comm_set_config_name

[00:06:00.372][Info]: [GATT_COMM]ble name(17): WTYI_BT_TEST(BLE) 

[00:06:00.373][BLE_TRANS]trans_adv_data(26): 
02 01 06 03 03 30 AF 12 09 57 54 59 49 5F 42 54 
5F 54 45 53 54 28 42 4C 45 29 
[00:06:00.375][BLE_TRANS]rsp_data(0): 
[00:06:00.375][Info]: [GATT_SERVER]__gatt_server_just_new_dev_adv

[00:06:00.376][Info]: [GATT_SERVER]new_dev_adv

[00:06:00.377][Info]: [GATT_SERVER]adv_en:1

[00:06:00.378][Info]: [GATT_SERVER]server_work_st:2->20

[00:06:00.379][BLE_TRANS]server_state: handle=00,20
 
[00:06:00.508][Info]: [SPP_AND_LE]app_key_evnet: 2,9

IPP
[00:06:00.658][Info]: [SPP_AND_LE]app_key_evnet: 2,9

[00:06:00.808][Info]: [SPP_AND_LE]app_key_evnet: 2,9

[00:06:00.958][Info]: [SPP_AND_LE]app_key_evnet: 2,9

IPP
[00:06:01.108][Info]: [SPP_AND_LE]app_key_evnet: 2,9

[00:06:01.258][Info]: [SPP_AND_LE]app_key_evnet: 2,9

[00:06:01.408][Info]: [SPP_AND_LE]app_key_evnet: 2,9

I
[00:06:01.558][Info]: [SPP_AND_LE]app_key_evnet: 2,9

PP
[00:06:01.708][Info]: [SPP_AND_LE]app_key_evnet: 2,9

[00:06:01.858][Info]: [SPP_AND_LE]app_key_evnet: 2,9

[00:06:02.008][Info]: [SPP_AND_LE]app_key_evnet: 2,9

IPP
[00:06:02.158][Info]: [SPP_AND_LE]app_key_evnet: 2,9

[00:06:02.308][Info]: [SPP_AND_LE]app_key_evnet: 2,9

[00:06:02.458][Info]: [SPP_AND_LE]app_key_evnet: 2,9

IPP
[00:06:02.608][Info]: [SPP_AND_LE]app_key_evnet: 2,9

[00:06:02.758][Info]: [SPP_AND_LE]app_key_evnet: 2,9

[00:06:02.908][Info]: [SPP_AND_LE]app_key_evnet: 2,9

I
[00:06:03.058][Info]: [SPP_AND_LE]app_key_evnet: 2,9

PP
[00:06:03.208][Info]: [SPP_AND_LE]app_key_evnet: 2,9

[00:06:03.358][Info]: [SPP_AND_LE]app_key_evnet: 2,9

[00:06:03.508][Info]: [SPP_AND_LE]app_key_evnet: 2,9

IPP
[00:06:03.658][Info]: [SPP_AND_LE]app_key_evnet: 2,9

[00:06:03.808][Info]: [SPP_AND_LE]app_key_evnet: 2,9

[00:06:03.958][Info]: [SPP_AND_LE]app_key_evnet: 2,9

IPP
[00:06:04.108][Info]: [SPP_AND_LE]app_key_evnet: 2,9

[00:06:04.258][Info]: [SPP_AND_LE]app_key_evnet: 2,9

[00:06:04.408][Info]: [SPP_AND_LE]app_key_evnet: 2,9

I
[00:06:04.558][Info]: [SPP_AND_LE]app_key_evnet: 2,9

PP
[00:06:04.708][Info]: [SPP_AND_LE]app_key_evnet: 2,9

[00:06:04.858][Info]: [SPP_AND_LE]app_key_evnet: 2,9

[00:06:05.008][Info]: [SPP_AND_LE]app_key_evnet: 2,9

IPP
[00:06:05.158][Info]: [SPP_AND_LE]app_key_evnet: 2,9

[00:06:05.308][Info]: [SPP_AND_LE]app_key_evnet: 2,9

[00:06:05.458][Info]: [SPP_AND_LE]app_key_evnet: 2,9

IPP
[00:06:05.608][Info]: [SPP_AND_LE]app_key_evnet: 2,9

[00:06:05.758][Info]: [SPP_AND_LE]app_key_evnet: 2,9

[00:06:05.908][Info]: [SPP_AND_LE]app_key_evnet: 2,9

I
[00:06:06.058][Info]: [SPP_AND_LE]app_key_evnet: 2,9

PP
[00:06:06.208][Info]: [SPP_AND_LE]app_key_evnet: 2,9

[00:06:06.358][Info]: [SPP_AND_LE]app_key_evnet: 2,9

[00:06:06.508][Info]: [SPP_AND_LE]app_key_evnet: 2,9

IPP
[00:06:06.658][Info]: [SPP_AND_LE]app_key_evnet: 2,9

[00:06:06.808][Info]: [SPP_AND_LE]app_key_evnet: 2,9

[00:06:06.958][Info]: [SPP_AND_LE]app_key_evnet: 2,9

IPP
[00:06:07.108][Info]: [SPP_AND_LE]app_key_evnet: 2,9

[00:06:07.258][Info]: [SPP_AND_LE]app_key_evnet: 2,9

[00:06:07.408][Info]: [SPP_AND_LE]app_key_evnet: 2,9

I
[00:06:07.558][Info]: [SPP_AND_LE]app_key_evnet: 2,9

PP
[00:06:07.708][Info]: [SPP_AND_LE]app_key_evnet: 2,9

[00:06:07.858][Info]: [SPP_AND_LE]app_key_evnet: 2,9

[00:06:08.008][Info]: [SPP_AND_LE]app_key_evnet: 2,9

IPP
[00:06:08.158][Info]: [SPP_AND_LE]app_key_evnet: 2,9

[00:06:08.308][Info]: [SPP_AND_LE]app_key_evnet: 2,9

[00:06:08.458][Info]: [SPP_AND_LE]app_key_evnet: 2,9

IPP
[00:06:08.608][Info]: [SPP_AND_LE]app_key_evnet: 2,9

[00:06:08.758][Info]: [SPP_AND_LE]app_key_evnet: 2,9

[00:06:08.908][Info]: [SPP_AND_LE]app_key_evnet: 2,9

I
[00:06:09.058][Info]: [SPP_AND_LE]app_key_evnet: 2,9

PP
[00:06:09.208][Info]: [SPP_AND_LE]app_key_evnet: 2,9

[00:06:09.358][Info]: [SPP_AND_LE]app_key_evnet: 2,9

[00:06:09.508][Info]: [SPP_AND_LE]app_key_evnet: 2,9

IPP
[00:06:09.658][Info]: [SPP_AND_LE]app_key_evnet: 2,9

[00:06:09.808][Info]: [SPP_AND_LE]app_key_evnet: 2,9

[00:06:09.958][Info]: [SPP_AND_LE]app_key_evnet: 2,9

IPP
[00:06:10.108][Info]: [SPP_AND_LE]app_key_evnet: 2,9

[00:06:10.258][Info]: [SPP_AND_LE]app_key_evnet: 2,9

[00:06:10.366][BLE_TRANS]WTYI dynamic name switch to: WTYI_BT_TEST_B
 
[00:06:10.368][Info]: [GATT_SERVER]adv_en:0

[00:06:10.368][Info]: [GATT_SERVER]server_work_st:20->2

[00:06:10.369][BLE_TRANS]server_state: handle=00,02
 
[00:06:10.371][Info]: [GATT_COMM]ble_comm_set_config_name

[00:06:10.372][Info]: [GATT_COMM]ble name(19): WTYI_BT_TEST_B(BLE) 

[00:06:10.373][BLE_TRANS]trans_adv_data(28): 
02 01 06 03 03 30 AF 14 09 57 54 59 49 5F 42 54 
5F 54 45 53 54 5F 42 28 42 4C 45 29 
[00:06:10.375][BLE_TRANS]rsp_data(0): 
[00:06:10.376][Info]: [GATT_SERVER]__gatt_server_just_new_dev_adv

[00:06:10.377][Info]: [GATT_SERVER]new_dev_adv

[00:06:10.378][Info]: [GATT_SERVER]adv_en:1

[00:06:10.378][Info]: [GATT_SERVER]server_work_st:2->20

[00:06:10.379][BLE_TRANS]server_state: handle=00,20
 
[00:06:10.408][Info]: [SPP_AND_LE]app_key_evnet: 2,9

I
[00:06:10.558][Info]: [SPP_AND_LE]app_key_evnet: 2,9

PP
[00:06:10.708][Info]: [SPP_AND_LE]app_key_evnet: 2,9

[00:06:10.858][Info]: [SPP_AND_LE]app_key_evnet: 2,9

[00:06:11.008][Info]: [SPP_AND_LE]app_key_evnet: 2,9

IPP
[00:06:11.158][Info]: [SPP_AND_LE]app_key_evnet: 2,9

[00:06:11.308][Info]: [SPP_AND_LE]app_key_evnet: 2,9

[00:06:11.458][Info]: [SPP_AND_LE]app_key_evnet: 2,9

IPP
[00:06:11.608][Info]: [SPP_AND_LE]app_key_evnet: 2,9

[00:06:11.758][Info]: [SPP_AND_LE]app_key_evnet: 2,9

[00:06:11.908][Info]: [SPP_AND_LE]app_key_evnet: 2,9

I
[00:06:12.058][Info]: [SPP_AND_LE]app_key_evnet: 2,9

PP
[00:06:12.208][Info]: [SPP_AND_LE]app_key_evnet: 2,9

[00:06:12.358][Info]: [SPP_AND_LE]app_key_evnet: 2,9

[00:06:12.508][Info]: [SPP_AND_LE]app_key_evnet: 2,9

IPP
[00:06:12.658][Info]: [SPP_AND_LE]app_key_evnet: 2,9

[00:06:12.808][Info]: [SPP_AND_LE]app_key_evnet: 2,9

[00:06:12.958][Info]: [SPP_AND_LE]app_key_evnet: 2,9

IPP
[00:06:13.108][Info]: [SPP_AND_LE]app_key_evnet: 2,9

[00:06:13.258][Info]: [SPP_AND_LE]app_key_evnet: 2,9

[00:06:13.408][Info]: [SPP_AND_LE]app_key_evnet: 2,9

I
[00:06:13.558][Info]: [SPP_AND_LE]app_key_evnet: 2,9

PP
[00:06:13.708][Info]: [SPP_AND_LE]app_key_evnet: 2,9

[00:06:13.858][Info]: [SPP_AND_LE]app_key_evnet: 2,9

[00:06:14.008][Info]: [SPP_AND_LE]app_key_evnet: 2,9

IPP
[00:06:14.158][Info]: [SPP_AND_LE]app_key_evnet: 2,9

[00:06:14.308][Info]: [SPP_AND_LE]app_key_evnet: 2,9

[00:06:14.458][Info]: [SPP_AND_LE]app_key_evnet: 2,9

IPP
[00:06:14.608][Info]: [SPP_AND_LE]app_key_evnet: 2,9

[00:06:14.758][Info]: [SPP_AND_LE]app_key_evnet: 2,9

[00:06:14.908][Info]: [SPP_AND_LE]app_key_evnet: 2,9

I
[00:06:15.058][Info]: [SPP_AND_LE]app_key_evnet: 2,9

PP
[00:06:15.208][Info]: [SPP_AND_LE]app_key_evnet: 2,9

[00:06:15.358][Info]: [SPP_AND_LE]app_key_evnet: 2,9

[00:06:15.508][Info]: [SPP_AND_LE]app_key_evnet: 2,9

IPP
[00:06:15.658][Info]: [SPP_AND_LE]app_key_evnet: 2,9

[00:06:15.808][Info]: [SPP_AND_LE]app_key_evnet: 2,9

[00:06:15.958][Info]: [SPP_AND_LE]app_key_evnet: 2,9

IPP
[00:06:16.108][Info]: [SPP_AND_LE]app_key_evnet: 2,9

[00:06:16.258][Info]: [SPP_AND_LE]app_key_evnet: 2,9

[00:06:16.408][Info]: [SPP_AND_LE]app_key_evnet: 2,9

I
[00:06:16.558][Info]: [SPP_AND_LE]app_key_evnet: 2,9

PP
[00:06:16.708][Info]: [SPP_AND_LE]app_key_evnet: 2,9

[00:06:16.858][Info]: [SPP_AND_LE]app_key_evnet: 2,9

[00:06:17.008][Info]: [SPP_AND_LE]app_key_evnet: 2,9

IPP
[00:06:17.158][Info]: [SPP_AND_LE]app_key_evnet: 2,9

[00:06:17.308][Info]: [SPP_AND_LE]app_key_evnet: 2,9

[00:06:17.458][Info]: [SPP_AND_LE]app_key_evnet: 2,9

IPP
[00:06:17.608][Info]: [SPP_AND_LE]app_key_evnet: 2,9

[00:06:17.758][Info]: [SPP_AND_LE]app_key_evnet: 2,9

[00:06:17.908][Info]: [SPP_AND_LE]app_key_evnet: 2,9

I
[00:06:18.058][Info]: [SPP_AND_LE]app_key_evnet: 2,9

PP
[00:06:18.208][Info]: [SPP_AND_LE]app_key_evnet: 2,9

[00:06:18.358][Info]: [SPP_AND_LE]app_key_evnet: 2,9

[00:06:18.508][Info]: [SPP_AND_LE]app_key_evnet: 2,9

IPP
[00:06:18.658][Info]: [SPP_AND_LE]app_key_evnet: 2,9

[00:06:18.808][Info]: [SPP_AND_LE]app_key_evnet: 2,9

[00:06:18.958][Info]: [SPP_AND_LE]app_key_evnet: 2,9

IPP
[00:06:19.108][Info]: [SPP_AND_LE]app_key_evnet: 2,9

[00:06:19.258][Info]: [SPP_AND_LE]app_key_evnet: 2,9

[00:06:19.408][Info]: [SPP_AND_LE]app_key_evnet: 2,9

I
[00:06:19.558][Info]: [SPP_AND_LE]app_key_evnet: 2,9

PP
[00:06:19.708][Info]: [SPP_AND_LE]app_key_evnet: 2,9

[00:06:19.858][Info]: [SPP_AND_LE]app_key_evnet: 2,9

[00:06:20.008][Info]: [SPP_AND_LE]app_key_evnet: 2,9

IPP
[00:06:20.158][Info]: [SPP_AND_LE]app_key_evnet: 2,9

[00:06:20.308][Info]: [SPP_AND_LE]app_key_evnet: 2,9

[00:06:20.366][BLE_TRANS]WTYI dynamic name switch to: WTYI_BT_TEST
 
[00:06:20.368][Info]: [GATT_SERVER]adv_en:0

[00:06:20.368][Info]: [GATT_SERVER]server_work_st:20->2

[00:06:20.369][BLE_TRANS]server_state: handle=00,02
 
[00:06:20.371][Info]: [GATT_COMM]ble_comm_set_config_name

[00:06:20.372][Info]: [GATT_COMM]ble name(17): WTYI_BT_TEST(BLE) 

[00:06:20.373][BLE_TRANS]trans_adv_data(26): 
02 01 06 03 03 30 AF 12 09 57 54 59 49 5F 42 54 
5F 54 45 53 54 28 42 4C 45 29 
[00:06:20.375][BLE_TRANS]rsp_data(0): 
[00:06:20.376][Info]: [GATT_SERVER]__gatt_server_just_new_dev_adv

[00:06:20.376][Info]: [GATT_SERVER]new_dev_adv

[00:06:20.378][Info]: [GATT_SERVER]adv_en:1

[00:06:20.378][Info]: [GATT_SERVER]server_work_st:2->20

[00:06:20.379][BLE_TRANS]server_state: handle=00,20
 
[00:06:20.458][Info]: [SPP_AND_LE]app_key_evnet: 2,9

IPP
[00:06:20.608][Info]: [SPP_AND_LE]app_key_evnet: 2,9

[00:06:20.758][Info]: [SPP_AND_LE]app_key_evnet: 2,9

[00:06:20.908][Info]: [SPP_AND_LE]app_key_evnet: 2,9

I
[00:06:21.058][Info]: [SPP_AND_LE]app_key_evnet: 2,9

PP
[00:06:21.208][Info]: [SPP_AND_LE]app_key_evnet: 2,9

[00:06:21.358][Info]: [SPP_AND_LE]app_key_evnet: 2,9

[00:06:21.508][Info]: [SPP_AND_LE]app_key_evnet: 2,9

IPP
[00:06:21.658][Info]: [SPP_AND_LE]app_key_evnet: 2,9

[00:06:21.808][Info]: [SPP_AND_LE]app_key_evnet: 2,9

[00:06:21.958][Info]: [SPP_AND_LE]app_key_evnet: 2,9

IPP
[00:06:22.108][Info]: [SPP_AND_LE]app_key_evnet: 2,9

[00:06:22.258][Info]: [SPP_AND_LE]app_key_evnet: 2,9

[00:06:22.408][Info]: [SPP_AND_LE]app_key_evnet: 2,9

I
[00:06:22.558][Info]: [SPP_AND_LE]app_key_evnet: 2,9

PP
[00:06:22.708][Info]: [SPP_AND_LE]app_key_evnet: 2,9

[00:06:22.858][Info]: [SPP_AND_LE]app_key_evnet: 2,9

[00:06:23.008][Info]: [SPP_AND_LE]app_key_evnet: 2,9

IPP
[00:06:23.158][Info]: [SPP_AND_LE]app_key_evnet: 2,9

[00:06:23.308][Info]: [SPP_AND_LE]app_key_evnet: 2,9

[00:06:23.458][Info]: [SPP_AND_LE]app_key_evnet: 2,9

IPP
[00:06:23.608][Info]: [SPP_AND_LE]app_key_evnet: 2,9

[00:06:23.758][Info]: [SPP_AND_LE]app_key_evnet: 2,9

[00:06:23.908][Info]: [SPP_AND_LE]app_key_evnet: 2,9

I
[00:06:24.058][Info]: [SPP_AND_LE]app_key_evnet: 2,9

PP
[00:06:24.208][Info]: [SPP_AND_LE]app_key_evnet: 2,9

[00:06:24.358][Info]: [SPP_AND_LE]app_key_evnet: 2,9

[00:06:24.508][Info]: [SPP_AND_LE]app_key_evnet: 2,9

IPP
[00:06:24.658][Info]: [SPP_AND_LE]app_key_evnet: 2,9

[00:06:24.808][Info]: [SPP_AND_LE]app_key_evnet: 2,9

[00:06:24.958][Info]: [SPP_AND_LE]app_key_evnet: 2,9

IPP
[00:06:25.108][Info]: [SPP_AND_LE]app_key_evnet: 2,9

[00:06:25.258][Info]: [SPP_AND_LE]app_key_evnet: 2,9

[00:06:25.408][Info]: [SPP_AND_LE]app_key_evnet: 2,9

I
[00:06:25.558][Info]: [SPP_AND_LE]app_key_evnet: 2,9

PP
[00:06:25.708][Info]: [SPP_AND_LE]app_key_evnet: 2,9

[00:06:25.858][Info]: [SPP_AND_LE]app_key_evnet: 2,9

[00:06:26.008][Info]: [SPP_AND_LE]app_key_evnet: 2,9

IPP
[00:06:26.158][Info]: [SPP_AND_LE]app_key_evnet: 2,9

[00:06:26.308][Info]: [SPP_AND_LE]app_key_evnet: 2,9

[00:06:26.458][Info]: [SPP_AND_LE]app_key_evnet: 2,9

IPP
[00:06:26.608][Info]: [SPP_AND_LE]app_key_evnet: 2,9

[00:06:26.758][Info]: [SPP_AND_LE]app_key_evnet: 2,9

[00:06:26.908][Info]: [SPP_AND_LE]app_key_evnet: 2,9

I
[00:06:27.058][Info]: [SPP_AND_LE]app_key_evnet: 2,9

PP
[00:06:27.208][Info]: [SPP_AND_LE]app_key_evnet: 2,9

[00:06:27.358][Info]: [SPP_AND_LE]app_key_evnet: 2,9

[00:06:27.508][Info]: [SPP_AND_LE]app_key_evnet: 2,9

IPP
[00:06:27.658][Info]: [SPP_AND_LE]app_key_evnet: 2,9

[00:06:27.808][Info]: [SPP_AND_LE]app_key_evnet: 2,9

[00:06:27.958][Info]: [SPP_AND_LE]app_key_evnet: 2,9

IPP
[00:06:28.108][Info]: [SPP_AND_LE]app_key_evnet: 2,9

[00:06:28.258][Info]: [SPP_AND_LE]app_key_evnet: 2,9

[00:06:28.408][Info]: [SPP_AND_LE]app_key_evnet: 2,9

I
[00:06:28.558][Info]: [SPP_AND_LE]app_key_evnet: 2,9

PP
[00:06:28.708][Info]: [SPP_AND_LE]app_key_evnet: 2,9

[00:06:28.858][Info]: [SPP_AND_LE]app_key_evnet: 2,9

[00:06:29.008][Info]: [SPP_AND_LE]app_key_evnet: 2,9

IPP
[00:06:29.158][Info]: [SPP_AND_LE]app_key_evnet: 2,9

[00:06:29.308][Info]: [SPP_AND_LE]app_key_evnet: 2,9

[00:06:29.458][Info]: [SPP_AND_LE]app_key_evnet: 2,9

IPP
[00:06:29.608][Info]: [SPP_AND_LE]app_key_evnet: 2,9

[00:06:29.758][Info]: [SPP_AND_LE]app_key_evnet: 2,9

[00:06:29.908][Info]: [SPP_AND_LE]app_key_evnet: 2,9

I
[00:06:30.058][Info]: [SPP_AND_LE]app_key_evnet: 2,9

PP
[00:06:30.208][Info]: [SPP_AND_LE]app_key_evnet: 2,9

[00:06:30.357][Info]: [SPP_AND_LE]app_key_evnet: 2,9

[00:06:30.366][BLE_TRANS]WTYI dynamic name switch to: WTYI_BT_TEST_B
 
[00:06:30.368][Info]: [GATT_SERVER]adv_en:0

[00:06:30.368][Info]: [GATT_SERVER]server_work_st:20->2

[00:06:30.369][BLE_TRANS]server_state: handle=00,02
 
[00:06:30.371][Info]: [GATT_COMM]ble_comm_set_config_name

[00:06:30.372][Info]: [GATT_COMM]ble name(19): WTYI_BT_TEST_B(BLE) 

[00:06:30.373][BLE_TRANS]trans_adv_data(28): 
02 01 06 03 03 30 AF 14 09 57 54 59 49 5F 42 54 
5F 54 45 53 54 5F 42 28 42 4C 45 29 
[00:06:30.375][BLE_TRANS]rsp_data(0): 
[00:06:30.376][Info]: [GATT_SERVER]__gatt_server_just_new_dev_adv

[00:06:30.377][Info]: [GATT_SERVER]new_dev_adv

[00:06:30.378][Info]: [GATT_SERVER]adv_en:1

[00:06:30.378][Info]: [GATT_SERVER]server_work_st:2->20

[00:06:30.379][BLE_TRANS]server_state: handle=00,20
 
[00:06:30.508][Info]: [SPP_AND_LE]app_key_evnet: 2,9

IPP
[00:06:30.658][Info]: [SPP_AND_LE]app_key_evnet: 2,9

[00:06:30.808][Info]: [SPP_AND_LE]app_key_evnet: 2,9

[00:06:30.958][Info]: [SPP_AND_LE]app_key_evnet: 2,9

IPP
[00:06:31.108][Info]: [SPP_AND_LE]app_key_evnet: 2,9

[00:06:31.258][Info]: [SPP_AND_LE]app_key_evnet: 2,9

[00:06:31.408][Info]: [SPP_AND_LE]app_key_evnet: 2,9

I
[00:06:31.558][Info]: [SPP_AND_LE]app_key_evnet: 2,9

PP
[00:06:31.708][Info]: [SPP_AND_LE]app_key_evnet: 2,9

[00:06:31.858][Info]: [SPP_AND_LE]app_key_evnet: 2,9

[00:06:32.008][Info]: [SPP_AND_LE]app_key_evnet: 2,9

IPP
[00:06:32.158][Info]: [SPP_AND_LE]app_key_evnet: 2,9

[00:06:32.308][Info]: [SPP_AND_LE]app_key_evnet: 2,9

[00:06:32.458][Info]: [SPP_AND_LE]app_key_evnet: 2,9

IPP
[00:06:32.608][Info]: [SPP_AND_LE]app_key_evnet: 2,9

[00:06:32.758][Info]: [SPP_AND_LE]app_key_evnet: 2,9

[00:06:32.908][Info]: [SPP_AND_LE]app_key_evnet: 2,9

I
[00:06:33.058][Info]: [SPP_AND_LE]app_key_evnet: 2,9

PP
[00:06:33.208][Info]: [SPP_AND_LE]app_key_evnet: 2,9

[00:06:33.358][Info]: [SPP_AND_LE]app_key_evnet: 2,9

[00:06:33.508][Info]: [SPP_AND_LE]app_key_evnet: 2,9

IPP
[00:06:33.658][Info]: [SPP_AND_LE]app_key_evnet: 2,9

[00:06:33.808][Info]: [SPP_AND_LE]app_key_evnet: 2,9

[00:06:33.958][Info]: [SPP_AND_LE]app_key_evnet: 2,9

IPP
[00:06:34.108][Info]: [SPP_AND_LE]app_key_evnet: 2,9

[00:06:34.258][Info]: [SPP_AND_LE]app_key_evnet: 2,9

[00:06:34.408][Info]: [SPP_AND_LE]app_key_evnet: 2,9

I
[00:06:34.558][Info]: [SPP_AND_LE]app_key_evnet: 2,9

PP
[00:06:34.708][Info]: [SPP_AND_LE]app_key_evnet: 2,9

[00:06:34.858][Info]: [SPP_AND_LE]app_key_evnet: 2,9

[00:06:35.008][Info]: [SPP_AND_LE]app_key_evnet: 2,9

IPP
[00:06:35.158][Info]: [SPP_AND_LE]app_key_evnet: 2,9

[00:06:35.308][Info]: [SPP_AND_LE]app_key_evnet: 2,9

[00:06:35.458][Info]: [SPP_AND_LE]app_key_evnet: 2,9

IPP
[00:06:35.608][Info]: [SPP_AND_LE]app_key_evnet: 2,9

[00:06:35.758][Info]: [SPP_AND_LE]app_key_evnet: 2,9

[00:06:35.908][Info]: [SPP_AND_LE]app_key_evnet: 2,9

I
[00:06:36.058][Info]: [SPP_AND_LE]app_key_evnet: 2,9

PP
[00:06:36.208][Info]: [SPP_AND_LE]app_key_evnet: 2,9

[00:06:36.358][Info]: [SPP_AND_LE]app_key_evnet: 2,9

[00:06:36.508][Info]: [SPP_AND_LE]app_key_evnet: 2,9

IPP
[00:06:36.658][Info]: [SPP_AND_LE]app_key_evnet: 2,9

[00:06:36.808][Info]: [SPP_AND_LE]app_key_evnet: 2,9

[00:06:36.958][Info]: [SPP_AND_LE]app_key_evnet: 2,9

IPP
[00:06:37.108][Info]: [SPP_AND_LE]app_key_evnet: 2,9

[00:06:37.258][Info]: [SPP_AND_LE]app_key_evnet: 2,9

[00:06:37.408][Info]: [SPP_AND_LE]app_key_evnet: 2,9

[00:06:37.558][Info]: [SPP_AND_LE]app_key_evnet: 2,9

IPP
[00:06:37.708][Info]: [SPP_AND_LE]app_key_evnet: 2,9

[00:06:37.858][Info]: [SPP_AND_LE]app_key_evnet: 2,9

[00:06:38.008][Info]: [SPP_AND_LE]app_key_evnet: 2,9

IPP
[00:06:38.158][Info]: [SPP_AND_LE]app_key_evnet: 2,9

[00:06:38.308][Info]: [SPP_AND_LE]app_key_evnet: 2,9

[00:06:38.458][Info]: [SPP_AND_LE]app_key_evnet: 2,9

IPP
[00:06:38.608][Info]: [SPP_AND_LE]app_key_evnet: 2,9

[00:06:38.758][Info]: [SPP_AND_LE]app_key_evnet: 2,9

[00:06:38.908][Info]: [SPP_AND_LE]app_key_evnet: 2,9

[00:06:39.058][Info]: [SPP_AND_LE]app_key_evnet: 2,9

IPP
[00:06:39.208][Info]: [SPP_AND_LE]app_key_evnet: 2,9

[00:06:39.358][Info]: [SPP_AND_LE]app_key_evnet: 2,9

[00:06:39.508][Info]: [SPP_AND_LE]app_key_evnet: 2,9

IPP
[00:06:39.658][Info]: [SPP_AND_LE]app_key_evnet: 2,9

[00:06:39.808][Info]: [SPP_AND_LE]app_key_evnet: 2,9

[00:06:39.958][Info]: [SPP_AND_LE]app_key_evnet: 2,9

IPP
[00:06:40.108][Info]: [SPP_AND_LE]app_key_evnet: 2,9

[00:06:40.258][Info]: [SPP_AND_LE]app_key_evnet: 2,9

[00:06:40.366][BLE_TRANS]WTYI dynamic name switch to: WTYI_BT_TEST
 
[00:06:40.368][Info]: [GATT_SERVER]adv_en:0

[00:06:40.368][Info]: [GATT_SERVER]server_work_st:20->2

[00:06:40.369][BLE_TRANS]server_state: handle=00,02
 
[00:06:40.371][Info]: [GATT_COMM]ble_comm_set_config_name

[00:06:40.372][Info]: [GATT_COMM]ble name(17): WTYI_BT_TEST(BLE) 

[00:06:40.373][BLE_TRANS]trans_adv_data(26): 
02 01 06 03 03 30 AF 12 09 57 54 59 49 5F 42 54 
5F 54 45 53 54 28 42 4C 45 29 
[00:06:40.375][BLE_TRANS]rsp_data(0): 
[00:06:40.376][Info]: [GATT_SERVER]__gatt_server_just_new_dev_adv

[00:06:40.376][Info]: [GATT_SERVER]new_dev_adv

[00:06:40.378][Info]: [GATT_SERVER]adv_en:1

[00:06:40.378][Info]: [GATT_SERVER]server_work_st:2->20

[00:06:40.379][BLE_TRANS]server_state: handle=00,20
 
[00:06:40.408][Info]: [SPP_AND_LE]app_key_evnet: 2,9

[00:06:40.558][Info]: [SPP_AND_LE]app_key_evnet: 2,9

IPP
[00:06:40.708][Info]: [SPP_AND_LE]app_key_evnet: 2,9

[00:06:40.858][Info]: [SPP_AND_LE]app_key_evnet: 2,9

[00:06:41.008][Info]: [SPP_AND_LE]app_key_evnet: 2,9

IPP
[00:06:41.158][Info]: [SPP_AND_LE]app_key_evnet: 2,9

[00:06:41.308][Info]: [SPP_AND_LE]app_key_evnet: 2,9

[00:06:41.458][Info]: [SPP_AND_LE]app_key_evnet: 2,9

IPP
[00:06:41.608][Info]: [SPP_AND_LE]app_key_evnet: 2,9

[00:06:41.758][Info]: [SPP_AND_LE]app_key_evnet: 2,9

[00:06:41.908][Info]: [SPP_AND_LE]app_key_evnet: 2,9

[00:06:42.058][Info]: [SPP_AND_LE]app_key_evnet: 2,9

IPP
[00:06:42.208][Info]: [SPP_AND_LE]app_key_evnet: 2,9

[00:06:42.358][Info]: [SPP_AND_LE]app_key_evnet: 2,9

[00:06:42.508][Info]: [SPP_AND_LE]app_key_evnet: 2,9

IPP
[00:06:42.658][Info]: [SPP_AND_LE]app_key_evnet: 2,9

[00:06:42.808][Info]: [SPP_AND_LE]app_key_evnet: 2,9

[00:06:42.958][Info]: [SPP_AND_LE]app_key_evnet: 2,9

IPP
[00:06:43.108][Info]: [SPP_AND_LE]app_key_evnet: 2,9

[00:06:43.258][Info]: [SPP_AND_LE]app_key_evnet: 2,9

[00:06:43.408][Info]: [SPP_AND_LE]app_key_evnet: 2,9

[00:06:43.558][Info]: [SPP_AND_LE]app_key_evnet: 2,9

IPP
[00:06:43.708][Info]: [SPP_AND_LE]app_key_evnet: 2,9

[00:06:43.858][Info]: [SPP_AND_LE]app_key_evnet: 2,9

[00:06:44.008][Info]: [SPP_AND_LE]app_key_evnet: 2,9

IPP
[00:06:44.158][Info]: [SPP_AND_LE]app_key_evnet: 2,9

[00:06:44.308][Info]: [SPP_AND_LE]app_key_evnet: 2,9

[00:06:44.458][Info]: [SPP_AND_LE]app_key_evnet: 2,9

IPP
[00:06:44.608][Info]: [SPP_AND_LE]app_key_evnet: 2,9

[00:06:44.758][Info]: [SPP_AND_LE]app_key_evnet: 2,9

[00:06:44.908][Info]: [SPP_AND_LE]app_key_evnet: 2,9

[00:06:45.058][Info]: [SPP_AND_LE]app_key_evnet: 2,9

IPP
[00:06:45.208][Info]: [SPP_AND_LE]app_key_evnet: 2,9

[00:06:45.358][Info]: [SPP_AND_LE]app_key_evnet: 2,9

[00:06:45.508][Info]: [SPP_AND_LE]app_key_evnet: 2,9

IPP
[00:06:45.658][Info]: [SPP_AND_LE]app_key_evnet: 2,9

[00:06:45.808][Info]: [SPP_AND_LE]app_key_evnet: 2,9

[00:06:45.958][Info]: [SPP_AND_LE]app_key_evnet: 2,9

IPP
[00:06:46.108][Info]: [SPP_AND_LE]app_key_evnet: 2,9

[00:06:46.258][Info]: [SPP_AND_LE]app_key_evnet: 2,9

[00:06:46.408][Info]: [SPP_AND_LE]app_key_evnet: 2,9

[00:06:46.558][Info]: [SPP_AND_LE]app_key_evnet: 2,9

IPP
[00:06:46.708][Info]: [SPP_AND_LE]app_key_evnet: 2,9

[00:06:46.858][Info]: [SPP_AND_LE]app_key_evnet: 2,9

[00:06:47.008][Info]: [SPP_AND_LE]app_key_evnet: 2,9

IPP
[00:06:47.158][Info]: [SPP_AND_LE]app_key_evnet: 2,9

[00:06:47.308][Info]: [SPP_AND_LE]app_key_evnet: 2,9

[00:06:47.458][Info]: [SPP_AND_LE]app_key_evnet: 2,9

IPP
[00:06:47.608][Info]: [SPP_AND_LE]app_key_evnet: 2,9

[00:06:47.758][Info]: [SPP_AND_LE]app_key_evnet: 2,9

[00:06:47.908][Info]: [SPP_AND_LE]app_key_evnet: 2,9

[00:06:48.058][Info]: [SPP_AND_LE]app_key_evnet: 2,9

IPP
[00:06:48.208][Info]: [SPP_AND_LE]app_key_evnet: 2,9

[00:06:48.358][Info]: [SPP_AND_LE]app_key_evnet: 2,9

[00:06:48.508][Info]: [SPP_AND_LE]app_key_evnet: 2,9

IPP
[00:06:48.658][Info]: [SPP_AND_LE]app_key_evnet: 2,9

[00:06:48.808][Info]: [SPP_AND_LE]app_key_evnet: 2,9

[00:06:48.958][Info]: [SPP_AND_LE]app_key_evnet: 2,9

IPP
[00:06:49.108][Info]: [SPP_AND_LE]app_key_evnet: 2,9

[00:06:49.258][Info]: [SPP_AND_LE]app_key_evnet: 2,9

[00:06:49.408][Info]: [SPP_AND_LE]app_key_evnet: 2,9

[00:06:49.558][Info]: [SPP_AND_LE]app_key_evnet: 2,9

IPP
[00:06:49.708][Info]: [SPP_AND_LE]app_key_evnet: 2,9

[00:06:49.858][Info]: [SPP_AND_LE]app_key_evnet: 2,9

[00:06:50.008][Info]: [SPP_AND_LE]app_key_evnet: 2,9

IPP
[00:06:50.158][Info]: [SPP_AND_LE]app_key_evnet: 2,9

[00:06:50.308][Info]: [SPP_AND_LE]app_key_evnet: 2,9

[00:06:50.366][BLE_TRANS]WTYI dynamic name switch to: WTYI_BT_TEST_B
 
[00:06:50.368][Info]: [GATT_SERVER]adv_en:0

[00:06:50.368][Info]: [GATT_SERVER]server_work_st:20->2

[00:06:50.369][BLE_TRANS]server_state: handle=00,02
 
[00:06:50.371][Info]: [GATT_COMM]ble_comm_set_config_name

[00:06:50.372][Info]: [GATT_COMM]ble name(19): WTYI_BT_TEST_B(BLE) 

[00:06:50.373][BLE_TRANS]trans_adv_data(28): 
02 01 06 03 03 30 AF 14 09 57 54 59 49 5F 42 54 
5F 54 45 53 54 5F 42 28 42 4C 45 29 
[00:06:50.375][BLE_TRANS]rsp_data(0): 
[00:06:50.376][Info]: [GATT_SERVER]__gatt_server_just_new_dev_adv

[00:06:50.377][Info]: [GATT_SERVER]new_dev_adv

[00:06:50.378][Info]: [GATT_SERVER]adv_en:1

[00:06:50.378][Info]: [GATT_SERVER]server_work_st:2->20

[00:06:50.379][BLE_TRANS]server_state: handle=00,20
 
[00:06:50.458][Info]: [SPP_AND_LE]app_key_evnet: 2,9

IPP
[00:06:50.608][Info]: [SPP_AND_LE]app_key_evnet: 2,9

[00:06:50.758][Info]: [SPP_AND_LE]app_key_evnet: 2,9

[00:06:50.908][Info]: [SPP_AND_LE]app_key_evnet: 2,9

[00:06:51.058][Info]: [SPP_AND_LE]app_key_evnet: 2,9

IPP
[00:06:51.208][Info]: [SPP_AND_LE]app_key_evnet: 2,9

[00:06:51.358][Info]: [SPP_AND_LE]app_key_evnet: 2,9

[00:06:51.508][Info]: [SPP_AND_LE]app_key_evnet: 2,9

IPP
[00:06:51.658][Info]: [SPP_AND_LE]app_key_evnet: 2,9

[00:06:51.808][Info]: [SPP_AND_LE]app_key_evnet: 2,9

[00:06:51.958][Info]: [SPP_AND_LE]app_key_evnet: 2,9

IPP
[00:06:52.108][Info]: [SPP_AND_LE]app_key_evnet: 2,9

[00:06:52.258][Info]: [SPP_AND_LE]app_key_evnet: 2,9

[00:06:52.408][Info]: [SPP_AND_LE]app_key_evnet: 2,9

[00:06:52.558][Info]: [SPP_AND_LE]app_key_evnet: 2,9

IPP
[00:06:52.708][Info]: [SPP_AND_LE]app_key_evnet: 2,9

[00:06:52.858][Info]: [SPP_AND_LE]app_key_evnet: 2,9

[00:06:53.008][Info]: [SPP_AND_LE]app_key_evnet: 2,9

IPP
[00:06:53.158][Info]: [SPP_AND_LE]app_key_evnet: 2,9

[00:06:53.308][Info]: [SPP_AND_LE]app_key_evnet: 2,9

[00:06:53.458][Info]: [SPP_AND_LE]app_key_evnet: 2,9

IPP
[00:06:53.608][Info]: [SPP_AND_LE]app_key_evnet: 2,9

[00:06:53.758][Info]: [SPP_AND_LE]app_key_evnet: 2,9

[00:06:53.908][Info]: [SPP_AND_LE]app_key_evnet: 2,9

[00:06:54.058][Info]: [SPP_AND_LE]app_key_evnet: 2,9

IPP
[00:06:54.208][Info]: [SPP_AND_LE]app_key_evnet: 2,9

[00:06:54.358][Info]: [SPP_AND_LE]app_key_evnet: 2,9

[00:06:54.508][Info]: [SPP_AND_LE]app_key_evnet: 2,9

IPP
[00:06:54.658][Info]: [SPP_AND_LE]app_key_evnet: 2,9

[00:06:54.808][Info]: [SPP_AND_LE]app_key_evnet: 2,9

[00:06:54.958][Info]: [SPP_AND_LE]app_key_evnet: 2,9

IPP
[00:06:55.108][Info]: [SPP_AND_LE]app_key_evnet: 2,9

[00:06:55.258][Info]: [SPP_AND_LE]app_key_evnet: 2,9

[00:06:55.408][Info]: [SPP_AND_LE]app_key_evnet: 2,9

[00:06:55.558][Info]: [SPP_AND_LE]app_key_evnet: 2,9

IPP
[00:06:55.708][Info]: [SPP_AND_LE]app_key_evnet: 2,9

[00:06:55.858][Info]: [SPP_AND_LE]app_key_evnet: 2,9

[00:06:56.008][Info]: [SPP_AND_LE]app_key_evnet: 2,9

IPP
[00:06:56.158][Info]: [SPP_AND_LE]app_key_evnet: 2,9

[00:06:56.308][Info]: [SPP_AND_LE]app_key_evnet: 2,9

[00:06:56.458][Info]: [SPP_AND_LE]app_key_evnet: 2,9

IPP
[00:06:56.608][Info]: [SPP_AND_LE]app_key_evnet: 2,9

[00:06:56.758][Info]: [SPP_AND_LE]app_key_evnet: 2,9

[00:06:56.908][Info]: [SPP_AND_LE]app_key_evnet: 2,9

[00:06:57.058][Info]: [SPP_AND_LE]app_key_evnet: 2,9

IPP
[00:06:57.208][Info]: [SPP_AND_LE]app_key_evnet: 2,9

[00:06:57.358][Info]: [SPP_AND_LE]app_key_evnet: 2,9

[00:06:57.508][Info]: [SPP_AND_LE]app_key_evnet: 2,9

IPP
[00:06:57.658][Info]: [SPP_AND_LE]app_key_evnet: 2,9

[00:06:57.808][Info]: [SPP_AND_LE]app_key_evnet: 2,9

[00:06:57.958][Info]: [SPP_AND_LE]app_key_evnet: 2,9

IPP
[00:06:58.108][Info]: [SPP_AND_LE]app_key_evnet: 2,9

[00:06:58.258][Info]: [SPP_AND_LE]app_key_evnet: 2,9

[00:06:58.408][Info]: [SPP_AND_LE]app_key_evnet: 2,9

[00:06:58.558][Info]: [SPP_AND_LE]app_key_evnet: 2,9

IPP
[00:06:58.708][Info]: [SPP_AND_LE]app_key_evnet: 2,9

[00:06:58.858][Info]: [SPP_AND_LE]app_key_evnet: 2,9

[00:06:59.008][Info]: [SPP_AND_LE]app_key_evnet: 2,9

IPP
[00:06:59.158][Info]: [SPP_AND_LE]app_key_evnet: 2,9

[00:06:59.308][Info]: [SPP_AND_LE]app_key_evnet: 2,9

[00:06:59.458][Info]: [SPP_AND_LE]app_key_evnet: 2,9

IPP
[00:06:59.608][Info]: [SPP_AND_LE]app_key_evnet: 2,9

[00:06:59.758][Info]: [SPP_AND_LE]app_key_evnet: 2,9

[00:06:59.908][Info]: [SPP_AND_LE]app_key_evnet: 2,9

[00:07:00.058][Info]: [SPP_AND_LE]app_key_evnet: 2,9

IPP
[00:07:00.208][Info]: [SPP_AND_LE]app_key_evnet: 2,9

[00:07:00.357][Info]: [SPP_AND_LE]app_key_evnet: 2,9

[00:07:00.366][BLE_TRANS]WTYI dynamic name switch to: WTYI_BT_TEST
 
[00:07:00.368][Info]: [GATT_SERVER]adv_en:0

[00:07:00.368][Info]: [GATT_SERVER]server_work_st:20->2

[00:07:00.369][BLE_TRANS]server_state: handle=00,02
 
[00:07:00.371][Info]: [GATT_COMM]ble_comm_set_config_name

[00:07:00.372][Info]: [GATT_COMM]ble name(17): WTYI_BT_TEST(BLE) 

[00:07:00.373][BLE_TRANS]trans_adv_data(26): 
02 01 06 03 03 30 AF 12 09 57 54 59 49 5F 42 54 
5F 54 45 53 54 28 42 4C 45 29 
[00:07:00.375][BLE_TRANS]rsp_data(0): 
[00:07:00.375][Info]: [GATT_SERVER]__gatt_server_just_new_dev_adv

[00:07:00.376][Info]: [GATT_SERVER]new_dev_adv

[00:07:00.377][Info]: [GATT_SERVER]adv_en:1

[00:07:00.378][Info]: [GATT_SERVER]server_work_st:2->20

[00:07:00.379][BLE_TRANS]server_state: handle=00,20
 
[00:07:00.508][Info]: [SPP_AND_LE]app_key_evnet: 2,9

IPP
[00:07:00.658][Info]: [SPP_AND_LE]app_key_evnet: 2,9

[00:07:00.808][Info]: [SPP_AND_LE]app_key_evnet: 2,9

[00:07:00.958][Info]: [SPP_AND_LE]app_key_evnet: 2,9

IPP
[00:07:01.108][Info]: [SPP_AND_LE]app_key_evnet: 2,9

[00:07:01.258][Info]: [SPP_AND_LE]app_key_evnet: 2,9

[00:07:01.408][Info]: [SPP_AND_LE]app_key_evnet: 2,9

[00:07:01.558][Info]: [SPP_AND_LE]app_key_evnet: 2,9

IPP
[00:07:01.708][Info]: [SPP_AND_LE]app_key_evnet: 2,9

[00:07:01.858][Info]: [SPP_AND_LE]app_key_evnet: 2,9

[00:07:02.008][Info]: [SPP_AND_LE]app_key_evnet: 2,9

IPP
[00:07:02.158][Info]: [SPP_AND_LE]app_key_evnet: 2,9

[00:07:02.308][Info]: [SPP_AND_LE]app_key_evnet: 2,9

[00:07:02.458][Info]: [SPP_AND_LE]app_key_evnet: 2,9

IPP
[00:07:02.608][Info]: [SPP_AND_LE]app_key_evnet: 2,9

[00:07:02.758][Info]: [SPP_AND_LE]app_key_evnet: 2,9

[00:07:02.908][Info]: [SPP_AND_LE]app_key_evnet: 2,9

[00:07:03.058][Info]: [SPP_AND_LE]app_key_evnet: 2,9

IPP
[00:07:03.208][Info]: [SPP_AND_LE]app_key_evnet: 2,9

[00:07:03.358][Info]: [SPP_AND_LE]app_key_evnet: 2,9

[00:07:03.508][Info]: [SPP_AND_LE]app_key_evnet: 2,9

IPP
[00:07:03.658][Info]: [SPP_AND_LE]app_key_evnet: 2,9

[00:07:03.808][Info]: [SPP_AND_LE]app_key_evnet: 2,9

[00:07:03.958][Info]: [SPP_AND_LE]app_key_evnet: 2,9

IPP
[00:07:04.108][Info]: [SPP_AND_LE]app_key_evnet: 2,9

[00:07:04.258][Info]: [SPP_AND_LE]app_key_evnet: 2,9

[00:07:04.408][Info]: [SPP_AND_LE]app_key_evnet: 2,9

[00:07:04.558][Info]: [SPP_AND_LE]app_key_evnet: 2,9

IPP
[00:07:04.708][Info]: [SPP_AND_LE]app_key_evnet: 2,9

[00:07:04.858][Info]: [SPP_AND_LE]app_key_evnet: 2,9

[00:07:05.008][Info]: [SPP_AND_LE]app_key_evnet: 2,9

IPP
[00:07:05.158][Info]: [SPP_AND_LE]app_key_evnet: 2,9

[00:07:05.308][Info]: [SPP_AND_LE]app_key_evnet: 2,9

[00:07:05.458][Info]: [SPP_AND_LE]app_key_evnet: 2,9

IPP
[00:07:05.608][Info]: [SPP_AND_LE]app_key_evnet: 2,9

[00:07:05.758][Info]: [SPP_AND_LE]app_key_evnet: 2,9

[00:07:05.908][Info]: [SPP_AND_LE]app_key_evnet: 2,9

[00:07:06.058][Info]: [SPP_AND_LE]app_key_evnet: 2,9

IPP
[00:07:06.208][Info]: [SPP_AND_LE]app_key_evnet: 2,9

[00:07:06.358][Info]: [SPP_AND_LE]app_key_evnet: 2,9

[00:07:06.508][Info]: [SPP_AND_LE]app_key_evnet: 2,9

IPP
[00:07:06.658][Info]: [SPP_AND_LE]app_key_evnet: 2,9

[00:07:06.808][Info]: [SPP_AND_LE]app_key_evnet: 2,9

[00:07:06.958][Info]: [SPP_AND_LE]app_key_evnet: 2,9

IPP
[00:07:07.108][Info]: [SPP_AND_LE]app_key_evnet: 2,9

[00:07:07.258][Info]: [SPP_AND_LE]app_key_evnet: 2,9

[00:07:07.408][Info]: [SPP_AND_LE]app_key_evnet: 2,9

[00:07:07.558][Info]: [SPP_AND_LE]app_key_evnet: 2,9

IPP
[00:07:07.708][Info]: [SPP_AND_LE]app_key_evnet: 2,9

[00:07:07.858][Info]: [SPP_AND_LE]app_key_evnet: 2,9

[00:07:08.008][Info]: [SPP_AND_LE]app_key_evnet: 2,9

IPP
[00:07:08.158][Info]: [SPP_AND_LE]app_key_evnet: 2,9

[00:07:08.308][Info]: [SPP_AND_LE]app_key_evnet: 2,9

[00:07:08.458][Info]: [SPP_AND_LE]app_key_evnet: 2,9

IPP
[00:07:08.608][Info]: [SPP_AND_LE]app_key_evnet: 2,9

[00:07:08.758][Info]: [SPP_AND_LE]app_key_evnet: 2,9

[00:07:08.908][Info]: [SPP_AND_LE]app_key_evnet: 2,9

[00:07:09.058][Info]: [SPP_AND_LE]app_key_evnet: 2,9

IPP
[00:07:09.208][Info]: [SPP_AND_LE]app_key_evnet: 2,9

[00:07:09.358][Info]: [SPP_AND_LE]app_key_evnet: 2,9

[00:07:09.508][Info]: [SPP_AND_LE]app_key_evnet: 2,9

IPP
[00:07:09.658][Info]: [SPP_AND_LE]app_key_evnet: 2,9

[00:07:09.808][Info]: [SPP_AND_LE]app_key_evnet: 2,9

[00:07:09.958][Info]: [SPP_AND_LE]app_key_evnet: 2,9

IPP
[00:07:10.108][Info]: [SPP_AND_LE]app_key_evnet: 2,9

[00:07:10.258][Info]: [SPP_AND_LE]app_key_evnet: 2,9

[00:07:10.366][BLE_TRANS]WTYI dynamic name switch to: WTYI_BT_TEST_B
 
[00:07:10.368][Info]: [GATT_SERVER]adv_en:0

[00:07:10.368][Info]: [GATT_SERVER]server_work_st:20->2

[00:07:10.369][BLE_TRANS]server_state: handle=00,02
 
[00:07:10.371][Info]: [GATT_COMM]ble_comm_set_config_name

[00:07:10.372][Info]: [GATT_COMM]ble name(19): WTYI_BT_TEST_B(BLE) 

[00:07:10.373][BLE_TRANS]trans_adv_data(28): 
02 01 06 03 03 30 AF 14 09 57 54 59 49 5F 42 54 
5F 54 45 53 54 5F 42 28 42 4C 45 29 
[00:07:10.375][BLE_TRANS]rsp_data(0): 
[00:07:10.376][Info]: [GATT_SERVER]__gatt_server_just_new_dev_adv

[00:07:10.377][Info]: [GATT_SERVER]new_dev_adv

[00:07:10.378][Info]: [GATT_SERVER]adv_en:1

[00:07:10.378][Info]: [GATT_SERVER]server_work_st:2->20

[00:07:10.379][BLE_TRANS]server_state: handle=00,20
 
[00:07:10.408][Info]: [SPP_AND_LE]app_key_evnet: 2,9

[00:07:10.558][Info]: [SPP_AND_LE]app_key_evnet: 2,9

IPP
[00:07:10.708][Info]: [SPP_AND_LE]app_key_evnet: 2,9

[00:07:10.858][Info]: [SPP_AND_LE]app_key_evnet: 2,9

[00:07:11.008][Info]: [SPP_AND_LE]app_key_evnet: 2,9

IPP
[00:07:11.158][Info]: [SPP_AND_LE]app_key_evnet: 2,9

[00:07:11.308][Info]: [SPP_AND_LE]app_key_evnet: 2,9

[00:07:11.458][Info]: [SPP_AND_LE]app_key_evnet: 2,9

IPP
[00:07:11.608][Info]: [SPP_AND_LE]app_key_evnet: 2,9

[00:07:11.758][Info]: [SPP_AND_LE]app_key_evnet: 2,9

[00:07:11.908][Info]: [SPP_AND_LE]app_key_evnet: 2,9

[00:07:12.058][Info]: [SPP_AND_LE]app_key_evnet: 2,9

IPP
[00:07:12.208][Info]: [SPP_AND_LE]app_key_evnet: 2,9

[00:07:12.358][Info]: [SPP_AND_LE]app_key_evnet: 2,9

[00:07:12.508][Info]: [SPP_AND_LE]app_key_evnet: 2,9

IPP
[00:07:12.658][Info]: [SPP_AND_LE]app_key_evnet: 2,9

[00:07:12.808][Info]: [SPP_AND_LE]app_key_evnet: 2,9

[00:07:12.958][Info]: [SPP_AND_LE]app_key_evnet: 2,9

IPP
[00:07:13.108][Info]: [SPP_AND_LE]app_key_evnet: 2,9

[00:07:13.258][Info]: [SPP_AND_LE]app_key_evnet: 2,9

[00:07:13.408][Info]: [SPP_AND_LE]app_key_evnet: 2,9

[00:07:13.558][Info]: [SPP_AND_LE]app_key_evnet: 2,9

IPP
[00:07:13.708][Info]: [SPP_AND_LE]app_key_evnet: 2,9

[00:07:13.858][Info]: [SPP_AND_LE]app_key_evnet: 2,9

[00:07:14.008][Info]: [SPP_AND_LE]app_key_evnet: 2,9

IPP
[00:07:14.158][Info]: [SPP_AND_LE]app_key_evnet: 2,9

[00:07:14.308][Info]: [SPP_AND_LE]app_key_evnet: 2,9

[00:07:14.458][Info]: [SPP_AND_LE]app_key_evnet: 2,9

IPP
[00:07:14.608][Info]: [SPP_AND_LE]app_key_evnet: 2,9

[00:07:14.758][Info]: [SPP_AND_LE]app_key_evnet: 2,9

[00:07:14.908][Info]: [SPP_AND_LE]app_key_evnet: 2,9

[00:07:15.058][Info]: [SPP_AND_LE]app_key_evnet: 2,9

IPP
[00:07:15.208][Info]: [SPP_AND_LE]app_key_evnet: 2,9

[00:07:15.358][Info]: [SPP_AND_LE]app_key_evnet: 2,9

[00:07:15.508][Info]: [SPP_AND_LE]app_key_evnet: 2,9

IPP
[00:07:15.658][Info]: [SPP_AND_LE]app_key_evnet: 2,9

[00:07:15.808][Info]: [SPP_AND_LE]app_key_evnet: 2,9

[00:07:15.958][Info]: [SPP_AND_LE]app_key_evnet: 2,9

IP
[00:07:16.108][Info]: [SPP_AND_LE]app_key_evnet: 2,9

P
[00:07:16.258][Info]: [SPP_AND_LE]app_key_evnet: 2,9

[00:07:16.408][Info]: [SPP_AND_LE]app_key_evnet: 2,9

[00:07:16.558][Info]: [SPP_AND_LE]app_key_evnet: 2,9

IPP
[00:07:16.708][Info]: [SPP_AND_LE]app_key_evnet: 2,9

[00:07:16.858][Info]: [SPP_AND_LE]app_key_evnet: 2,9

[00:07:17.008][Info]: [SPP_AND_LE]app_key_evnet: 2,9

IPP
[00:07:17.158][Info]: [SPP_AND_LE]app_key_evnet: 2,9

[00:07:17.308][Info]: [SPP_AND_LE]app_key_evnet: 2,9

[00:07:17.458][Info]: [SPP_AND_LE]app_key_evnet: 2,9

IP
[00:07:17.608][Info]: [SPP_AND_LE]app_key_evnet: 2,9

P
[00:07:17.758][Info]: [SPP_AND_LE]app_key_evnet: 2,9

[00:07:17.908][Info]: [SPP_AND_LE]app_key_evnet: 2,9

[00:07:18.058][Info]: [SPP_AND_LE]app_key_evnet: 2,9

IPP
[00:07:18.208][Info]: [SPP_AND_LE]app_key_evnet: 2,9

[00:07:18.358][Info]: [SPP_AND_LE]app_key_evnet: 2,9

[00:07:18.508][Info]: [SPP_AND_LE]app_key_evnet: 2,9

IPP
[00:07:18.658][Info]: [SPP_AND_LE]app_key_evnet: 2,9

[00:07:18.808][Info]: [SPP_AND_LE]app_key_evnet: 2,9

[00:07:18.958][Info]: [SPP_AND_LE]app_key_evnet: 2,9

IP
[00:07:19.108][Info]: [SPP_AND_LE]app_key_evnet: 2,9

P
[00:07:19.258][Info]: [SPP_AND_LE]app_key_evnet: 2,9

[00:07:19.408][Info]: [SPP_AND_LE]app_key_evnet: 2,9

[00:07:19.558][Info]: [SPP_AND_LE]app_key_evnet: 2,9

IPP
[00:07:19.708][Info]: [SPP_AND_LE]app_key_evnet: 2,9

[00:07:19.858][Info]: [SPP_AND_LE]app_key_evnet: 2,9

[00:07:20.008][Info]: [SPP_AND_LE]app_key_evnet: 2,9

IPP
[00:07:20.158][Info]: [SPP_AND_LE]app_key_evnet: 2,9

[00:07:20.308][Info]: [SPP_AND_LE]app_key_evnet: 2,9

[00:07:20.366][BLE_TRANS]WTYI dynamic name switch to: WTYI_BT_TEST
 
[00:07:20.368][Info]: [GATT_SERVER]adv_en:0

[00:07:20.368][Info]: [GATT_SERVER]server_work_st:20->2

[00:07:20.369][BLE_TRANS]server_state: handle=00,02
 
[00:07:20.371][Info]: [GATT_COMM]ble_comm_set_config_name

[00:07:20.372][Info]: [GATT_COMM]ble name(17): WTYI_BT_TEST(BLE) 

[00:07:20.373][BLE_TRANS]trans_adv_data(26): 
02 01 06 03 03 30 AF 12 09 57 54 59 49 5F 42 54 
5F 54 45 53 54 28 42 4C 45 29 
[00:07:20.375][BLE_TRANS]rsp_data(0): 
[00:07:20.376][Info]: [GATT_SERVER]__gatt_server_just_new_dev_adv

[00:07:20.376][Info]: [GATT_SERVER]new_dev_adv

[00:07:20.378][Info]: [GATT_SERVER]adv_en:1

[00:07:20.378][Info]: [GATT_SERVER]server_work_st:2->20

[00:07:20.379][BLE_TRANS]server_state: handle=00,20
 
[00:07:20.458][Info]: [SPP_AND_LE]app_key_evnet: 2,9

IP
[00:07:20.608][Info]: [SPP_AND_LE]app_key_evnet: 2,9

P
[00:07:20.758][Info]: [SPP_AND_LE]app_key_evnet: 2,9

[00:07:20.908][Info]: [SPP_AND_LE]app_key_evnet: 2,9

[00:07:21.058][Info]: [SPP_AND_LE]app_key_evnet: 2,9

IPP
[00:07:21.208][Info]: [SPP_AND_LE]app_key_evnet: 2,9

[00:07:21.358][Info]: [SPP_AND_LE]app_key_evnet: 2,9

[00:07:21.508][Info]: [SPP_AND_LE]app_key_evnet: 2,9

IPP
[00:07:21.658][Info]: [SPP_AND_LE]app_key_evnet: 2,9

[00:07:21.808][Info]: [SPP_AND_LE]app_key_evnet: 2,9

[00:07:21.958][Info]: [SPP_AND_LE]app_key_evnet: 2,9

IP
[00:07:22.108][Info]: [SPP_AND_LE]app_key_evnet: 2,9

P
[00:07:22.258][Info]: [SPP_AND_LE]app_key_evnet: 2,9

[00:07:22.408][Info]: [SPP_AND_LE]app_key_evnet: 2,9

[00:07:22.558][Info]: [SPP_AND_LE]app_key_evnet: 2,9

IPP
[00:07:22.708][Info]: [SPP_AND_LE]app_key_evnet: 2,9

[00:07:22.858][Info]: [SPP_AND_LE]app_key_evnet: 2,9

[00:07:23.008][Info]: [SPP_AND_LE]app_key_evnet: 2,9

IPP
[00:07:23.158][Info]: [SPP_AND_LE]app_key_evnet: 2,9

[00:07:23.308][Info]: [SPP_AND_LE]app_key_evnet: 2,9

[00:07:23.458][Info]: [SPP_AND_LE]app_key_evnet: 2,9

IP
[00:07:23.608][Info]: [SPP_AND_LE]app_key_evnet: 2,9

P
[00:07:23.758][Info]: [SPP_AND_LE]app_key_evnet: 2,9

[00:07:23.908][Info]: [SPP_AND_LE]app_key_evnet: 2,9

[00:07:24.058][Info]: [SPP_AND_LE]app_key_evnet: 2,9

IPP
[00:07:24.208][Info]: [SPP_AND_LE]app_key_evnet: 2,9

[00:07:24.358][Info]: [SPP_AND_LE]app_key_evnet: 2,9

[00:07:24.508][Info]: [SPP_AND_LE]app_key_evnet: 2,9

IPP
[00:07:24.658][Info]: [SPP_AND_LE]app_key_evnet: 2,9

[00:07:24.808][Info]: [SPP_AND_LE]app_key_evnet: 2,9

[00:07:24.958][Info]: [SPP_AND_LE]app_key_evnet: 2,9

IP
[00:07:25.108][Info]: [SPP_AND_LE]app_key_evnet: 2,9

P
[00:07:25.258][Info]: [SPP_AND_LE]app_key_evnet: 2,9

[00:07:25.408][Info]: [SPP_AND_LE]app_key_evnet: 2,9

[00:07:25.558][Info]: [SPP_AND_LE]app_key_evnet: 2,9

IPP
[00:07:25.708][Info]: [SPP_AND_LE]app_key_evnet: 2,9

[00:07:25.858][Info]: [SPP_AND_LE]app_key_evnet: 2,9

[00:07:26.008][Info]: [SPP_AND_LE]app_key_evnet: 2,9

IPP
[00:07:26.158][Info]: [SPP_AND_LE]app_key_evnet: 2,9

[00:07:26.308][Info]: [SPP_AND_LE]app_key_evnet: 2,9

[00:07:26.458][Info]: [SPP_AND_LE]app_key_evnet: 2,9

IP
[00:07:26.608][Info]: [SPP_AND_LE]app_key_evnet: 2,9

P
[00:07:26.758][Info]: [SPP_AND_LE]app_key_evnet: 2,9

[00:07:26.908][Info]: [SPP_AND_LE]app_key_evnet: 2,9

[00:07:27.058][Info]: [SPP_AND_LE]app_key_evnet: 2,9

IPP
[00:07:27.208][Info]: [SPP_AND_LE]app_key_evnet: 2,9

[00:07:27.358][Info]: [SPP_AND_LE]app_key_evnet: 2,9

[00:07:27.508][Info]: [SPP_AND_LE]app_key_evnet: 2,9

IPP
[00:07:27.658][Info]: [SPP_AND_LE]app_key_evnet: 2,9

[00:07:27.808][Info]: [SPP_AND_LE]app_key_evnet: 2,9

[00:07:27.958][Info]: [SPP_AND_LE]app_key_evnet: 2,9

IP
[00:07:28.108][Info]: [SPP_AND_LE]app_key_evnet: 2,9

P
[00:07:28.258][Info]: [SPP_AND_LE]app_key_evnet: 2,9

[00:07:28.408][Info]: [SPP_AND_LE]app_key_evnet: 2,9

[00:07:28.558][Info]: [SPP_AND_LE]app_key_evnet: 2,9

IPP
[00:07:28.708][Info]: [SPP_AND_LE]app_key_evnet: 2,9

[00:07:28.858][Info]: [SPP_AND_LE]app_key_evnet: 2,9

[00:07:29.008][Info]: [SPP_AND_LE]app_key_evnet: 2,9

IPP
[00:07:29.158][Info]: [SPP_AND_LE]app_key_evnet: 2,9

[00:07:29.308][Info]: [SPP_AND_LE]app_key_evnet: 2,9

[00:07:29.458][Info]: [SPP_AND_LE]app_key_evnet: 2,9

IP
[00:07:29.608][Info]: [SPP_AND_LE]app_key_evnet: 2,9

P
[00:07:29.758][Info]: [SPP_AND_LE]app_key_evnet: 2,9

[00:07:29.908][Info]: [SPP_AND_LE]app_key_evnet: 2,9

[00:07:30.058][Info]: [SPP_AND_LE]app_key_evnet: 2,9

IPP
[00:07:30.208][Info]: [SPP_AND_LE]app_key_evnet: 2,9

[00:07:30.357][Info]: [SPP_AND_LE]app_key_evnet: 2,9

[00:07:30.366][BLE_TRANS]WTYI dynamic name switch to: WTYI_BT_TEST_B
 
[00:07:30.368][Info]: [GATT_SERVER]adv_en:0

[00:07:30.368][Info]: [GATT_SERVER]server_work_st:20->2

[00:07:30.369][BLE_TRANS]server_state: handle=00,02
 
[00:07:30.371][Info]: [GATT_COMM]ble_comm_set_config_name

[00:07:30.372][Info]: [GATT_COMM]ble name(19): WTYI_BT_TEST_B(BLE) 

[00:07:30.373][BLE_TRANS]trans_adv_data(28): 
02 01 06 03 03 30 AF 14 09 57 54 59 49 5F 42 54 
5F 54 45 53 54 5F 42 28 42 4C 45 29 
[00:07:30.375][BLE_TRANS]rsp_data(0): 
[00:07:30.376][Info]: [GATT_SERVER]__gatt_server_just_new_dev_adv

[00:07:30.377][Info]: [GATT_SERVER]new_dev_adv

[00:07:30.378][Info]: [GATT_SERVER]adv_en:1

[00:07:30.378][Info]: [GATT_SERVER]server_work_st:2->20

[00:07:30.379][BLE_TRANS]server_state: handle=00,20
 
[00:07:30.508][Info]: [SPP_AND_LE]app_key_evnet: 2,9

IPP
[00:07:30.658][Info]: [SPP_AND_LE]app_key_evnet: 2,9

[00:07:30.808][Info]: [SPP_AND_LE]app_key_evnet: 2,9

[00:07:30.958][Info]: [SPP_AND_LE]app_key_evnet: 2,9

IP
[00:07:31.108][Info]: [SPP_AND_LE]app_key_evnet: 2,9

P
[00:07:31.258][Info]: [SPP_AND_LE]app_key_evnet: 2,9

[00:07:31.408][Info]: [SPP_AND_LE]app_key_evnet: 2,9

[00:07:31.558][Info]: [SPP_AND_LE]app_key_evnet: 2,9

IPP
[00:07:31.708][Info]: [SPP_AND_LE]app_key_evnet: 2,9

[00:07:31.858][Info]: [SPP_AND_LE]app_key_evnet: 2,9

[00:07:32.008][Info]: [SPP_AND_LE]app_key_evnet: 2,9

IPP
[00:07:32.158][Info]: [SPP_AND_LE]app_key_evnet: 2,9

[00:07:32.308][Info]: [SPP_AND_LE]app_key_evnet: 2,9

[00:07:32.458][Info]: [SPP_AND_LE]app_key_evnet: 2,9

IP
[00:07:32.608][Info]: [SPP_AND_LE]app_key_evnet: 2,9

P
[00:07:32.758][Info]: [SPP_AND_LE]app_key_evnet: 2,9

[00:07:32.908][Info]: [SPP_AND_LE]app_key_evnet: 2,9

[00:07:33.058][Info]: [SPP_AND_LE]app_key_evnet: 2,9

IPP
[00:07:33.208][Info]: [SPP_AND_LE]app_key_evnet: 2,9

[00:07:33.358][Info]: [SPP_AND_LE]app_key_evnet: 2,9

[00:07:33.508][Info]: [SPP_AND_LE]app_key_evnet: 2,9

IPP
[00:07:33.658][Info]: [SPP_AND_LE]app_key_evnet: 2,9

[00:07:33.808][Info]: [SPP_AND_LE]app_key_evnet: 2,9

[00:07:33.958][Info]: [SPP_AND_LE]app_key_evnet: 2,9

IP
[00:07:34.108][Info]: [SPP_AND_LE]app_key_evnet: 2,9

P
[00:07:34.258][Info]: [SPP_AND_LE]app_key_evnet: 2,9

[00:07:34.408][Info]: [SPP_AND_LE]app_key_evnet: 2,9

[00:07:34.558][Info]: [SPP_AND_LE]app_key_evnet: 2,9

IPP
[00:07:34.708][Info]: [SPP_AND_LE]app_key_evnet: 2,9

[00:07:34.858][Info]: [SPP_AND_LE]app_key_evnet: 2,9

[00:07:35.008][Info]: [SPP_AND_LE]app_key_evnet: 2,9

IPP
[00:07:35.158][Info]: [SPP_AND_LE]app_key_evnet: 2,9

[00:07:35.308][Info]: [SPP_AND_LE]app_key_evnet: 2,9

[00:07:35.458][Info]: [SPP_AND_LE]app_key_evnet: 2,9

I
[00:07:35.608][Info]: [SPP_AND_LE]app_key_evnet: 2,9

PP
[00:07:35.758][Info]: [SPP_AND_LE]app_key_evnet: 2,9

[00:07:35.908][Info]: [SPP_AND_LE]app_key_evnet: 2,9

[00:07:36.058][Info]: [SPP_AND_LE]app_key_evnet: 2,9

IPP
[00:07:36.208][Info]: [SPP_AND_LE]app_key_evnet: 2,9

[00:07:36.358][Info]: [SPP_AND_LE]app_key_evnet: 2,9

[00:07:36.508][Info]: [SPP_AND_LE]app_key_evnet: 2,9

IPP
[00:07:36.658][Info]: [SPP_AND_LE]app_key_evnet: 2,9

[00:07:36.808][Info]: [SPP_AND_LE]app_key_evnet: 2,9

[00:07:36.958][Info]: [SPP_AND_LE]app_key_evnet: 2,9

I
[00:07:37.108][Info]: [SPP_AND_LE]app_key_evnet: 2,9

PP
[00:07:37.258][Info]: [SPP_AND_LE]app_key_evnet: 2,9

[00:07:37.408][Info]: [SPP_AND_LE]app_key_evnet: 2,9

[00:07:37.558][Info]: [SPP_AND_LE]app_key_evnet: 2,9

IPP
[00:07:37.708][Info]: [SPP_AND_LE]app_key_evnet: 2,9

[00:07:37.858][Info]: [SPP_AND_LE]app_key_evnet: 2,9

[00:07:38.008][Info]: [SPP_AND_LE]app_key_evnet: 2,9

IPP
[00:07:38.158][Info]: [SPP_AND_LE]app_key_evnet: 2,9

[00:07:38.308][Info]: [SPP_AND_LE]app_key_evnet: 2,9

[00:07:38.458][Info]: [SPP_AND_LE]app_key_evnet: 2,9

I
[00:07:38.608][Info]: [SPP_AND_LE]app_key_evnet: 2,9

PP
[00:07:38.758][Info]: [SPP_AND_LE]app_key_evnet: 2,9

[00:07:38.908][Info]: [SPP_AND_LE]app_key_evnet: 2,9

[00:07:39.058][Info]: [SPP_AND_LE]app_key_evnet: 2,9

IPP
[00:07:39.208][Info]: [SPP_AND_LE]app_key_evnet: 2,9

[00:07:39.358][Info]: [SPP_AND_LE]app_key_evnet: 2,9

[00:07:39.508][Info]: [SPP_AND_LE]app_key_evnet: 2,9

IPP
[00:07:39.658][Info]: [SPP_AND_LE]app_key_evnet: 2,9

[00:07:39.808][Info]: [SPP_AND_LE]app_key_evnet: 2,9

[00:07:39.958][Info]: [SPP_AND_LE]app_key_evnet: 2,9

I
[00:07:40.108][Info]: [SPP_AND_LE]app_key_evnet: 2,9

PP
[00:07:40.258][Info]: [SPP_AND_LE]app_key_evnet: 2,9

[00:07:40.366][BLE_TRANS]WTYI dynamic name switch to: WTYI_BT_TEST
 
[00:07:40.368][Info]: [GATT_SERVER]adv_en:0

[00:07:40.368][Info]: [GATT_SERVER]server_work_st:20->2

[00:07:40.369][BLE_TRANS]server_state: handle=00,02
 
[00:07:40.371][Info]: [GATT_COMM]ble_comm_set_config_name

[00:07:40.372][Info]: [GATT_COMM]ble name(17): WTYI_BT_TEST(BLE) 

[00:07:40.373][BLE_TRANS]trans_adv_data(26): 
02 01 06 03 03 30 AF 12 09 57 54 59 49 5F 42 54 
5F 54 45 53 54 28 42 4C 45 29 
[00:07:40.375][BLE_TRANS]rsp_data(0): 
[00:07:40.376][Info]: [GATT_SERVER]__gatt_server_just_new_dev_adv

[00:07:40.376][Info]: [GATT_SERVER]new_dev_adv

[00:07:40.378][Info]: [GATT_SERVER]adv_en:1

[00:07:40.378][Info]: [GATT_SERVER]server_work_st:2->20

[00:07:40.379][BLE_TRANS]server_state: handle=00,20
 
[00:07:40.408][Info]: [SPP_AND_LE]app_key_evnet: 2,9

[00:07:40.558][Info]: [SPP_AND_LE]app_key_evnet: 2,9

IPP
[00:07:40.708][Info]: [SPP_AND_LE]app_key_evnet: 2,9

[00:07:40.858][Info]: [SPP_AND_LE]app_key_evnet: 2,9

[00:07:41.008][Info]: [SPP_AND_LE]app_key_evnet: 2,9

IPP
[00:07:41.158][Info]: [SPP_AND_LE]app_key_evnet: 2,9

[00:07:41.308][Info]: [SPP_AND_LE]app_key_evnet: 2,9

[00:07:41.458][Info]: [SPP_AND_LE]app_key_evnet: 2,9

I
[00:07:41.608][Info]: [SPP_AND_LE]app_key_evnet: 2,9

PP
[00:07:41.758][Info]: [SPP_AND_LE]app_key_evnet: 2,9

[00:07:41.908][Info]: [SPP_AND_LE]app_key_evnet: 2,9

[00:07:42.058][Info]: [SPP_AND_LE]app_key_evnet: 2,9

IPP
[00:07:42.208][Info]: [SPP_AND_LE]app_key_evnet: 2,9

[00:07:42.358][Info]: [SPP_AND_LE]app_key_evnet: 2,9

[00:07:42.508][Info]: [SPP_AND_LE]app_key_evnet: 2,9

IPP
[00:07:42.658][Info]: [SPP_AND_LE]app_key_evnet: 2,9

[00:07:42.808][Info]: [SPP_AND_LE]app_key_evnet: 2,9

[00:07:42.958][Info]: [SPP_AND_LE]app_key_evnet: 2,9

I
[00:07:43.108][Info]: [SPP_AND_LE]app_key_evnet: 2,9

PP
[00:07:43.258][Info]: [SPP_AND_LE]app_key_evnet: 2,9

[00:07:43.408][Info]: [SPP_AND_LE]app_key_evnet: 2,9

[00:07:43.558][Info]: [SPP_AND_LE]app_key_evnet: 2,9

IPP
[00:07:43.708][Info]: [SPP_AND_LE]app_key_evnet: 2,9

[00:07:43.858][Info]: [SPP_AND_LE]app_key_evnet: 2,9

[00:07:44.008][Info]: [SPP_AND_LE]app_key_evnet: 2,9

IPP
[00:07:44.158][Info]: [SPP_AND_LE]app_key_evnet: 2,9

[00:07:44.308][Info]: [SPP_AND_LE]app_key_evnet: 2,9

[00:07:44.458][Info]: [SPP_AND_LE]app_key_evnet: 2,9

I
[00:07:44.608][Info]: [SPP_AND_LE]app_key_evnet: 2,9

PP
[00:07:44.758][Info]: [SPP_AND_LE]app_key_evnet: 2,9

[00:07:44.908][Info]: [SPP_AND_LE]app_key_evnet: 2,9

[00:07:45.058][Info]: [SPP_AND_LE]app_key_evnet: 2,9

IPP
[00:07:45.208][Info]: [SPP_AND_LE]app_key_evnet: 2,9

[00:07:45.358][Info]: [SPP_AND_LE]app_key_evnet: 2,9

[00:07:45.508][Info]: [SPP_AND_LE]app_key_evnet: 2,9

IPP
[00:07:45.658][Info]: [SPP_AND_LE]app_key_evnet: 2,9

[00:07:45.808][Info]: [SPP_AND_LE]app_key_evnet: 2,9

[00:07:45.958][Info]: [SPP_AND_LE]app_key_evnet: 2,9

I
[00:07:46.108][Info]: [SPP_AND_LE]app_key_evnet: 2,9

PP
[00:07:46.258][Info]: [SPP_AND_LE]app_key_evnet: 2,9

[00:07:46.408][Info]: [SPP_AND_LE]app_key_evnet: 2,9

[00:07:46.558][Info]: [SPP_AND_LE]app_key_evnet: 2,9

IPP
[00:07:46.708][Info]: [SPP_AND_LE]app_key_evnet: 2,9

[00:07:46.858][Info]: [SPP_AND_LE]app_key_evnet: 2,9

[00:07:47.008][Info]: [SPP_AND_LE]app_key_evnet: 2,9

IPP
[00:07:47.158][Info]: [SPP_AND_LE]app_key_evnet: 2,9

[00:07:47.308][Info]: [SPP_AND_LE]app_key_evnet: 2,9

[00:07:47.458][Info]: [SPP_AND_LE]app_key_evnet: 2,9

I
[00:07:47.608][Info]: [SPP_AND_LE]app_key_evnet: 2,9

PP
[00:07:47.758][Info]: [SPP_AND_LE]app_key_evnet: 2,9

[00:07:47.908][Info]: [SPP_AND_LE]app_key_evnet: 2,9

[00:07:48.058][Info]: [SPP_AND_LE]app_key_evnet: 2,9

IPP
[00:07:48.208][Info]: [SPP_AND_LE]app_key_evnet: 2,9

[00:07:48.358][Info]: [SPP_AND_LE]app_key_evnet: 2,9

[00:07:48.508][Info]: [SPP_AND_LE]app_key_evnet: 2,9

IPP
[00:07:48.658][Info]: [SPP_AND_LE]app_key_evnet: 2,9

[00:07:48.808][Info]: [SPP_AND_LE]app_key_evnet: 2,9

[00:07:48.958][Info]: [SPP_AND_LE]app_key_evnet: 2,9

I
[00:07:49.108][Info]: [SPP_AND_LE]app_key_evnet: 2,9

PP
[00:07:49.258][Info]: [SPP_AND_LE]app_key_evnet: 2,9

[00:07:49.408][Info]: [SPP_AND_LE]app_key_evnet: 2,9

[00:07:49.558][Info]: [SPP_AND_LE]app_key_evnet: 2,9

IPP
[00:07:49.708][Info]: [SPP_AND_LE]app_key_evnet: 2,9

[00:07:49.858][Info]: [SPP_AND_LE]app_key_evnet: 2,9

[00:07:50.008][Info]: [SPP_AND_LE]app_key_evnet: 2,9

IPP
[00:07:50.158][Info]: [SPP_AND_LE]app_key_evnet: 2,9

[00:07:50.308][Info]: [SPP_AND_LE]app_key_evnet: 2,9

[00:07:50.366][BLE_TRANS]WTYI dynamic name switch to: WTYI_BT_TEST_B
 
[00:07:50.368][Info]: [GATT_SERVER]adv_en:0

[00:07:50.368][Info]: [GATT_SERVER]server_work_st:20->2

[00:07:50.369][BLE_TRANS]server_state: handle=00,02
 
[00:07:50.371][Info]: [GATT_COMM]ble_comm_set_config_name

[00:07:50.372][Info]: [GATT_COMM]ble name(19): WTYI_BT_TEST_B(BLE) 

[00:07:50.373][BLE_TRANS]trans_adv_data(28): 
02 01 06 03 03 30 AF 14 09 57 54 59 49 5F 42 54 
5F 54 45 53 54 5F 42 28 42 4C 45 29 
[00:07:50.375][BLE_TRANS]rsp_data(0): 
[00:07:50.376][Info]: [GATT_SERVER]__gatt_server_just_new_dev_adv

[00:07:50.377][Info]: [GATT_SERVER]new_dev_adv

[00:07:50.378][Info]: [GATT_SERVER]adv_en:1

[00:07:50.378][Info]: [GATT_SERVER]server_work_st:2->20

[00:07:50.379][BLE_TRANS]server_state: handle=00,20
 
[00:07:50.458][Info]: [SPP_AND_LE]app_key_evnet: 2,9

I
[00:07:50.608][Info]: [SPP_AND_LE]app_key_evnet: 2,9

PP
[00:07:50.758][Info]: [SPP_AND_LE]app_key_evnet: 2,9

[00:07:50.908][Info]: [SPP_AND_LE]app_key_evnet: 2,9

[00:07:51.058][Info]: [SPP_AND_LE]app_key_evnet: 2,9

IPP
[00:07:51.208][Info]: [SPP_AND_LE]app_key_evnet: 2,9

[00:07:51.358][Info]: [SPP_AND_LE]app_key_evnet: 2,9

[00:07:51.508][Info]: [SPP_AND_LE]app_key_evnet: 2,9

IPP
[00:07:51.658][Info]: [SPP_AND_LE]app_key_evnet: 2,9

[00:07:51.808][Info]: [SPP_AND_LE]app_key_evnet: 2,9

[00:07:51.958][Info]: [SPP_AND_LE]app_key_evnet: 2,9

I
[00:07:52.108][Info]: [SPP_AND_LE]app_key_evnet: 2,9

PP
[00:07:52.258][Info]: [SPP_AND_LE]app_key_evnet: 2,9

[00:07:52.408][Info]: [SPP_AND_LE]app_key_evnet: 2,9

[00:07:52.558][Info]: [SPP_AND_LE]app_key_evnet: 2,9

IPP
[00:07:52.708][Info]: [SPP_AND_LE]app_key_evnet: 2,9

[00:07:52.858][Info]: [SPP_AND_LE]app_key_evnet: 2,9

[00:07:53.008][Info]: [SPP_AND_LE]app_key_evnet: 2,9

IPP
[00:07:53.158][Info]: [SPP_AND_LE]app_key_evnet: 2,9

[00:07:53.308][Info]: [SPP_AND_LE]app_key_evnet: 2,9

[00:07:53.458][Info]: [SPP_AND_LE]app_key_evnet: 2,9

I
[00:07:53.608][Info]: [SPP_AND_LE]app_key_evnet: 2,9

PP
[00:07:53.758][Info]: [SPP_AND_LE]app_key_evnet: 2,9

[00:07:53.908][Info]: [SPP_AND_LE]app_key_evnet: 2,9

[00:07:54.058][Info]: [SPP_AND_LE]app_key_evnet: 2,9

IPP
[00:07:54.208][Info]: [SPP_AND_LE]app_key_evnet: 2,9

[00:07:54.358][Info]: [SPP_AND_LE]app_key_evnet: 2,9

[00:07:54.508][Info]: [SPP_AND_LE]app_key_evnet: 2,9

IPP
[00:07:54.658][Info]: [SPP_AND_LE]app_key_evnet: 2,9

[00:07:54.808][Info]: [SPP_AND_LE]app_key_evnet: 2,9

[00:07:54.958][Info]: [SPP_AND_LE]app_key_evnet: 2,9

I
[00:07:55.108][Info]: [SPP_AND_LE]app_key_evnet: 2,9

PP
[00:07:55.258][Info]: [SPP_AND_LE]app_key_evnet: 2,9

[00:07:55.408][Info]: [SPP_AND_LE]app_key_evnet: 2,9

[00:07:55.558][Info]: [SPP_AND_LE]app_key_evnet: 2,9

IPP
[00:07:55.708][Info]: [SPP_AND_LE]app_key_evnet: 2,9

[00:07:55.858][Info]: [SPP_AND_LE]app_key_evnet: 2,9

[00:07:56.008][Info]: [SPP_AND_LE]app_key_evnet: 2,9

IPP
[00:07:56.158][Info]: [SPP_AND_LE]app_key_evnet: 2,9

[00:07:56.308][Info]: [SPP_AND_LE]app_key_evnet: 2,9

[00:07:56.458][Info]: [SPP_AND_LE]app_key_evnet: 2,9

I
[00:07:56.608][Info]: [SPP_AND_LE]app_key_evnet: 2,9

PP
[00:07:56.758][Info]: [SPP_AND_LE]app_key_evnet: 2,9

[00:07:56.908][Info]: [SPP_AND_LE]app_key_evnet: 2,9

[00:07:57.058][Info]: [SPP_AND_LE]app_key_evnet: 2,9

IPP
[00:07:57.208][Info]: [SPP_AND_LE]app_key_evnet: 2,9

[00:07:57.358][Info]: [SPP_AND_LE]app_key_evnet: 2,9

[00:07:57.508][Info]: [SPP_AND_LE]app_key_evnet: 2,9

IPP
[00:07:57.658][Info]: [SPP_AND_LE]app_key_evnet: 2,9

[00:07:57.808][Info]: [SPP_AND_LE]app_key_evnet: 2,9

[00:07:57.958][Info]: [SPP_AND_LE]app_key_evnet: 2,9

I
[00:07:58.108][Info]: [SPP_AND_LE]app_key_evnet: 2,9

PP
[00:07:58.258][Info]: [SPP_AND_LE]app_key_evnet: 2,9

[00:07:58.408][Info]: [SPP_AND_LE]app_key_evnet: 2,9

[00:07:58.558][Info]: [SPP_AND_LE]app_key_evnet: 2,9

IPP
[00:07:58.708][Info]: [SPP_AND_LE]app_key_evnet: 2,9

[00:07:58.858][Info]: [SPP_AND_LE]app_key_evnet: 2,9

[00:07:59.008][Info]: [SPP_AND_LE]app_key_evnet: 2,9

IPP
[00:07:59.158][Info]: [SPP_AND_LE]app_key_evnet: 2,9

[00:07:59.308][Info]: [SPP_AND_LE]app_key_evnet: 2,9

[00:07:59.458][Info]: [SPP_AND_LE]app_key_evnet: 2,9

I
[00:07:59.608][Info]: [SPP_AND_LE]app_key_evnet: 2,9

PP
[00:07:59.758][Info]: [SPP_AND_LE]app_key_evnet: 2,9

[00:07:59.908][Info]: [SPP_AND_LE]app_key_evnet: 2,9

[00:08:00.058][Info]: [SPP_AND_LE]app_key_evnet: 2,9

IPP
[00:08:00.208][Info]: [SPP_AND_LE]app_key_evnet: 2,9

[00:08:00.357][Info]: [SPP_AND_LE]app_key_evnet: 2,9

[00:08:00.366][BLE_TRANS]WTYI dynamic name switch to: WTYI_BT_TEST
 
[00:08:00.368][Info]: [GATT_SERVER]adv_en:0

[00:08:00.368][Info]: [GATT_SERVER]server_work_st:20->2

[00:08:00.369][BLE_TRANS]server_state: handle=00,02
 
[00:08:00.371][Info]: [GATT_COMM]ble_comm_set_config_name

[00:08:00.372][Info]: [GATT_COMM]ble name(17): WTYI_BT_TEST(BLE) 

[00:08:00.373][BLE_TRANS]trans_adv_data(26): 
02 01 06 03 03 30 AF 12 09 57 54 59 49 5F 42 54 
5F 54 45 53 54 28 42 4C 45 29 
[00:08:00.375][BLE_TRANS]rsp_data(0): 
[00:08:00.376][Info]: [GATT_SERVER]__gatt_server_just_new_dev_adv

[00:08:00.376][Info]: [GATT_SERVER]new_dev_adv

[00:08:00.377][Info]: [GATT_SERVER]adv_en:1

[00:08:00.378][Info]: [GATT_SERVER]server_work_st:2->20

[00:08:00.379][BLE_TRANS]server_state: handle=00,20
 
[00:08:00.508][Info]: [SPP_AND_LE]app_key_evnet: 2,9

IPP
[00:08:00.658][Info]: [SPP_AND_LE]app_key_evnet: 2,9

[00:08:00.808][Info]: [SPP_AND_LE]app_key_evnet: 2,9

[00:08:00.958][Info]: [SPP_AND_LE]app_key_evnet: 2,9

I
[00:08:01.108][Info]: [SPP_AND_LE]app_key_evnet: 2,9

PP
[00:08:01.258][Info]: [SPP_AND_LE]app_key_evnet: 2,9

[00:08:01.408][Info]: [SPP_AND_LE]app_key_evnet: 2,9

[00:08:01.558][Info]: [SPP_AND_LE]app_key_evnet: 2,9

IPP
[00:08:01.708][Info]: [SPP_AND_LE]app_key_evnet: 2,9

[00:08:01.858][Info]: [SPP_AND_LE]app_key_evnet: 2,9

[00:08:02.008][Info]: [SPP_AND_LE]app_key_evnet: 2,9

IPP
[00:08:02.158][Info]: [SPP_AND_LE]app_key_evnet: 2,9

[00:08:02.308][Info]: [SPP_AND_LE]app_key_evnet: 2,9

[00:08:02.458][Info]: [SPP_AND_LE]app_key_evnet: 2,9

I
[00:08:02.608][Info]: [SPP_AND_LE]app_key_evnet: 2,9

PPP
[00:08:02.758][Info]: [SPP_AND_LE]app_key_evnet: 2,9

[00:08:02.908][Info]: [SPP_AND_LE]app_key_evnet: 2,9

[00:08:03.058][Info]: [SPP_AND_LE]app_key_evnet: 2,9

IPP
[00:08:03.208][Info]: [SPP_AND_LE]app_key_evnet: 2,9

[00:08:03.358][Info]: [SPP_AND_LE]app_key_evnet: 2,9

[00:08:03.508][Info]: [SPP_AND_LE]app_key_evnet: 2,9

IPP
[00:08:03.658][Info]: [SPP_AND_LE]app_key_evnet: 2,9

[00:08:03.808][Info]: [SPP_AND_LE]app_key_evnet: 2,9

[00:08:03.958][Info]: [SPP_AND_LE]app_key_evnet: 2,9

I
[00:08:04.108][Info]: [SPP_AND_LE]app_key_evnet: 2,9

PP
[00:08:04.258][Info]: [SPP_AND_LE]app_key_evnet: 2,9

[00:08:04.408][Info]: [SPP_AND_LE]app_key_evnet: 2,9

[00:08:04.558][Info]: [SPP_AND_LE]app_key_evnet: 2,9

IPP
[00:08:04.708][Info]: [SPP_AND_LE]app_key_evnet: 2,9

[00:08:04.858][Info]: [SPP_AND_LE]app_key_evnet: 2,9

[00:08:05.008][Info]: [SPP_AND_LE]app_key_evnet: 2,9

IPP
[00:08:05.158][Info]: [SPP_AND_LE]app_key_evnet: 2,9

[00:08:05.308][Info]: [SPP_AND_LE]app_key_evnet: 2,9

[00:08:05.458][Info]: [SPP_AND_LE]app_key_evnet: 2,9

I
[00:08:05.608][Info]: [SPP_AND_LE]app_key_evnet: 2,9

PP
[00:08:05.758][Info]: [SPP_AND_LE]app_key_evnet: 2,9

[00:08:05.908][Info]: [SPP_AND_LE]app_key_evnet: 2,9

[00:08:06.058][Info]: [SPP_AND_LE]app_key_evnet: 2,9

IPP
[00:08:06.208][Info]: [SPP_AND_LE]app_key_evnet: 2,9

[00:08:06.358][Info]: [SPP_AND_LE]app_key_evnet: 2,9

[00:08:06.508][Info]: [SPP_AND_LE]app_key_evnet: 2,9

IPP
[00:08:06.658][Info]: [SPP_AND_LE]app_key_evnet: 2,9

[00:08:06.808][Info]: [SPP_AND_LE]app_key_evnet: 2,9

[00:08:06.958][Info]: [SPP_AND_LE]app_key_evnet: 2,9

I
[00:08:07.108][Info]: [SPP_AND_LE]app_key_evnet: 2,9

PP
[00:08:07.258][Info]: [SPP_AND_LE]app_key_evnet: 2,9

[00:08:07.408][Info]: [SPP_AND_LE]app_key_evnet: 2,9

[00:08:07.558][Info]: [SPP_AND_LE]app_key_evnet: 2,9

IPP
[00:08:07.708][Info]: [SPP_AND_LE]app_key_evnet: 2,9

[00:08:07.858][Info]: [SPP_AND_LE]app_key_evnet: 2,9

[00:08:08.008][Info]: [SPP_AND_LE]app_key_evnet: 2,9

IPP
[00:08:08.158][Info]: [SPP_AND_LE]app_key_evnet: 2,9

[00:08:08.308][Info]: [SPP_AND_LE]app_key_evnet: 2,9

[00:08:08.458][Info]: [SPP_AND_LE]app_key_evnet: 2,9

I
[00:08:08.608][Info]: [SPP_AND_LE]app_key_evnet: 2,9

PP
[00:08:08.758][Info]: [SPP_AND_LE]app_key_evnet: 2,9

[00:08:08.908][Info]: [SPP_AND_LE]app_key_evnet: 2,9

[00:08:09.058][Info]: [SPP_AND_LE]app_key_evnet: 2,9

IPP
[00:08:09.208][Info]: [SPP_AND_LE]app_key_evnet: 2,9

[00:08:09.358][Info]: [SPP_AND_LE]app_key_evnet: 2,9

[00:08:09.508][Info]: [SPP_AND_LE]app_key_evnet: 2,9

IPP
[00:08:09.658][Info]: [SPP_AND_LE]app_key_evnet: 2,9

[00:08:09.808][Info]: [SPP_AND_LE]app_key_evnet: 2,9

[00:08:09.958][Info]: [SPP_AND_LE]app_key_evnet: 2,9

I
[00:08:10.108][Info]: [SPP_AND_LE]app_key_evnet: 2,9

PP
[00:08:10.258][Info]: [SPP_AND_LE]app_key_evnet: 2,9

[00:08:10.366][BLE_TRANS]WTYI dynamic name switch to: WTYI_BT_TEST_B
 
[00:08:10.368][Info]: [GATT_SERVER]adv_en:0

[00:08:10.368][Info]: [GATT_SERVER]server_work_st:20->2

[00:08:10.369][BLE_TRANS]server_state: handle=00,02
 
[00:08:10.371][Info]: [GATT_COMM]ble_comm_set_config_name

[00:08:10.372][Info]: [GATT_COMM]ble name(19): WTYI_BT_TEST_B(BLE) 

[00:08:10.373][BLE_TRANS]trans_adv_data(28): 
02 01 06 03 03 30 AF 14 09 57 54 59 49 5F 42 54 
5F 54 45 53 54 5F 42 28 42 4C 45 29 
[00:08:10.375][BLE_TRANS]rsp_data(0): 
[00:08:10.376][Info]: [GATT_SERVER]__gatt_server_just_new_dev_adv

[00:08:10.377][Info]: [GATT_SERVER]new_dev_adv

[00:08:10.378][Info]: [GATT_SERVER]adv_en:1

[00:08:10.378][Info]: [GATT_SERVER]server_work_st:2->20

[00:08:10.379][BLE_TRANS]server_state: handle=00,20
 
[00:08:10.408][Info]: [SPP_AND_LE]app_key_evnet: 2,9

[00:08:10.558][Info]: [SPP_AND_LE]app_key_evnet: 2,9

IPP
[00:08:10.708][Info]: [SPP_AND_LE]app_key_evnet: 2,9

[00:08:10.858][Info]: [SPP_AND_LE]app_key_evnet: 2,9

[00:08:11.008][Info]: [SPP_AND_LE]app_key_evnet: 2,9

IPP
[00:08:11.158][Info]: [SPP_AND_LE]app_key_evnet: 2,9

[00:08:11.308][Info]: [SPP_AND_LE]app_key_evnet: 2,9

[00:08:11.458][Info]: [SPP_AND_LE]app_key_evnet: 2,9

I
[00:08:11.608][Info]: [SPP_AND_LE]app_key_evnet: 2,9

PP
[00:08:11.758][Info]: [SPP_AND_LE]app_key_evnet: 2,9

[00:08:11.908][Info]: [SPP_AND_LE]app_key_evnet: 2,9

[00:08:12.058][Info]: [SPP_AND_LE]app_key_evnet: 2,9

IPP
[00:08:12.208][Info]: [SPP_AND_LE]app_key_evnet: 2,9

[00:08:12.358][Info]: [SPP_AND_LE]app_key_evnet: 2,9

[00:08:12.508][Info]: [SPP_AND_LE]app_key_evnet: 2,9

IPP
[00:08:12.658][Info]: [SPP_AND_LE]app_key_evnet: 2,9

[00:08:12.808][Info]: [SPP_AND_LE]app_key_evnet: 2,9

[00:08:12.958][Info]: [SPP_AND_LE]app_key_evnet: 2,9

I
[00:08:13.108][Info]: [SPP_AND_LE]app_key_evnet: 2,9

PP
[00:08:13.258][Info]: [SPP_AND_LE]app_key_evnet: 2,9

[00:08:13.408][Info]: [SPP_AND_LE]app_key_evnet: 2,9

[00:08:13.558][Info]: [SPP_AND_LE]app_key_evnet: 2,9

IPP
[00:08:13.708][Info]: [SPP_AND_LE]app_key_evnet: 2,9

[00:08:13.858][Info]: [SPP_AND_LE]app_key_evnet: 2,9

[00:08:14.008][Info]: [SPP_AND_LE]app_key_evnet: 2,9

IPP
[00:08:14.158][Info]: [SPP_AND_LE]app_key_evnet: 2,9

[00:08:14.308][Info]: [SPP_AND_LE]app_key_evnet: 2,9

[00:08:14.458][Info]: [SPP_AND_LE]app_key_evnet: 2,9

I
[00:08:14.608][Info]: [SPP_AND_LE]app_key_evnet: 2,9

PP
[00:08:14.758][Info]: [SPP_AND_LE]app_key_evnet: 2,9

[00:08:14.908][Info]: [SPP_AND_LE]app_key_evnet: 2,9

[00:08:15.058][Info]: [SPP_AND_LE]app_key_evnet: 2,9

IPP
[00:08:15.208][Info]: [SPP_AND_LE]app_key_evnet: 2,9

[00:08:15.358][Info]: [SPP_AND_LE]app_key_evnet: 2,9

[00:08:15.508][Info]: [SPP_AND_LE]app_key_evnet: 2,9

IPP
[00:08:15.658][Info]: [SPP_AND_LE]app_key_evnet: 2,9

[00:08:15.808][Info]: [SPP_AND_LE]app_key_evnet: 2,9

[00:08:15.958][Info]: [SPP_AND_LE]app_key_evnet: 2,9

I
[00:08:16.108][Info]: [SPP_AND_LE]app_key_evnet: 2,9

PP
[00:08:16.258][Info]: [SPP_AND_LE]app_key_evnet: 2,9

[00:08:16.408][Info]: [SPP_AND_LE]app_key_evnet: 2,9

[00:08:16.558][Info]: [SPP_AND_LE]app_key_evnet: 2,9

IPP
[00:08:16.708][Info]: [SPP_AND_LE]app_key_evnet: 2,9

[00:08:16.858][Info]: [SPP_AND_LE]app_key_evnet: 2,9

[00:08:17.008][Info]: [SPP_AND_LE]app_key_evnet: 2,9

IPP
[00:08:17.158][Info]: [SPP_AND_LE]app_key_evnet: 2,9

[00:08:17.308][Info]: [SPP_AND_LE]app_key_evnet: 2,9

[00:08:17.458][Info]: [SPP_AND_LE]app_key_evnet: 2,9

I
[00:08:17.608][Info]: [SPP_AND_LE]app_key_evnet: 2,9

PP
[00:08:17.758][Info]: [SPP_AND_LE]app_key_evnet: 2,9

[00:08:17.908][Info]: [SPP_AND_LE]app_key_evnet: 2,9

[00:08:18.058][Info]: [SPP_AND_LE]app_key_evnet: 2,9

IPP
[00:08:18.208][Info]: [SPP_AND_LE]app_key_evnet: 2,9

[00:08:18.358][Info]: [SPP_AND_LE]app_key_evnet: 2,9

[00:08:18.508][Info]: [SPP_AND_LE]app_key_evnet: 2,9

IPP
[00:08:18.658][Info]: [SPP_AND_LE]app_key_evnet: 2,9

[00:08:18.808][Info]: [SPP_AND_LE]app_key_evnet: 2,9

[00:08:18.958][Info]: [SPP_AND_LE]app_key_evnet: 2,9

[00:08:19.108][Info]: [SPP_AND_LE]app_key_evnet: 2,9

PIP
[00:08:19.258][Info]: [SPP_AND_LE]app_key_evnet: 2,9

[00:08:19.408][Info]: [SPP_AND_LE]app_key_evnet: 2,9

[00:08:19.558][Info]: [SPP_AND_LE]app_key_evnet: 2,9

IPP
[00:08:19.708][Info]: [SPP_AND_LE]app_key_evnet: 2,9

[00:08:19.858][Info]: [SPP_AND_LE]app_key_evnet: 2,9

[00:08:20.008][Info]: [SPP_AND_LE]app_key_evnet: 2,9

IPP
[00:08:20.158][Info]: [SPP_AND_LE]app_key_evnet: 2,9

[00:08:20.308][Info]: [SPP_AND_LE]app_key_evnet: 2,9

[00:08:20.366][BLE_TRANS]WTYI dynamic name switch to: WTYI_BT_TEST
 
[00:08:20.368][Info]: [GATT_SERVER]adv_en:0

[00:08:20.368][Info]: [GATT_SERVER]server_work_st:20->2

[00:08:20.369][BLE_TRANS]server_state: handle=00,02
 
[00:08:20.371][Info]: [GATT_COMM]ble_comm_set_config_name

[00:08:20.372][Info]: [GATT_COMM]ble name(17): WTYI_BT_TEST(BLE) 

[00:08:20.373][BLE_TRANS]trans_adv_data(26): 
02 01 06 03 03 30 AF 12 09 57 54 59 49 5F 42 54 
5F 54 45 53 54 28 42 4C 45 29 
[00:08:20.375][BLE_TRANS]rsp_data(0): 
[00:08:20.376][Info]: [GATT_SERVER]__gatt_server_just_new_dev_adv

[00:08:20.376][Info]: [GATT_SERVER]new_dev_adv

[00:08:20.378][Info]: [GATT_SERVER]adv_en:1

[00:08:20.378][Info]: [GATT_SERVER]server_work_st:2->20

[00:08:20.379][BLE_TRANS]server_state: handle=00,20
 
[00:08:20.458][Info]: [SPP_AND_LE]app_key_evnet: 2,9

[00:08:20.608][Info]: [SPP_AND_LE]app_key_evnet: 2,9

IPP
[00:08:20.758][Info]: [SPP_AND_LE]app_key_evnet: 2,9

[00:08:20.908][Info]: [SPP_AND_LE]app_key_evnet: 2,9

[00:08:21.058][Info]: [SPP_AND_LE]app_key_evnet: 2,9

IPP
[00:08:21.208][Info]: [SPP_AND_LE]app_key_evnet: 2,9

[00:08:21.358][Info]: [SPP_AND_LE]app_key_evnet: 2,9

[00:08:21.508][Info]: [SPP_AND_LE]app_key_evnet: 2,9

IPP
[00:08:21.658][Info]: [SPP_AND_LE]app_key_evnet: 2,9

[00:08:21.808][Info]: [SPP_AND_LE]app_key_evnet: 2,9

[00:08:21.958][Info]: [SPP_AND_LE]app_key_evnet: 2,9

[00:08:22.108][Info]: [SPP_AND_LE]app_key_evnet: 2,9

IPP
[00:08:22.258][Info]: [SPP_AND_LE]app_key_evnet: 2,9

[00:08:22.408][Info]: [SPP_AND_LE]app_key_evnet: 2,9

[00:08:22.558][Info]: [SPP_AND_LE]app_key_evnet: 2,9

IPP
[00:08:22.708][Info]: [SPP_AND_LE]app_key_evnet: 2,9

[00:08:22.858][Info]: [SPP_AND_LE]app_key_evnet: 2,9

[00:08:23.008][Info]: [SPP_AND_LE]app_key_evnet: 2,9

IPP
[00:08:23.158][Info]: [SPP_AND_LE]app_key_evnet: 2,9

[00:08:23.308][Info]: [SPP_AND_LE]app_key_evnet: 2,9

[00:08:23.458][Info]: [SPP_AND_LE]app_key_evnet: 2,9

[00:08:23.608][Info]: [SPP_AND_LE]app_key_evnet: 2,9

IPP
[00:08:23.758][Info]: [SPP_AND_LE]app_key_evnet: 2,9

[00:08:23.908][Info]: [SPP_AND_LE]app_key_evnet: 2,9

[00:08:24.058][Info]: [SPP_AND_LE]app_key_evnet: 2,9

IPP
[00:08:24.208][Info]: [SPP_AND_LE]app_key_evnet: 2,9

[00:08:24.358][Info]: [SPP_AND_LE]app_key_evnet: 2,9

[00:08:24.508][Info]: [SPP_AND_LE]app_key_evnet: 2,9

IPP
[00:08:24.658][Info]: [SPP_AND_LE]app_key_evnet: 2,9

[00:08:24.808][Info]: [SPP_AND_LE]app_key_evnet: 2,9

[00:08:24.958][Info]: [SPP_AND_LE]app_key_evnet: 2,9

[00:08:25.108][Info]: [SPP_AND_LE]app_key_evnet: 2,9

IPP
[00:08:25.258][Info]: [SPP_AND_LE]app_key_evnet: 2,9

[00:08:25.408][Info]: [SPP_AND_LE]app_key_evnet: 2,9

[00:08:25.558][Info]: [SPP_AND_LE]app_key_evnet: 2,9

IPP
[00:08:25.708][Info]: [SPP_AND_LE]app_key_evnet: 2,9

[00:08:25.858][Info]: [SPP_AND_LE]app_key_evnet: 2,9

[00:08:26.008][Info]: [SPP_AND_LE]app_key_evnet: 2,9

IPP
[00:08:26.158][Info]: [SPP_AND_LE]app_key_evnet: 2,9

[00:08:26.308][Info]: [SPP_AND_LE]app_key_evnet: 2,9

[00:08:26.458][Info]: [SPP_AND_LE]app_key_evnet: 2,9

[00:08:26.608][Info]: [SPP_AND_LE]app_key_evnet: 2,9

IPP
[00:08:26.758][Info]: [SPP_AND_LE]app_key_evnet: 2,9

[00:08:26.908][Info]: [SPP_AND_LE]app_key_evnet: 2,9

[00:08:27.058][Info]: [SPP_AND_LE]app_key_evnet: 2,9

IPP
[00:08:27.208][Info]: [SPP_AND_LE]app_key_evnet: 2,9

[00:08:27.358][Info]: [SPP_AND_LE]app_key_evnet: 2,9

[00:08:27.508][Info]: [SPP_AND_LE]app_key_evnet: 2,9

IPP
[00:08:27.658][Info]: [SPP_AND_LE]app_key_evnet: 2,9

[00:08:27.808][Info]: [SPP_AND_LE]app_key_evnet: 2,9

[00:08:27.958][Info]: [SPP_AND_LE]app_key_evnet: 2,9

[00:08:28.108][Info]: [SPP_AND_LE]app_key_evnet: 2,9

IPP
[00:08:28.258][Info]: [SPP_AND_LE]app_key_evnet: 2,9

[00:08:28.408][Info]: [SPP_AND_LE]app_key_evnet: 2,9

[00:08:28.558][Info]: [SPP_AND_LE]app_key_evnet: 2,9

IPP
[00:08:28.708][Info]: [SPP_AND_LE]app_key_evnet: 2,9

[00:08:28.858][Info]: [SPP_AND_LE]app_key_evnet: 2,9

[00:08:29.008][Info]: [SPP_AND_LE]app_key_evnet: 2,9

IPP
[00:08:29.158][Info]: [SPP_AND_LE]app_key_evnet: 2,9

[00:08:29.308][Info]: [SPP_AND_LE]app_key_evnet: 2,9

[00:08:29.458][Info]: [SPP_AND_LE]app_key_evnet: 2,9

[00:08:29.608][Info]: [SPP_AND_LE]app_key_evnet: 2,9

IPP
[00:08:29.758][Info]: [SPP_AND_LE]app_key_evnet: 2,9

[00:08:29.908][Info]: [SPP_AND_LE]app_key_evnet: 2,9

[00:08:30.058][Info]: [SPP_AND_LE]app_key_evnet: 2,9

IPP
[00:08:30.208][Info]: [SPP_AND_LE]app_key_evnet: 2,9

[00:08:30.357][Info]: [SPP_AND_LE]app_key_evnet: 2,9

[00:08:30.366][BLE_TRANS]WTYI dynamic name switch to: WTYI_BT_TEST_B
 
[00:08:30.368][Info]: [GATT_SERVER]adv_en:0

[00:08:30.368][Info]: [GATT_SERVER]server_work_st:20->2

[00:08:30.369][BLE_TRANS]server_state: handle=00,02
 
[00:08:30.371][Info]: [GATT_COMM]ble_comm_set_config_name

[00:08:30.372][Info]: [GATT_COMM]ble name(19): WTYI_BT_TEST_B(BLE) 

[00:08:30.373][BLE_TRANS]trans_adv_data(28): 
02 01 06 03 03 30 AF 14 09 57 54 59 49 5F 42 54 
5F 54 45 53 54 5F 42 28 42 4C 45 29 
[00:08:30.375][BLE_TRANS]rsp_data(0): 
[00:08:30.376][Info]: [GATT_SERVER]__gatt_server_just_new_dev_adv

[00:08:30.377][Info]: [GATT_SERVER]new_dev_adv

[00:08:30.378][Info]: [GATT_SERVER]adv_en:1

[00:08:30.378][Info]: [GATT_SERVER]server_work_st:2->20

[00:08:30.379][BLE_TRANS]server_state: handle=00,20
 
[00:08:30.508][Info]: [SPP_AND_LE]app_key_evnet: 2,9

IPP
[00:08:30.658][Info]: [SPP_AND_LE]app_key_evnet: 2,9

[00:08:30.808][Info]: [SPP_AND_LE]app_key_evnet: 2,9

[00:08:30.958][Info]: [SPP_AND_LE]app_key_evnet: 2,9

[00:08:31.108][Info]: [SPP_AND_LE]app_key_evnet: 2,9

IPP
[00:08:31.258][Info]: [SPP_AND_LE]app_key_evnet: 2,9

[00:08:31.408][Info]: [SPP_AND_LE]app_key_evnet: 2,9

[00:08:31.558][Info]: [SPP_AND_LE]app_key_evnet: 2,9

IPP
[00:08:31.708][Info]: [SPP_AND_LE]app_key_evnet: 2,9

[00:08:31.858][Info]: [SPP_AND_LE]app_key_evnet: 2,9

[00:08:32.008][Info]: [SPP_AND_LE]app_key_evnet: 2,9

IPP
[00:08:32.158][Info]: [SPP_AND_LE]app_key_evnet: 2,9

[00:08:32.308][Info]: [SPP_AND_LE]app_key_evnet: 2,9

[00:08:32.458][Info]: [SPP_AND_LE]app_key_evnet: 2,9

[00:08:32.608][Info]: [SPP_AND_LE]app_key_evnet: 2,9

IPP
[00:08:32.758][Info]: [SPP_AND_LE]app_key_evnet: 2,9

[00:08:32.908][Info]: [SPP_AND_LE]app_key_evnet: 2,9

[00:08:33.058][Info]: [SPP_AND_LE]app_key_evnet: 2,9

IPP
[00:08:33.208][Info]: [SPP_AND_LE]app_key_evnet: 2,9

[00:08:33.358][Info]: [SPP_AND_LE]app_key_evnet: 2,9

[00:08:33.508][Info]: [SPP_AND_LE]app_key_evnet: 2,9

IPP
[00:08:33.658][Info]: [SPP_AND_LE]app_key_evnet: 2,9

[00:08:33.808][Info]: [SPP_AND_LE]app_key_evnet: 2,9

[00:08:33.958][Info]: [SPP_AND_LE]app_key_evnet: 2,9

[00:08:34.108][Info]: [SPP_AND_LE]app_key_evnet: 2,9

IPP
[00:08:34.258][Info]: [SPP_AND_LE]app_key_evnet: 2,9

[00:08:34.408][Info]: [SPP_AND_LE]app_key_evnet: 2,9

[00:08:34.558][Info]: [SPP_AND_LE]app_key_evnet: 2,9

IPP
[00:08:34.708][Info]: [SPP_AND_LE]app_key_evnet: 2,9

[00:08:34.858][Info]: [SPP_AND_LE]app_key_evnet: 2,9

[00:08:35.008][Info]: [SPP_AND_LE]app_key_evnet: 2,9

IPP
[00:08:35.158][Info]: [SPP_AND_LE]app_key_evnet: 2,9

[00:08:35.308][Info]: [SPP_AND_LE]app_key_evnet: 2,9

[00:08:35.458][Info]: [SPP_AND_LE]app_key_evnet: 2,9

[00:08:35.608][Info]: [SPP_AND_LE]app_key_evnet: 2,9

IPP
[00:08:35.758][Info]: [SPP_AND_LE]app_key_evnet: 2,9

[00:08:35.908][Info]: [SPP_AND_LE]app_key_evnet: 2,9

[00:08:36.058][Info]: [SPP_AND_LE]app_key_evnet: 2,9

IPP
[00:08:36.208][Info]: [SPP_AND_LE]app_key_evnet: 2,9

[00:08:36.358][Info]: [SPP_AND_LE]app_key_evnet: 2,9

[00:08:36.508][Info]: [SPP_AND_LE]app_key_evnet: 2,9

IPP
[00:08:36.658][Info]: [SPP_AND_LE]app_key_evnet: 2,9

[00:08:36.808][Info]: [SPP_AND_LE]app_key_evnet: 2,9

[00:08:36.958][Info]: [SPP_AND_LE]app_key_evnet: 2,9

[00:08:37.108][Info]: [SPP_AND_LE]app_key_evnet: 2,9

IPP
[00:08:37.258][Info]: [SPP_AND_LE]app_key_evnet: 2,9

[00:08:37.408][Info]: [SPP_AND_LE]app_key_evnet: 2,9

[00:08:37.558][Info]: [SPP_AND_LE]app_key_evnet: 2,9

IPP
[00:08:37.708][Info]: [SPP_AND_LE]app_key_evnet: 2,9

[00:08:37.858][Info]: [SPP_AND_LE]app_key_evnet: 2,9

[00:08:38.008][Info]: [SPP_AND_LE]app_key_evnet: 2,9

IPP
[00:08:38.158][Info]: [SPP_AND_LE]app_key_evnet: 2,9

[00:08:38.308][Info]: [SPP_AND_LE]app_key_evnet: 2,9

[00:08:38.458][Info]: [SPP_AND_LE]app_key_evnet: 2,9

[00:08:38.608][Info]: [SPP_AND_LE]app_key_evnet: 2,9

IPP
[00:08:38.758][Info]: [SPP_AND_LE]app_key_evnet: 2,9

[00:08:38.908][Info]: [SPP_AND_LE]app_key_evnet: 2,9

[00:08:39.058][Info]: [SPP_AND_LE]app_key_evnet: 2,9

IPP
[00:08:39.208][Info]: [SPP_AND_LE]app_key_evnet: 2,9

[00:08:39.358][Info]: [SPP_AND_LE]app_key_evnet: 2,9

[00:08:39.508][Info]: [SPP_AND_LE]app_key_evnet: 2,9

IPP
[00:08:39.658][Info]: [SPP_AND_LE]app_key_evnet: 2,9

[00:08:39.808][Info]: [SPP_AND_LE]app_key_evnet: 2,9

[00:08:39.958][Info]: [SPP_AND_LE]app_key_evnet: 2,9

[00:08:40.108][Info]: [SPP_AND_LE]app_key_evnet: 2,9

IPP
[00:08:40.258][Info]: [SPP_AND_LE]app_key_evnet: 2,9

[00:08:40.366][BLE_TRANS]WTYI dynamic name switch to: WTYI_BT_TEST
 
[00:08:40.368][Info]: [GATT_SERVER]adv_en:0

[00:08:40.368][Info]: [GATT_SERVER]server_work_st:20->2

[00:08:40.369][BLE_TRANS]server_state: handle=00,02
 
[00:08:40.371][Info]: [GATT_COMM]ble_comm_set_config_name

[00:08:40.372][Info]: [GATT_COMM]ble name(17): WTYI_BT_TEST(BLE) 

[00:08:40.373][BLE_TRANS]trans_adv_data(26): 
02 01 06 03 03 30 AF 12 09 57 54 59 49 5F 42 54 
5F 54 45 53 54 28 42 4C 45 29 
[00:08:40.375][BLE_TRANS]rsp_data(0): 
[00:08:40.376][Info]: [GATT_SERVER]__gatt_server_just_new_dev_adv

[00:08:40.376][Info]: [GATT_SERVER]new_dev_adv

[00:08:40.378][Info]: [GATT_SERVER]adv_en:1

[00:08:40.378][Info]: [GATT_SERVER]server_work_st:2->20

[00:08:40.379][BLE_TRANS]server_state: handle=00,20
 
[00:08:40.408][Info]: [SPP_AND_LE]app_key_evnet: 2,9

[00:08:40.558][Info]: [SPP_AND_LE]app_key_evnet: 2,9

IPP
[00:08:40.708][Info]: [SPP_AND_LE]app_key_evnet: 2,9

[00:08:40.858][Info]: [SPP_AND_LE]app_key_evnet: 2,9

[00:08:41.008][Info]: [SPP_AND_LE]app_key_evnet: 2,9

IPP
[00:08:41.158][Info]: [SPP_AND_LE]app_key_evnet: 2,9

[00:08:41.308][Info]: [SPP_AND_LE]app_key_evnet: 2,9

[00:08:41.458][Info]: [SPP_AND_LE]app_key_evnet: 2,9

[00:08:41.608][Info]: [SPP_AND_LE]app_key_evnet: 2,9

IPP
[00:08:41.758][Info]: [SPP_AND_LE]app_key_evnet: 2,9

[00:08:41.908][Info]: [SPP_AND_LE]app_key_evnet: 2,9

[00:08:42.058][Info]: [SPP_AND_LE]app_key_evnet: 2,9

IPP
[00:08:42.208][Info]: [SPP_AND_LE]app_key_evnet: 2,9

[00:08:42.358][Info]: [SPP_AND_LE]app_key_evnet: 2,9

[00:08:42.508][Info]: [SPP_AND_LE]app_key_evnet: 2,9

IPP
[00:08:42.658][Info]: [SPP_AND_LE]app_key_evnet: 2,9

[00:08:42.808][Info]: [SPP_AND_LE]app_key_evnet: 2,9

[00:08:42.958][Info]: [SPP_AND_LE]app_key_evnet: 2,9

[00:08:43.108][Info]: [SPP_AND_LE]app_key_evnet: 2,9

IPP
[00:08:43.258][Info]: [SPP_AND_LE]app_key_evnet: 2,9

[00:08:43.408][Info]: [SPP_AND_LE]app_key_evnet: 2,9

[00:08:43.558][Info]: [SPP_AND_LE]app_key_evnet: 2,9

IPP
[00:08:43.708][Info]: [SPP_AND_LE]app_key_evnet: 2,9

[00:08:43.858][Info]: [SPP_AND_LE]app_key_evnet: 2,9

[00:08:44.008][Info]: [SPP_AND_LE]app_key_evnet: 2,9

IPP
[00:08:44.158][Info]: [SPP_AND_LE]app_key_evnet: 2,9

[00:08:44.308][Info]: [SPP_AND_LE]app_key_evnet: 2,9

[00:08:44.458][Info]: [SPP_AND_LE]app_key_evnet: 2,9

[00:08:44.608][Info]: [SPP_AND_LE]app_key_evnet: 2,9

IPP
[00:08:44.758][Info]: [SPP_AND_LE]app_key_evnet: 2,9

[00:08:44.908][Info]: [SPP_AND_LE]app_key_evnet: 2,9

[00:08:45.058][Info]: [SPP_AND_LE]app_key_evnet: 2,9

IPP
[00:08:45.208][Info]: [SPP_AND_LE]app_key_evnet: 2,9

[00:08:45.358][Info]: [SPP_AND_LE]app_key_evnet: 2,9

[00:08:45.508][Info]: [SPP_AND_LE]app_key_evnet: 2,9

IPP
[00:08:45.658][Info]: [SPP_AND_LE]app_key_evnet: 2,9

[00:08:45.808][Info]: [SPP_AND_LE]app_key_evnet: 2,9

[00:08:45.958][Info]: [SPP_AND_LE]app_key_evnet: 2,9

[00:08:46.108][Info]: [SPP_AND_LE]app_key_evnet: 2,9

IPP
[00:08:46.258][Info]: [SPP_AND_LE]app_key_evnet: 2,9

[00:08:46.408][Info]: [SPP_AND_LE]app_key_evnet: 2,9

[00:08:46.558][Info]: [SPP_AND_LE]app_key_evnet: 2,9

IPP
[00:08:46.708][Info]: [SPP_AND_LE]app_key_evnet: 2,9

[00:08:46.858][Info]: [SPP_AND_LE]app_key_evnet: 2,9

[00:08:47.008][Info]: [SPP_AND_LE]app_key_evnet: 2,9

IPP
[00:08:47.158][Info]: [SPP_AND_LE]app_key_evnet: 2,9

[00:08:47.308][Info]: [SPP_AND_LE]app_key_evnet: 2,9

[00:08:47.458][Info]: [SPP_AND_LE]app_key_evnet: 2,9

[00:08:47.608][Info]: [SPP_AND_LE]app_key_evnet: 2,9

IPP
[00:08:47.758][Info]: [SPP_AND_LE]app_key_evnet: 2,9

[00:08:47.908][Info]: [SPP_AND_LE]app_key_evnet: 2,9

[00:08:48.058][Info]: [SPP_AND_LE]app_key_evnet: 2,9

IPP
[00:08:48.208][Info]: [SPP_AND_LE]app_key_evnet: 2,9

[00:08:48.358][Info]: [SPP_AND_LE]app_key_evnet: 2,9

[00:08:48.508][Info]: [SPP_AND_LE]app_key_evnet: 2,9

IPP
[00:08:48.658][Info]: [SPP_AND_LE]app_key_evnet: 2,9

[00:08:48.808][Info]: [SPP_AND_LE]app_key_evnet: 2,9

[00:08:48.958][Info]: [SPP_AND_LE]app_key_evnet: 2,9

[00:08:49.108][Info]: [SPP_AND_LE]app_key_evnet: 2,9

IPP
[00:08:49.258][Info]: [SPP_AND_LE]app_key_evnet: 2,9

[00:08:49.408][Info]: [SPP_AND_LE]app_key_evnet: 2,9

[00:08:49.558][Info]: [SPP_AND_LE]app_key_evnet: 2,9

IPP
[00:08:49.708][Info]: [SPP_AND_LE]app_key_evnet: 2,9

[00:08:49.858][Info]: [SPP_AND_LE]app_key_evnet: 2,9

[00:08:50.008][Info]: [SPP_AND_LE]app_key_evnet: 2,9

IPP
[00:08:50.158][Info]: [SPP_AND_LE]app_key_evnet: 2,9

[00:08:50.308][Info]: [SPP_AND_LE]app_key_evnet: 2,9

[00:08:50.366][BLE_TRANS]WTYI dynamic name switch to: WTYI_BT_TEST_B
 
[00:08:50.368][Info]: [GATT_SERVER]adv_en:0

[00:08:50.368][Info]: [GATT_SERVER]server_work_st:20->2

[00:08:50.369][BLE_TRANS]server_state: handle=00,02
 
[00:08:50.371][Info]: [GATT_COMM]ble_comm_set_config_name

[00:08:50.372][Info]: [GATT_COMM]ble name(19): WTYI_BT_TEST_B(BLE) 

[00:08:50.373][BLE_TRANS]trans_adv_data(28): 
02 01 06 03 03 30 AF 14 09 57 54 59 49 5F 42 54 
5F 54 45 53 54 5F 42 28 42 4C 45 29 
[00:08:50.375][BLE_TRANS]rsp_data(0): 
[00:08:50.376][Info]: [GATT_SERVER]__gatt_server_just_new_dev_adv

[00:08:50.377][Info]: [GATT_SERVER]new_dev_adv

[00:08:50.378][Info]: [GATT_SERVER]adv_en:1

[00:08:50.378][Info]: [GATT_SERVER]server_work_st:2->20

[00:08:50.379][BLE_TRANS]server_state: handle=00,20
 
[00:08:50.458][Info]: [SPP_AND_LE]app_key_evnet: 2,9

[00:08:50.608][Info]: [SPP_AND_LE]app_key_evnet: 2,9

IPP
[00:08:50.758][Info]: [SPP_AND_LE]app_key_evnet: 2,9

[00:08:50.908][Info]: [SPP_AND_LE]app_key_evnet: 2,9

[00:08:51.058][Info]: [SPP_AND_LE]app_key_evnet: 2,9

IPP
[00:08:51.208][Info]: [SPP_AND_LE]app_key_evnet: 2,9

[00:08:51.358][Info]: [SPP_AND_LE]app_key_evnet: 2,9

[00:08:51.508][Info]: [SPP_AND_LE]app_key_evnet: 2,9

IPP
[00:08:51.658][Info]: [SPP_AND_LE]app_key_evnet: 2,9

[00:08:51.808][Info]: [SPP_AND_LE]app_key_evnet: 2,9

[00:08:51.958][Info]: [SPP_AND_LE]app_key_evnet: 2,9

[00:08:52.108][Info]: [SPP_AND_LE]app_key_evnet: 2,9

IPP
[00:08:52.258][Info]: [SPP_AND_LE]app_key_evnet: 2,9

[00:08:52.408][Info]: [SPP_AND_LE]app_key_evnet: 2,9

[00:08:52.558][Info]: [SPP_AND_LE]app_key_evnet: 2,9

IPP
[00:08:52.708][Info]: [SPP_AND_LE]app_key_evnet: 2,9

[00:08:52.858][Info]: [SPP_AND_LE]app_key_evnet: 2,9

[00:08:53.008][Info]: [SPP_AND_LE]app_key_evnet: 2,9

IPP
[00:08:53.158][Info]: [SPP_AND_LE]app_key_evnet: 2,9

[00:08:53.308][Info]: [SPP_AND_LE]app_key_evnet: 2,9

[00:08:53.458][Info]: [SPP_AND_LE]app_key_evnet: 2,9

[00:08:53.608][Info]: [SPP_AND_LE]app_key_evnet: 2,9

IPP
[00:08:53.758][Info]: [SPP_AND_LE]app_key_evnet: 2,9

[00:08:53.908][Info]: [SPP_AND_LE]app_key_evnet: 2,9

[00:08:54.058][Info]: [SPP_AND_LE]app_key_evnet: 2,9

IPP
[00:08:54.208][Info]: [SPP_AND_LE]app_key_evnet: 2,9

[00:08:54.358][Info]: [SPP_AND_LE]app_key_evnet: 2,9

[00:08:54.508][Info]: [SPP_AND_LE]app_key_evnet: 2,9

IPP
[00:08:54.658][Info]: [SPP_AND_LE]app_key_evnet: 2,9

[00:08:54.808][Info]: [SPP_AND_LE]app_key_evnet: 2,9

[00:08:54.958][Info]: [SPP_AND_LE]app_key_evnet: 2,9

[00:08:55.108][Info]: [SPP_AND_LE]app_key_evnet: 2,9

IPP
[00:08:55.258][Info]: [SPP_AND_LE]app_key_evnet: 2,9

[00:08:55.408][Info]: [SPP_AND_LE]app_key_evnet: 2,9

[00:08:55.558][Info]: [SPP_AND_LE]app_key_evnet: 2,9

IPP
[00:08:55.708][Info]: [SPP_AND_LE]app_key_evnet: 2,9

[00:08:55.858][Info]: [SPP_AND_LE]app_key_evnet: 2,9

[00:08:56.008][Info]: [SPP_AND_LE]app_key_evnet: 2,9

IPP
[00:08:56.158][Info]: [SPP_AND_LE]app_key_evnet: 2,9

[00:08:56.308][Info]: [SPP_AND_LE]app_key_evnet: 2,9

[00:08:56.458][Info]: [SPP_AND_LE]app_key_evnet: 2,9

[00:08:56.608][Info]: [SPP_AND_LE]app_key_evnet: 2,9

IPP
[00:08:56.758][Info]: [SPP_AND_LE]app_key_evnet: 2,9

[00:08:56.908][Info]: [SPP_AND_LE]app_key_evnet: 2,9

[00:08:57.058][Info]: [SPP_AND_LE]app_key_evnet: 2,9

IPP
[00:08:57.208][Info]: [SPP_AND_LE]app_key_evnet: 2,9

[00:08:57.358][Info]: [SPP_AND_LE]app_key_evnet: 2,9

[00:08:57.508][Info]: [SPP_AND_LE]app_key_evnet: 2,9

IP
[00:08:57.658][Info]: [SPP_AND_LE]app_key_evnet: 2,9

P
[00:08:57.808][Info]: [SPP_AND_LE]app_key_evnet: 2,9

[00:08:57.958][Info]: [SPP_AND_LE]app_key_evnet: 2,9

[00:08:58.108][Info]: [SPP_AND_LE]app_key_evnet: 2,9

IPP
[00:08:58.258][Info]: [SPP_AND_LE]app_key_evnet: 2,9

[00:08:58.408][Info]: [SPP_AND_LE]app_key_evnet: 2,9

[00:08:58.558][Info]: [SPP_AND_LE]app_key_evnet: 2,9

IPP
[00:08:58.708][Info]: [SPP_AND_LE]app_key_evnet: 2,9

[00:08:58.858][Info]: [SPP_AND_LE]app_key_evnet: 2,9

[00:08:59.008][Info]: [SPP_AND_LE]app_key_evnet: 2,9

IP
[00:08:59.158][Info]: [SPP_AND_LE]app_key_evnet: 2,9

P
[00:08:59.308][Info]: [SPP_AND_LE]app_key_evnet: 2,9

[00:08:59.458][Info]: [SPP_AND_LE]app_key_evnet: 2,9

[00:08:59.608][Info]: [SPP_AND_LE]app_key_evnet: 2,9

IPP
[00:08:59.758][Info]: [SPP_AND_LE]app_key_evnet: 2,9

[00:08:59.908][Info]: [SPP_AND_LE]app_key_evnet: 2,9

[00:09:00.058][Info]: [SPP_AND_LE]app_key_evnet: 2,9

IPP
[00:09:00.208][Info]: [SPP_AND_LE]app_key_evnet: 2,9

[00:09:00.357][Info]: [SPP_AND_LE]app_key_evnet: 2,9

[00:09:00.366][BLE_TRANS]WTYI dynamic name switch to: WTYI_BT_TEST
 
[00:09:00.368][Info]: [GATT_SERVER]adv_en:0

[00:09:00.368][Info]: [GATT_SERVER]server_work_st:20->2

[00:09:00.369][BLE_TRANS]server_state: handle=00,02
 
[00:09:00.371][Info]: [GATT_COMM]ble_comm_set_config_name

[00:09:00.372][Info]: [GATT_COMM]ble name(17): WTYI_BT_TEST(BLE) 

[00:09:00.373][BLE_TRANS]trans_adv_data(26): 
02 01 06 03 03 30 AF 12 09 57 54 59 49 5F 42 54 
5F 54 45 53 54 28 42 4C 45 29 
[00:09:00.375][BLE_TRANS]rsp_data(0): 
[00:09:00.375][Info]: [GATT_SERVER]__gatt_server_just_new_dev_adv

[00:09:00.376][Info]: [GATT_SERVER]new_dev_adv

[00:09:00.377][Info]: [GATT_SERVER]adv_en:1

[00:09:00.378][Info]: [GATT_SERVER]server_work_st:2->20

[00:09:00.379][BLE_TRANS]server_state: handle=00,20
 
[00:09:00.508][Info]: [SPP_AND_LE]app_key_evnet: 2,9

IP
[00:09:00.658][Info]: [SPP_AND_LE]app_key_evnet: 2,9

P
[00:09:00.808][Info]: [SPP_AND_LE]app_key_evnet: 2,9

[00:09:00.958][Info]: [SPP_AND_LE]app_key_evnet: 2,9

[00:09:01.108][Info]: [SPP_AND_LE]app_key_evnet: 2,9

IPP
[00:09:01.258][Info]: [SPP_AND_LE]app_key_evnet: 2,9

[00:09:01.408][Info]: [SPP_AND_LE]app_key_evnet: 2,9

[00:09:01.558][Info]: [SPP_AND_LE]app_key_evnet: 2,9

IPP
[00:09:01.708][Info]: [SPP_AND_LE]app_key_evnet: 2,9

[00:09:01.858][Info]: [SPP_AND_LE]app_key_evnet: 2,9

[00:09:02.008][Info]: [SPP_AND_LE]app_key_evnet: 2,9

IP
[00:09:02.158][Info]: [SPP_AND_LE]app_key_evnet: 2,9

P
[00:09:02.308][Info]: [SPP_AND_LE]app_key_evnet: 2,9

[00:09:02.458][Info]: [SPP_AND_LE]app_key_evnet: 2,9

[00:09:02.608][Info]: [SPP_AND_LE]app_key_evnet: 2,9

IPP
[00:09:02.758][Info]: [SPP_AND_LE]app_key_evnet: 2,9

[00:09:02.908][Info]: [SPP_AND_LE]app_key_evnet: 2,9

[00:09:03.058][Info]: [SPP_AND_LE]app_key_evnet: 2,9

IPP
[00:09:03.208][Info]: [SPP_AND_LE]app_key_evnet: 2,9

[00:09:03.358][Info]: [SPP_AND_LE]app_key_evnet: 2,9

[00:09:03.508][Info]: [SPP_AND_LE]app_key_evnet: 2,9

IP
[00:09:03.658][Info]: [SPP_AND_LE]app_key_evnet: 2,9

P
[00:09:03.808][Info]: [SPP_AND_LE]app_key_evnet: 2,9

[00:09:03.958][Info]: [SPP_AND_LE]app_key_evnet: 2,9

[00:09:04.108][Info]: [SPP_AND_LE]app_key_evnet: 2,9

IPP
[00:09:04.258][Info]: [SPP_AND_LE]app_key_evnet: 2,9

[00:09:04.408][Info]: [SPP_AND_LE]app_key_evnet: 2,9

[00:09:04.558][Info]: [SPP_AND_LE]app_key_evnet: 2,9

IPP
[00:09:04.708][Info]: [SPP_AND_LE]app_key_evnet: 2,9

[00:09:04.858][Info]: [SPP_AND_LE]app_key_evnet: 2,9

[00:09:05.008][Info]: [SPP_AND_LE]app_key_evnet: 2,9

IP
[00:09:05.158][Info]: [SPP_AND_LE]app_key_evnet: 2,9

P
[00:09:05.308][Info]: [SPP_AND_LE]app_key_evnet: 2,9

[00:09:05.458][Info]: [SPP_AND_LE]app_key_evnet: 2,9

[00:09:05.608][Info]: [SPP_AND_LE]app_key_evnet: 2,9

IPP
[00:09:05.758][Info]: [SPP_AND_LE]app_key_evnet: 2,9

[00:09:05.908][Info]: [SPP_AND_LE]app_key_evnet: 2,9

[00:09:06.058][Info]: [SPP_AND_LE]app_key_evnet: 2,9

IPP
[00:09:06.208][Info]: [SPP_AND_LE]app_key_evnet: 2,9

[00:09:06.358][Info]: [SPP_AND_LE]app_key_evnet: 2,9

[00:09:06.508][Info]: [SPP_AND_LE]app_key_evnet: 2,9

IP
[00:09:06.658][Info]: [SPP_AND_LE]app_key_evnet: 2,9

P
[00:09:06.808][Info]: [SPP_AND_LE]app_key_evnet: 2,9

[00:09:06.958][Info]: [SPP_AND_LE]app_key_evnet: 2,9

[00:09:07.108][Info]: [SPP_AND_LE]app_key_evnet: 2,9

IPP
[00:09:07.258][Info]: [SPP_AND_LE]app_key_evnet: 2,9

[00:09:07.408][Info]: [SPP_AND_LE]app_key_evnet: 2,9

[00:09:07.558][Info]: [SPP_AND_LE]app_key_evnet: 2,9

IPP
[00:09:07.708][Info]: [SPP_AND_LE]app_key_evnet: 2,9

[00:09:07.858][Info]: [SPP_AND_LE]app_key_evnet: 2,9

[00:09:08.008][Info]: [SPP_AND_LE]app_key_evnet: 2,9

IP
[00:09:08.158][Info]: [SPP_AND_LE]app_key_evnet: 2,9

P
[00:09:08.308][Info]: [SPP_AND_LE]app_key_evnet: 2,9

[00:09:08.458][Info]: [SPP_AND_LE]app_key_evnet: 2,9

[00:09:08.608][Info]: [SPP_AND_LE]app_key_evnet: 2,9

IPP
[00:09:08.758][Info]: [SPP_AND_LE]app_key_evnet: 2,9

[00:09:08.908][Info]: [SPP_AND_LE]app_key_evnet: 2,9

[00:09:09.058][Info]: [SPP_AND_LE]app_key_evnet: 2,9

IPP
[00:09:09.208][Info]: [SPP_AND_LE]app_key_evnet: 2,9

[00:09:09.358][Info]: [SPP_AND_LE]app_key_evnet: 2,9

[00:09:09.508][Info]: [SPP_AND_LE]app_key_evnet: 2,9

IP
[00:09:09.658][Info]: [SPP_AND_LE]app_key_evnet: 2,9

P
[00:09:09.808][Info]: [SPP_AND_LE]app_key_evnet: 2,9

[00:09:09.958][Info]: [SPP_AND_LE]app_key_evnet: 2,9

[00:09:10.108][Info]: [SPP_AND_LE]app_key_evnet: 2,9

IPP
[00:09:10.258][Info]: [SPP_AND_LE]app_key_evnet: 2,9

[00:09:10.366][BLE_TRANS]WTYI dynamic name switch to: WTYI_BT_TEST_B
 
[00:09:10.368][Info]: [GATT_SERVER]adv_en:0

[00:09:10.368][Info]: [GATT_SERVER]server_work_st:20->2

[00:09:10.369][BLE_TRANS]server_state: handle=00,02
 
[00:09:10.371][Info]: [GATT_COMM]ble_comm_set_config_name

[00:09:10.372][Info]: [GATT_COMM]ble name(19): WTYI_BT_TEST_B(BLE) 

[00:09:10.373][BLE_TRANS]trans_adv_data(28): 
02 01 06 03 03 30 AF 14 09 57 54 59 49 5F 42 54 
5F 54 45 53 54 5F 42 28 42 4C 45 29 
[00:09:10.375][BLE_TRANS]rsp_data(0): 
[00:09:10.376][Info]: [GATT_SERVER]__gatt_server_just_new_dev_adv

[00:09:10.377][Info]: [GATT_SERVER]new_dev_adv

[00:09:10.378][Info]: [GATT_SERVER]adv_en:1

[00:09:10.378][Info]: [GATT_SERVER]server_work_st:2->20

[00:09:10.379][BLE_TRANS]server_state: handle=00,20
 
[00:09:10.408][Info]: [SPP_AND_LE]app_key_evnet: 2,9

[00:09:10.558][Info]: [SPP_AND_LE]app_key_evnet: 2,9

IPP
[00:09:10.708][Info]: [SPP_AND_LE]app_key_evnet: 2,9

[00:09:10.858][Info]: [SPP_AND_LE]app_key_evnet: 2,9

[00:09:11.008][Info]: [SPP_AND_LE]app_key_evnet: 2,9

IP
[00:09:11.158][Info]: [SPP_AND_LE]app_key_evnet: 2,9

P
[00:09:11.308][Info]: [SPP_AND_LE]app_key_evnet: 2,9

[00:09:11.458][Info]: [SPP_AND_LE]app_key_evnet: 2,9

[00:09:11.608][Info]: [SPP_AND_LE]app_key_evnet: 2,9

IPP
[00:09:11.758][Info]: [SPP_AND_LE]app_key_evnet: 2,9

[00:09:11.908][Info]: [SPP_AND_LE]app_key_evnet: 2,9

[00:09:12.058][Info]: [SPP_AND_LE]app_key_evnet: 2,9

IPP
[00:09:12.208][Info]: [SPP_AND_LE]app_key_evnet: 2,9

[00:09:12.358][Info]: [SPP_AND_LE]app_key_evnet: 2,9

[00:09:12.508][Info]: [SPP_AND_LE]app_key_evnet: 2,9

IP
[00:09:12.658][Info]: [SPP_AND_LE]app_key_evnet: 2,9

P
[00:09:12.808][Info]: [SPP_AND_LE]app_key_evnet: 2,9

[00:09:12.958][Info]: [SPP_AND_LE]app_key_evnet: 2,9

[00:09:13.108][Info]: [SPP_AND_LE]app_key_evnet: 2,9

IPP
[00:09:13.258][Info]: [SPP_AND_LE]app_key_evnet: 2,9

[00:09:13.408][Info]: [SPP_AND_LE]app_key_evnet: 2,9

[00:09:13.558][Info]: [SPP_AND_LE]app_key_evnet: 2,9

IPP
[00:09:13.708][Info]: [SPP_AND_LE]app_key_evnet: 2,9

[00:09:13.858][Info]: [SPP_AND_LE]app_key_evnet: 2,9

[00:09:14.008][Info]: [SPP_AND_LE]app_key_evnet: 2,9

IP
[00:09:14.158][Info]: [SPP_AND_LE]app_key_evnet: 2,9

P
[00:09:14.308][Info]: [SPP_AND_LE]app_key_evnet: 2,9

[00:09:14.458][Info]: [SPP_AND_LE]app_key_evnet: 2,9

[00:09:14.608][Info]: [SPP_AND_LE]app_key_evnet: 2,9

IPP
[00:09:14.758][Info]: [SPP_AND_LE]app_key_evnet: 2,9

[00:09:14.908][Info]: [SPP_AND_LE]app_key_evnet: 2,9

[00:09:15.058][Info]: [SPP_AND_LE]app_key_evnet: 2,9

IPP
[00:09:15.208][Info]: [SPP_AND_LE]app_key_evnet: 2,9

[00:09:15.358][Info]: [SPP_AND_LE]app_key_evnet: 2,9

[00:09:15.508][Info]: [SPP_AND_LE]app_key_evnet: 2,9

I
[00:09:15.658][Info]: [SPP_AND_LE]app_key_evnet: 2,9

PP
[00:09:15.808][Info]: [SPP_AND_LE]app_key_evnet: 2,9

[00:09:15.958][Info]: [SPP_AND_LE]app_key_evnet: 2,9

[00:09:16.108][Info]: [SPP_AND_LE]app_key_evnet: 2,9

IPP
[00:09:16.258][Info]: [SPP_AND_LE]app_key_evnet: 2,9

[00:09:16.408][Info]: [SPP_AND_LE]app_key_evnet: 2,9

[00:09:16.558][Info]: [SPP_AND_LE]app_key_evnet: 2,9

IPP
[00:09:16.708][Info]: [SPP_AND_LE]app_key_evnet: 2,9

[00:09:16.858][Info]: [SPP_AND_LE]app_key_evnet: 2,9

[00:09:17.008][Info]: [SPP_AND_LE]app_key_evnet: 2,9

I
[00:09:17.158][Info]: [SPP_AND_LE]app_key_evnet: 2,9

PP
[00:09:17.308][Info]: [SPP_AND_LE]app_key_evnet: 2,9

[00:09:17.458][Info]: [SPP_AND_LE]app_key_evnet: 2,9

[00:09:17.608][Info]: [SPP_AND_LE]app_key_evnet: 2,9

IPP
[00:09:17.758][Info]: [SPP_AND_LE]app_key_evnet: 2,9

[00:09:17.908][Info]: [SPP_AND_LE]app_key_evnet: 2,9

[00:09:18.058][Info]: [SPP_AND_LE]app_key_evnet: 2,9

IPP
[00:09:18.208][Info]: [SPP_AND_LE]app_key_evnet: 2,9

[00:09:18.358][Info]: [SPP_AND_LE]app_key_evnet: 2,9

[00:09:18.508][Info]: [SPP_AND_LE]app_key_evnet: 2,9

I
[00:09:18.658][Info]: [SPP_AND_LE]app_key_evnet: 2,9

PP
[00:09:18.808][Info]: [SPP_AND_LE]app_key_evnet: 2,9

[00:09:18.958][Info]: [SPP_AND_LE]app_key_evnet: 2,9

[00:09:19.108][Info]: [SPP_AND_LE]app_key_evnet: 2,9

IPP
[00:09:19.258][Info]: [SPP_AND_LE]app_key_evnet: 2,9

[00:09:19.408][Info]: [SPP_AND_LE]app_key_evnet: 2,9

[00:09:19.558][Info]: [SPP_AND_LE]app_key_evnet: 2,9

IPP
[00:09:19.708][Info]: [SPP_AND_LE]app_key_evnet: 2,9

[00:09:19.858][Info]: [SPP_AND_LE]app_key_evnet: 2,9

[00:09:20.008][Info]: [SPP_AND_LE]app_key_evnet: 2,9

I
[00:09:20.158][Info]: [SPP_AND_LE]app_key_evnet: 2,9

PP
[00:09:20.308][Info]: [SPP_AND_LE]app_key_evnet: 2,9

[00:09:20.366][BLE_TRANS]WTYI dynamic name switch to: WTYI_BT_TEST
 
[00:09:20.368][Info]: [GATT_SERVER]adv_en:0

[00:09:20.368][Info]: [GATT_SERVER]server_work_st:20->2

[00:09:20.369][BLE_TRANS]server_state: handle=00,02
 
[00:09:20.371][Info]: [GATT_COMM]ble_comm_set_config_name

[00:09:20.372][Info]: [GATT_COMM]ble name(17): WTYI_BT_TEST(BLE) 

[00:09:20.373][BLE_TRANS]trans_adv_data(26): 
02 01 06 03 03 30 AF 12 09 57 54 59 49 5F 42 54 
5F 54 45 53 54 28 42 4C 45 29 
[00:09:20.375][BLE_TRANS]rsp_data(0): 
[00:09:20.376][Info]: [GATT_SERVER]__gatt_server_just_new_dev_adv

[00:09:20.376][Info]: [GATT_SERVER]new_dev_adv

[00:09:20.378][Info]: [GATT_SERVER]adv_en:1

[00:09:20.378][Info]: [GATT_SERVER]server_work_st:2->20

[00:09:20.379][BLE_TRANS]server_state: handle=00,20
 
[00:09:20.458][Info]: [SPP_AND_LE]app_key_evnet: 2,9

[00:09:20.608][Info]: [SPP_AND_LE]app_key_evnet: 2,9

IPP
[00:09:20.758][Info]: [SPP_AND_LE]app_key_evnet: 2,9

[00:09:20.908][Info]: [SPP_AND_LE]app_key_evnet: 2,9

[00:09:21.058][Info]: [SPP_AND_LE]app_key_evnet: 2,9

IPP
[00:09:21.208][Info]: [SPP_AND_LE]app_key_evnet: 2,9

[00:09:21.358][Info]: [SPP_AND_LE]app_key_evnet: 2,9

[00:09:21.508][Info]: [SPP_AND_LE]app_key_evnet: 2,9

I
[00:09:21.658][Info]: [SPP_AND_LE]app_key_evnet: 2,9

PP
[00:09:21.808][Info]: [SPP_AND_LE]app_key_evnet: 2,9

[00:09:21.958][Info]: [SPP_AND_LE]app_key_evnet: 2,9

[00:09:22.108][Info]: [SPP_AND_LE]app_key_evnet: 2,9

IPP
[00:09:22.258][Info]: [SPP_AND_LE]app_key_evnet: 2,9

[00:09:22.408][Info]: [SPP_AND_LE]app_key_evnet: 2,9

[00:09:22.558][Info]: [SPP_AND_LE]app_key_evnet: 2,9

IPP
[00:09:22.708][Info]: [SPP_AND_LE]app_key_evnet: 2,9

[00:09:22.858][Info]: [SPP_AND_LE]app_key_evnet: 2,9

[00:09:23.008][Info]: [SPP_AND_LE]app_key_evnet: 2,9

I
[00:09:23.158][Info]: [SPP_AND_LE]app_key_evnet: 2,9

PP
[00:09:23.308][Info]: [SPP_AND_LE]app_key_evnet: 2,9

[00:09:23.458][Info]: [SPP_AND_LE]app_key_evnet: 2,9

[00:09:23.608][Info]: [SPP_AND_LE]app_key_evnet: 2,9

IPP
[00:09:23.758][Info]: [SPP_AND_LE]app_key_evnet: 2,9

[00:09:23.908][Info]: [SPP_AND_LE]app_key_evnet: 2,9

[00:09:24.058][Info]: [SPP_AND_LE]app_key_evnet: 2,9

IPP
[00:09:24.208][Info]: [SPP_AND_LE]app_key_evnet: 2,9

[00:09:24.358][Info]: [SPP_AND_LE]app_key_evnet: 2,9

[00:09:24.508][Info]: [SPP_AND_LE]app_key_evnet: 2,9

I
[00:09:24.658][Info]: [SPP_AND_LE]app_key_evnet: 2,9

PP
[00:09:24.808][Info]: [SPP_AND_LE]app_key_evnet: 2,9

[00:09:24.958][Info]: [SPP_AND_LE]app_key_evnet: 2,9

[00:09:25.108][Info]: [SPP_AND_LE]app_key_evnet: 2,9

IPP
[00:09:25.258][Info]: [SPP_AND_LE]app_key_evnet: 2,9

[00:09:25.408][Info]: [SPP_AND_LE]app_key_evnet: 2,9

[00:09:25.558][Info]: [SPP_AND_LE]app_key_evnet: 2,9

IPP
[00:09:25.708][Info]: [SPP_AND_LE]app_key_evnet: 2,9

[00:09:25.858][Info]: [SPP_AND_LE]app_key_evnet: 2,9

[00:09:26.008][Info]: [SPP_AND_LE]app_key_evnet: 2,9

I
[00:09:26.158][Info]: [SPP_AND_LE]app_key_evnet: 2,9

PP
[00:09:26.308][Info]: [SPP_AND_LE]app_key_evnet: 2,9

[00:09:26.458][Info]: [SPP_AND_LE]app_key_evnet: 2,9

[00:09:26.608][Info]: [SPP_AND_LE]app_key_evnet: 2,9

IPP
[00:09:26.758][Info]: [SPP_AND_LE]app_key_evnet: 2,9

[00:09:26.908][Info]: [SPP_AND_LE]app_key_evnet: 2,9

[00:09:27.058][Info]: [SPP_AND_LE]app_key_evnet: 2,9

IPP
[00:09:27.208][Info]: [SPP_AND_LE]app_key_evnet: 2,9

[00:09:27.358][Info]: [SPP_AND_LE]app_key_evnet: 2,9

[00:09:27.508][Info]: [SPP_AND_LE]app_key_evnet: 2,9

I
[00:09:27.658][Info]: [SPP_AND_LE]app_key_evnet: 2,9

PP
[00:09:27.808][Info]: [SPP_AND_LE]app_key_evnet: 2,9

[00:09:27.958][Info]: [SPP_AND_LE]app_key_evnet: 2,9

[00:09:28.108][Info]: [SPP_AND_LE]app_key_evnet: 2,9

IPP
[00:09:28.258][Info]: [SPP_AND_LE]app_key_evnet: 2,9

[00:09:28.408][Info]: [SPP_AND_LE]app_key_evnet: 2,9

[00:09:28.558][Info]: [SPP_AND_LE]app_key_evnet: 2,9

IPP
[00:09:28.708][Info]: [SPP_AND_LE]app_key_evnet: 2,9

[00:09:28.858][Info]: [SPP_AND_LE]app_key_evnet: 2,9

[00:09:29.008][Info]: [SPP_AND_LE]app_key_evnet: 2,9

I
[00:09:29.158][Info]: [SPP_AND_LE]app_key_evnet: 2,9

PP
[00:09:29.308][Info]: [SPP_AND_LE]app_key_evnet: 2,9

[00:09:29.458][Info]: [SPP_AND_LE]app_key_evnet: 2,9

[00:09:29.608][Info]: [SPP_AND_LE]app_key_evnet: 2,9

IPP
[00:09:29.758][Info]: [SPP_AND_LE]app_key_evnet: 2,9

[00:09:29.908][Info]: [SPP_AND_LE]app_key_evnet: 2,9

[00:09:30.058][Info]: [SPP_AND_LE]app_key_evnet: 2,9

IPP
[00:09:30.208][Info]: [SPP_AND_LE]app_key_evnet: 2,9

[00:09:30.357][Info]: [SPP_AND_LE]app_key_evnet: 2,9

[00:09:30.366][BLE_TRANS]WTYI dynamic name switch to: WTYI_BT_TEST_B
 
[00:09:30.368][Info]: [GATT_SERVER]adv_en:0

[00:09:30.368][Info]: [GATT_SERVER]server_work_st:20->2

[00:09:30.369][BLE_TRANS]server_state: handle=00,02
 
[00:09:30.371][Info]: [GATT_COMM]ble_comm_set_config_name

[00:09:30.372][Info]: [GATT_COMM]ble name(19): WTYI_BT_TEST_B(BLE) 

[00:09:30.373][BLE_TRANS]trans_adv_data(28): 
02 01 06 03 03 30 AF 14 09 57 54 59 49 5F 42 54 
5F 54 45 53 54 5F 42 28 42 4C 45 29 
[00:09:30.375][BLE_TRANS]rsp_data(0): 
[00:09:30.376][Info]: [GATT_SERVER]__gatt_server_just_new_dev_adv

[00:09:30.377][Info]: [GATT_SERVER]new_dev_adv

[00:09:30.378][Info]: [GATT_SERVER]adv_en:1

[00:09:30.378][Info]: [GATT_SERVER]server_work_st:2->20

[00:09:30.379][BLE_TRANS]server_state: handle=00,20
 
[00:09:30.508][Info]: [SPP_AND_LE]app_key_evnet: 2,9

I
[00:09:30.658][Info]: [SPP_AND_LE]app_key_evnet: 2,9

PP
[00:09:30.808][Info]: [SPP_AND_LE]app_key_evnet: 2,9

[00:09:30.958][Info]: [SPP_AND_LE]app_key_evnet: 2,9

[00:09:31.108][Info]: [SPP_AND_LE]app_key_evnet: 2,9

IPP
[00:09:31.258][Info]: [SPP_AND_LE]app_key_evnet: 2,9

[00:09:31.408][Info]: [SPP_AND_LE]app_key_evnet: 2,9

[00:09:31.558][Info]: [SPP_AND_LE]app_key_evnet: 2,9

IPP
[00:09:31.708][Info]: [SPP_AND_LE]app_key_evnet: 2,9

[00:09:31.858][Info]: [SPP_AND_LE]app_key_evnet: 2,9

[00:09:32.008][Info]: [SPP_AND_LE]app_key_evnet: 2,9

I
[00:09:32.158][Info]: [SPP_AND_LE]app_key_evnet: 2,9

PP
[00:09:32.308][Info]: [SPP_AND_LE]app_key_evnet: 2,9

[00:09:32.458][Info]: [SPP_AND_LE]app_key_evnet: 2,9

[00:09:32.608][Info]: [SPP_AND_LE]app_key_evnet: 2,9

IPP
[00:09:32.758][Info]: [SPP_AND_LE]app_key_evnet: 2,9

[00:09:32.908][Info]: [SPP_AND_LE]app_key_evnet: 2,9

[00:09:33.058][Info]: [SPP_AND_LE]app_key_evnet: 2,9

IPP
[00:09:33.208][Info]: [SPP_AND_LE]app_key_evnet: 2,9

[00:09:33.358][Info]: [SPP_AND_LE]app_key_evnet: 2,9

[00:09:33.508][Info]: [SPP_AND_LE]app_key_evnet: 2,9

I
[00:09:33.658][Info]: [SPP_AND_LE]app_key_evnet: 2,9

PP
[00:09:33.808][Info]: [SPP_AND_LE]app_key_evnet: 2,9

[00:09:33.958][Info]: [SPP_AND_LE]app_key_evnet: 2,9

[00:09:34.108][Info]: [SPP_AND_LE]app_key_evnet: 2,9

IPP
[00:09:34.258][Info]: [SPP_AND_LE]app_key_evnet: 2,9

[00:09:34.408][Info]: [SPP_AND_LE]app_key_evnet: 2,9

[00:09:34.558][Info]: [SPP_AND_LE]app_key_evnet: 2,9

IPP
[00:09:34.708][Info]: [SPP_AND_LE]app_key_evnet: 2,9

[00:09:34.858][Info]: [SPP_AND_LE]app_key_evnet: 2,9

[00:09:35.008][Info]: [SPP_AND_LE]app_key_evnet: 2,9

I
[00:09:35.158][Info]: [SPP_AND_LE]app_key_evnet: 2,9

PP
[00:09:35.308][Info]: [SPP_AND_LE]app_key_evnet: 2,9

[00:09:35.458][Info]: [SPP_AND_LE]app_key_evnet: 2,9

[00:09:35.608][Info]: [SPP_AND_LE]app_key_evnet: 2,9

IPP
[00:09:35.758][Info]: [SPP_AND_LE]app_key_evnet: 2,9

[00:09:35.908][Info]: [SPP_AND_LE]app_key_evnet: 2,9

[00:09:36.058][Info]: [SPP_AND_LE]app_key_evnet: 2,9

IPP
[00:09:36.208][Info]: [SPP_AND_LE]app_key_evnet: 2,9

[00:09:36.358][Info]: [SPP_AND_LE]app_key_evnet: 2,9

[00:09:36.508][Info]: [SPP_AND_LE]app_key_evnet: 2,9

I
[00:09:36.658][Info]: [SPP_AND_LE]app_key_evnet: 2,9

PP
[00:09:36.808][Info]: [SPP_AND_LE]app_key_evnet: 2,9

[00:09:36.958][Info]: [SPP_AND_LE]app_key_evnet: 2,9

[00:09:37.108][Info]: [SPP_AND_LE]app_key_evnet: 2,9

IPP
[00:09:37.258][Info]: [SPP_AND_LE]app_key_evnet: 2,9

[00:09:37.408][Info]: [SPP_AND_LE]app_key_evnet: 2,9

[00:09:37.558][Info]: [SPP_AND_LE]app_key_evnet: 2,9

IPP
[00:09:37.708][Info]: [SPP_AND_LE]app_key_evnet: 2,9

[00:09:37.858][Info]: [SPP_AND_LE]app_key_evnet: 2,9

[00:09:38.008][Info]: [SPP_AND_LE]app_key_evnet: 2,9

I
[00:09:38.158][Info]: [SPP_AND_LE]app_key_evnet: 2,9

PP
[00:09:38.308][Info]: [SPP_AND_LE]app_key_evnet: 2,9

[00:09:38.458][Info]: [SPP_AND_LE]app_key_evnet: 2,9

[00:09:38.608][Info]: [SPP_AND_LE]app_key_evnet: 2,9

IPP
[00:09:38.758][Info]: [SPP_AND_LE]app_key_evnet: 2,9

[00:09:38.908][Info]: [SPP_AND_LE]app_key_evnet: 2,9

[00:09:39.058][Info]: [SPP_AND_LE]app_key_evnet: 2,9

IPP
[00:09:39.208][Info]: [SPP_AND_LE]app_key_evnet: 2,9

[00:09:39.358][Info]: [SPP_AND_LE]app_key_evnet: 2,9

[00:09:39.508][Info]: [SPP_AND_LE]app_key_evnet: 2,9

I
[00:09:39.658][Info]: [SPP_AND_LE]app_key_evnet: 2,9

PP
[00:09:39.808][Info]: [SPP_AND_LE]app_key_evnet: 2,9

[00:09:39.958][Info]: [SPP_AND_LE]app_key_evnet: 2,9

[00:09:40.108][Info]: [SPP_AND_LE]app_key_evnet: 2,9

IPP
[00:09:40.258][Info]: [SPP_AND_LE]app_key_evnet: 2,9

[00:09:40.366][BLE_TRANS]WTYI dynamic name switch to: WTYI_BT_TEST
 
[00:09:40.368][Info]: [GATT_SERVER]adv_en:0

[00:09:40.368][Info]: [GATT_SERVER]server_work_st:20->2

[00:09:40.369][BLE_TRANS]server_state: handle=00,02
 
[00:09:40.371][Info]: [GATT_COMM]ble_comm_set_config_name

[00:09:40.372][Info]: [GATT_COMM]ble name(17): WTYI_BT_TEST(BLE) 

[00:09:40.373][BLE_TRANS]trans_adv_data(26): 
02 01 06 03 03 30 AF 12 09 57 54 59 49 5F 42 54 
5F 54 45 53 54 28 42 4C 45 29 
[00:09:40.375][BLE_TRANS]rsp_data(0): 
[00:09:40.376][Info]: [GATT_SERVER]__gatt_server_just_new_dev_adv

[00:09:40.376][Info]: [GATT_SERVER]new_dev_adv

[00:09:40.378][Info]: [GATT_SERVER]adv_en:1

[00:09:40.378][Info]: [GATT_SERVER]server_work_st:2->20

[00:09:40.379][BLE_TRANS]server_state: handle=00,20
 
[00:09:40.408][Info]: [SPP_AND_LE]app_key_evnet: 2,9

[00:09:40.558][Info]: [SPP_AND_LE]app_key_evnet: 2,9

IPP
[00:09:40.708][Info]: [SPP_AND_LE]app_key_evnet: 2,9

[00:09:40.858][Info]: [SPP_AND_LE]app_key_evnet: 2,9

[00:09:41.008][Info]: [SPP_AND_LE]app_key_evnet: 2,9

I
[00:09:41.158][Info]: [SPP_AND_LE]app_key_evnet: 2,9

PP
[00:09:41.308][Info]: [SPP_AND_LE]app_key_evnet: 2,9

[00:09:41.458][Info]: [SPP_AND_LE]app_key_evnet: 2,9

[00:09:41.608][Info]: [SPP_AND_LE]app_key_evnet: 2,9

IPP
[00:09:41.758][Info]: [SPP_AND_LE]app_key_evnet: 2,9

[00:09:41.908][Info]: [SPP_AND_LE]app_key_evnet: 2,9

[00:09:42.058][Info]: [SPP_AND_LE]app_key_evnet: 2,9

IPP
[00:09:42.208][Info]: [SPP_AND_LE]app_key_evnet: 2,9

[00:09:42.358][Info]: [SPP_AND_LE]app_key_evnet: 2,9

[00:09:42.508][Info]: [SPP_AND_LE]app_key_evnet: 2,9

I
[00:09:42.658][Info]: [SPP_AND_LE]app_key_evnet: 2,9

PP
[00:09:42.808][Info]: [SPP_AND_LE]app_key_evnet: 2,9

[00:09:42.958][Info]: [SPP_AND_LE]app_key_evnet: 2,9

[00:09:43.108][Info]: [SPP_AND_LE]app_key_evnet: 2,9

IPP
[00:09:43.258][Info]: [SPP_AND_LE]app_key_evnet: 2,9

[00:09:43.408][Info]: [SPP_AND_LE]app_key_evnet: 2,9

[00:09:43.558][Info]: [SPP_AND_LE]app_key_evnet: 2,9

IPP
[00:09:43.708][Info]: [SPP_AND_LE]app_key_evnet: 2,9

[00:09:43.858][Info]: [SPP_AND_LE]app_key_evnet: 2,9

[00:09:44.008][Info]: [SPP_AND_LE]app_key_evnet: 2,9

I
[00:09:44.158][Info]: [SPP_AND_LE]app_key_evnet: 2,9

PP
[00:09:44.308][Info]: [SPP_AND_LE]app_key_evnet: 2,9

[00:09:44.458][Info]: [SPP_AND_LE]app_key_evnet: 2,9

[00:09:44.608][Info]: [SPP_AND_LE]app_key_evnet: 2,9

IPP
[00:09:44.758][Info]: [SPP_AND_LE]app_key_evnet: 2,9

[00:09:44.908][Info]: [SPP_AND_LE]app_key_evnet: 2,9

[00:09:45.058][Info]: [SPP_AND_LE]app_key_evnet: 2,9

IPP
[00:09:45.208][Info]: [SPP_AND_LE]app_key_evnet: 2,9

[00:09:45.358][Info]: [SPP_AND_LE]app_key_evnet: 2,9

[00:09:45.508][Info]: [SPP_AND_LE]app_key_evnet: 2,9

I
[00:09:45.658][Info]: [SPP_AND_LE]app_key_evnet: 2,9

PP
[00:09:45.808][Info]: [SPP_AND_LE]app_key_evnet: 2,9

[00:09:45.958][Info]: [SPP_AND_LE]app_key_evnet: 2,9

[00:09:46.108][Info]: [SPP_AND_LE]app_key_evnet: 2,9

IPP
[00:09:46.258][Info]: [SPP_AND_LE]app_key_evnet: 2,9

[00:09:46.408][Info]: [SPP_AND_LE]app_key_evnet: 2,9

[00:09:46.558][Info]: [SPP_AND_LE]app_key_evnet: 2,9

IPP
[00:09:46.708][Info]: [SPP_AND_LE]app_key_evnet: 2,9

[00:09:46.858][Info]: [SPP_AND_LE]app_key_evnet: 2,9

[00:09:47.008][Info]: [SPP_AND_LE]app_key_evnet: 2,9

I
[00:09:47.158][Info]: [SPP_AND_LE]app_key_evnet: 2,9

PP
[00:09:47.308][Info]: [SPP_AND_LE]app_key_evnet: 2,9

[00:09:47.458][Info]: [SPP_AND_LE]app_key_evnet: 2,9

[00:09:47.608][Info]: [SPP_AND_LE]app_key_evnet: 2,9

IPP
[00:09:47.758][Info]: [SPP_AND_LE]app_key_evnet: 2,9

[00:09:47.908][Info]: [SPP_AND_LE]app_key_evnet: 2,9

[00:09:48.058][Info]: [SPP_AND_LE]app_key_evnet: 2,9

IPP
[00:09:48.208][Info]: [SPP_AND_LE]app_key_evnet: 2,9

[00:09:48.358][Info]: [SPP_AND_LE]app_key_evnet: 2,9

[00:09:48.508][Info]: [SPP_AND_LE]app_key_evnet: 2,9

I
[00:09:48.658][Info]: [SPP_AND_LE]app_key_evnet: 2,9

PP
[00:09:48.808][Info]: [SPP_AND_LE]app_key_evnet: 2,9

[00:09:48.958][Info]: [SPP_AND_LE]app_key_evnet: 2,9

[00:09:49.108][Info]: [SPP_AND_LE]app_key_evnet: 2,9

IPP
[00:09:49.258][Info]: [SPP_AND_LE]app_key_evnet: 2,9

[00:09:49.408][Info]: [SPP_AND_LE]app_key_evnet: 2,9

[00:09:49.558][Info]: [SPP_AND_LE]app_key_evnet: 2,9

IPP
[00:09:49.708][Info]: [SPP_AND_LE]app_key_evnet: 2,9

[00:09:49.858][Info]: [SPP_AND_LE]app_key_evnet: 2,9

[00:09:50.008][Info]: [SPP_AND_LE]app_key_evnet: 2,9

I
[00:09:50.158][Info]: [SPP_AND_LE]app_key_evnet: 2,9

PP
[00:09:50.308][Info]: [SPP_AND_LE]app_key_evnet: 2,9

[00:09:50.366][BLE_TRANS]WTYI dynamic name switch to: WTYI_BT_TEST_B
 
[00:09:50.368][Info]: [GATT_SERVER]adv_en:0

[00:09:50.368][Info]: [GATT_SERVER]server_work_st:20->2

[00:09:50.369][BLE_TRANS]server_state: handle=00,02
 
[00:09:50.371][Info]: [GATT_COMM]ble_comm_set_config_name

[00:09:50.372][Info]: [GATT_COMM]ble name(19): WTYI_BT_TEST_B(BLE) 

[00:09:50.373][BLE_TRANS]trans_adv_data(28): 
02 01 06 03 03 30 AF 14 09 57 54 59 49 5F 42 54 
5F 54 45 53 54 5F 42 28 42 4C 45 29 
[00:09:50.375][BLE_TRANS]rsp_data(0): 
[00:09:50.376][Info]: [GATT_SERVER]__gatt_server_just_new_dev_adv

[00:09:50.377][Info]: [GATT_SERVER]new_dev_adv

[00:09:50.378][Info]: [GATT_SERVER]adv_en:1

[00:09:50.378][Info]: [GATT_SERVER]server_work_st:2->20

[00:09:50.379][BLE_TRANS]server_state: handle=00,20
 
[00:09:50.458][Info]: [SPP_AND_LE]app_key_evnet: 2,9

[00:09:50.608][Info]: [SPP_AND_LE]app_key_evnet: 2,9

IPP
[00:09:50.758][Info]: [SPP_AND_LE]app_key_evnet: 2,9

[00:09:50.908][Info]: [SPP_AND_LE]app_key_evnet: 2,9

[00:09:51.058][Info]: [SPP_AND_LE]app_key_evnet: 2,9

IPP
[00:09:51.208][Info]: [SPP_AND_LE]app_key_evnet: 2,9

[00:09:51.358][Info]: [SPP_AND_LE]app_key_evnet: 2,9

[00:09:51.508][Info]: [SPP_AND_LE]app_key_evnet: 2,9

I
[00:09:51.658][Info]: [SPP_AND_LE]app_key_evnet: 2,9

PPP
[00:09:51.808][Info]: [SPP_AND_LE]app_key_evnet: 2,9

[00:09:51.958][Info]: [SPP_AND_LE]app_key_evnet: 2,9

[00:09:52.108][Info]: [SPP_AND_LE]app_key_evnet: 2,9

IPP
[00:09:52.258][Info]: [SPP_AND_LE]app_key_evnet: 2,9

[00:09:52.408][Info]: [SPP_AND_LE]app_key_evnet: 2,9

[00:09:52.558][Info]: [SPP_AND_LE]app_key_evnet: 2,9

IPP
[00:09:52.708][Info]: [SPP_AND_LE]app_key_evnet: 2,9

[00:09:52.858][Info]: [SPP_AND_LE]app_key_evnet: 2,9

[00:09:53.008][Info]: [SPP_AND_LE]app_key_evnet: 2,9

I
[00:09:53.158][Info]: [SPP_AND_LE]app_key_evnet: 2,9

PP
[00:09:53.308][Info]: [SPP_AND_LE]app_key_evnet: 2,9

[00:09:53.458][Info]: [SPP_AND_LE]app_key_evnet: 2,9

[00:09:53.608][Info]: [SPP_AND_LE]app_key_evnet: 2,9

IPP
[00:09:53.758][Info]: [SPP_AND_LE]app_key_evnet: 2,9

[00:09:53.908][Info]: [SPP_AND_LE]app_key_evnet: 2,9

[00:09:54.058][Info]: [SPP_AND_LE]app_key_evnet: 2,9

IPP
[00:09:54.208][Info]: [SPP_AND_LE]app_key_evnet: 2,9

[00:09:54.358][Info]: [SPP_AND_LE]app_key_evnet: 2,9

[00:09:54.508][Info]: [SPP_AND_LE]app_key_evnet: 2,9

I
[00:09:54.658][Info]: [SPP_AND_LE]app_key_evnet: 2,9

PP
[00:09:54.808][Info]: [SPP_AND_LE]app_key_evnet: 2,9

[00:09:54.958][Info]: [SPP_AND_LE]app_key_evnet: 2,9

[00:09:55.108][Info]: [SPP_AND_LE]app_key_evnet: 2,9

IPP
[00:09:55.258][Info]: [SPP_AND_LE]app_key_evnet: 2,9

[00:09:55.408][Info]: [SPP_AND_LE]app_key_evnet: 2,9

[00:09:55.558][Info]: [SPP_AND_LE]app_key_evnet: 2,9

IPP
[00:09:55.708][Info]: [SPP_AND_LE]app_key_evnet: 2,9

[00:09:55.858][Info]: [SPP_AND_LE]app_key_evnet: 2,9

[00:09:56.008][Info]: [SPP_AND_LE]app_key_evnet: 2,9

[00:09:56.158][Info]: [SPP_AND_LE]app_key_evnet: 2,9

IPP
[00:09:56.308][Info]: [SPP_AND_LE]app_key_evnet: 2,9

[00:09:56.458][Info]: [SPP_AND_LE]app_key_evnet: 2,9

[00:09:56.608][Info]: [SPP_AND_LE]app_key_evnet: 2,9

IPP
[00:09:56.758][Info]: [SPP_AND_LE]app_key_evnet: 2,9

[00:09:56.908][Info]: [SPP_AND_LE]app_key_evnet: 2,9

[00:09:57.058][Info]: [SPP_AND_LE]app_key_evnet: 2,9

IPP
[00:09:57.208][Info]: [SPP_AND_LE]app_key_evnet: 2,9

[00:09:57.358][Info]: [SPP_AND_LE]app_key_evnet: 2,9

[00:09:57.508][Info]: [SPP_AND_LE]app_key_evnet: 2,9

[00:09:57.658][Info]: [SPP_AND_LE]app_key_evnet: 2,9

IPP
[00:09:57.808][Info]: [SPP_AND_LE]app_key_evnet: 2,9

[00:09:57.958][Info]: [SPP_AND_LE]app_key_evnet: 2,9

[00:09:58.108][Info]: [SPP_AND_LE]app_key_evnet: 2,9

IPP
[00:09:58.258][Info]: [SPP_AND_LE]app_key_evnet: 2,9

[00:09:58.408][Info]: [SPP_AND_LE]app_key_evnet: 2,9

[00:09:58.558][Info]: [SPP_AND_LE]app_key_evnet: 2,9

IPP
[00:09:58.708][Info]: [SPP_AND_LE]app_key_evnet: 2,9

[00:09:58.858][Info]: [SPP_AND_LE]app_key_evnet: 2,9

[00:09:59.008][Info]: [SPP_AND_LE]app_key_evnet: 2,9

[00:09:59.158][Info]: [SPP_AND_LE]app_key_evnet: 2,9

IPP
[00:09:59.308][Info]: [SPP_AND_LE]app_key_evnet: 2,9

[00:09:59.458][Info]: [SPP_AND_LE]app_key_evnet: 2,9

[00:09:59.608][Info]: [SPP_AND_LE]app_key_evnet: 2,9

IPP
[00:09:59.758][Info]: [SPP_AND_LE]app_key_evnet: 2,9

[00:09:59.908][Info]: [SPP_AND_LE]app_key_evnet: 2,9

[00:10:00.058][Info]: [SPP_AND_LE]app_key_evnet: 2,9

IPP
[00:10:00.208][Info]: [SPP_AND_LE]app_key_evnet: 2,9

[00:10:00.357][Info]: [SPP_AND_LE]app_key_evnet: 2,9

[00:10:00.366][BLE_TRANS]WTYI dynamic name switch to: WTYI_BT_TEST
 
[00:10:00.368][Info]: [GATT_SERVER]adv_en:0

[00:10:00.368][Info]: [GATT_SERVER]server_work_st:20->2

[00:10:00.369][BLE_TRANS]server_state: handle=00,02
 
[00:10:00.371][Info]: [GATT_COMM]ble_comm_set_config_name

[00:10:00.372][Info]: [GATT_COMM]ble name(17): WTYI_BT_TEST(BLE) 

[00:10:00.373][BLE_TRANS]trans_adv_data(26): 
02 01 06 03 03 30 AF 12 09 57 54 59 49 5F 42 54 
5F 54 45 53 54 28 42 4C 45 29 
[00:10:00.375][BLE_TRANS]rsp_data(0): 
[00:10:00.376][Info]: [GATT_SERVER]__gatt_server_just_new_dev_adv

[00:10:00.376][Info]: [GATT_SERVER]new_dev_adv

[00:10:00.378][Info]: [GATT_SERVER]adv_en:1

[00:10:00.378][Info]: [GATT_SERVER]server_work_st:2->20

[00:10:00.379][BLE_TRANS]server_state: handle=00,20
 
[00:10:00.508][Info]: [SPP_AND_LE]app_key_evnet: 2,9

[00:10:00.658][Info]: [SPP_AND_LE]app_key_evnet: 2,9

IPP
[00:10:00.808][Info]: [SPP_AND_LE]app_key_evnet: 2,9

[00:10:00.958][Info]: [SPP_AND_LE]app_key_evnet: 2,9

[00:10:01.108][Info]: [SPP_AND_LE]app_key_evnet: 2,9

IPP
[00:10:01.258][Info]: [SPP_AND_LE]app_key_evnet: 2,9

[00:10:01.408][Info]: [SPP_AND_LE]app_key_evnet: 2,9

[00:10:01.558][Info]: [SPP_AND_LE]app_key_evnet: 2,9

IPP
[00:10:01.708][Info]: [SPP_AND_LE]app_key_evnet: 2,9

[00:10:01.858][Info]: [SPP_AND_LE]app_key_evnet: 2,9

[00:10:02.008][Info]: [SPP_AND_LE]app_key_evnet: 2,9

[00:10:02.158][Info]: [SPP_AND_LE]app_key_evnet: 2,9

IPP
[00:10:02.308][Info]: [SPP_AND_LE]app_key_evnet: 2,9

[00:10:02.458][Info]: [SPP_AND_LE]app_key_evnet: 2,9

[00:10:02.608][Info]: [SPP_AND_LE]app_key_evnet: 2,9

IPP
[00:10:02.758][Info]: [SPP_AND_LE]app_key_evnet: 2,9

[00:10:02.908][Info]: [SPP_AND_LE]app_key_evnet: 2,9

[00:10:03.058][Info]: [SPP_AND_LE]app_key_evnet: 2,9

IPP
[00:10:03.208][Info]: [SPP_AND_LE]app_key_evnet: 2,9

[00:10:03.358][Info]: [SPP_AND_LE]app_key_evnet: 2,9

[00:10:03.508][Info]: [SPP_AND_LE]app_key_evnet: 2,9

[00:10:03.658][Info]: [SPP_AND_LE]app_key_evnet: 2,9

IPP
[00:10:03.808][Info]: [SPP_AND_LE]app_key_evnet: 2,9

[00:10:03.958][Info]: [SPP_AND_LE]app_key_evnet: 2,9

[00:10:04.108][Info]: [SPP_AND_LE]app_key_evnet: 2,9

IPP
[00:10:04.258][Info]: [SPP_AND_LE]app_key_evnet: 2,9

[00:10:04.408][Info]: [SPP_AND_LE]app_key_evnet: 2,9

[00:10:04.558][Info]: [SPP_AND_LE]app_key_evnet: 2,9

IPP
[00:10:04.708][Info]: [SPP_AND_LE]app_key_evnet: 2,9

[00:10:04.858][Info]: [SPP_AND_LE]app_key_evnet: 2,9

[00:10:05.008][Info]: [SPP_AND_LE]app_key_evnet: 2,9

[00:10:05.158][Info]: [SPP_AND_LE]app_key_evnet: 2,9

IPP
[00:10:05.308][Info]: [SPP_AND_LE]app_key_evnet: 2,9

[00:10:05.458][Info]: [SPP_AND_LE]app_key_evnet: 2,9

[00:10:05.608][Info]: [SPP_AND_LE]app_key_evnet: 2,9

IPP
[00:10:05.758][Info]: [SPP_AND_LE]app_key_evnet: 2,9

[00:10:05.908][Info]: [SPP_AND_LE]app_key_evnet: 2,9

[00:10:06.058][Info]: [SPP_AND_LE]app_key_evnet: 2,9

IPP
[00:10:06.208][Info]: [SPP_AND_LE]app_key_evnet: 2,9

[00:10:06.358][Info]: [SPP_AND_LE]app_key_evnet: 2,9

[00:10:06.508][Info]: [SPP_AND_LE]app_key_evnet: 2,9

[00:10:06.658][Info]: [SPP_AND_LE]app_key_evnet: 2,9

IPP
[00:10:06.808][Info]: [SPP_AND_LE]app_key_evnet: 2,9

[00:10:06.958][Info]: [SPP_AND_LE]app_key_evnet: 2,9

[00:10:07.108][Info]: [SPP_AND_LE]app_key_evnet: 2,9

IPP
[00:10:07.258][Info]: [SPP_AND_LE]app_key_evnet: 2,9

[00:10:07.408][Info]: [SPP_AND_LE]app_key_evnet: 2,9

[00:10:07.558][Info]: [SPP_AND_LE]app_key_evnet: 2,9

IPP
[00:10:07.708][Info]: [SPP_AND_LE]app_key_evnet: 2,9

[00:10:07.858][Info]: [SPP_AND_LE]app_key_evnet: 2,9

[00:10:08.008][Info]: [SPP_AND_LE]app_key_evnet: 2,9

[00:10:08.158][Info]: [SPP_AND_LE]app_key_evnet: 2,9

IPP
[00:10:08.308][Info]: [SPP_AND_LE]app_key_evnet: 2,9

[00:10:08.458][Info]: [SPP_AND_LE]app_key_evnet: 2,9

[00:10:08.608][Info]: [SPP_AND_LE]app_key_evnet: 2,9

IPP
[00:10:08.758][Info]: [SPP_AND_LE]app_key_evnet: 2,9

[00:10:08.908][Info]: [SPP_AND_LE]app_key_evnet: 2,9

[00:10:09.058][Info]: [SPP_AND_LE]app_key_evnet: 2,9

IPP
[00:10:09.208][Info]: [SPP_AND_LE]app_key_evnet: 2,9

[00:10:09.358][Info]: [SPP_AND_LE]app_key_evnet: 2,9

[00:10:09.508][Info]: [SPP_AND_LE]app_key_evnet: 2,9

[00:10:09.658][Info]: [SPP_AND_LE]app_key_evnet: 2,9

IPP
[00:10:09.808][Info]: [SPP_AND_LE]app_key_evnet: 2,9

[00:10:09.958][Info]: [SPP_AND_LE]app_key_evnet: 2,9

[00:10:10.108][Info]: [SPP_AND_LE]app_key_evnet: 2,9

IPP
[00:10:10.258][Info]: [SPP_AND_LE]app_key_evnet: 2,9

[00:10:10.366][BLE_TRANS]WTYI dynamic name switch to: WTYI_BT_TEST_B
 
[00:10:10.368][Info]: [GATT_SERVER]adv_en:0

[00:10:10.368][Info]: [GATT_SERVER]server_work_st:20->2

[00:10:10.369][BLE_TRANS]server_state: handle=00,02
 
[00:10:10.371][Info]: [GATT_COMM]ble_comm_set_config_name

[00:10:10.372][Info]: [GATT_COMM]ble name(19): WTYI_BT_TEST_B(BLE) 

[00:10:10.373][BLE_TRANS]trans_adv_data(28): 
02 01 06 03 03 30 AF 14 09 57 54 59 49 5F 42 54 
5F 54 45 53 54 5F 42 28 42 4C 45 29 
[00:10:10.375][BLE_TRANS]rsp_data(0): 
[00:10:10.376][Info]: [GATT_SERVER]__gatt_server_just_new_dev_adv

[00:10:10.377][Info]: [GATT_SERVER]new_dev_adv

[00:10:10.378][Info]: [GATT_SERVER]adv_en:1

[00:10:10.378][Info]: [GATT_SERVER]server_work_st:2->20

[00:10:10.379][BLE_TRANS]server_state: handle=00,20
 
[00:10:10.408][Info]: [SPP_AND_LE]app_key_evnet: 2,9

[00:10:10.558][Info]: [SPP_AND_LE]app_key_evnet: 2,9

IPP
[00:10:10.708][Info]: [SPP_AND_LE]app_key_evnet: 2,9

[00:10:10.858][Info]: [SPP_AND_LE]app_key_evnet: 2,9

[00:10:11.008][Info]: [SPP_AND_LE]app_key_evnet: 2,9

[00:10:11.158][Info]: [SPP_AND_LE]app_key_evnet: 2,9

IPP
[00:10:11.308][Info]: [SPP_AND_LE]app_key_evnet: 2,9

[00:10:11.458][Info]: [SPP_AND_LE]app_key_evnet: 2,9

[00:10:11.608][Info]: [SPP_AND_LE]app_key_evnet: 2,9

IPP
[00:10:11.758][Info]: [SPP_AND_LE]app_key_evnet: 2,9

[00:10:11.908][Info]: [SPP_AND_LE]app_key_evnet: 2,9

[00:10:12.058][Info]: [SPP_AND_LE]app_key_evnet: 2,9

IPP
[00:10:12.208][Info]: [SPP_AND_LE]app_key_evnet: 2,9

[00:10:12.358][Info]: [SPP_AND_LE]app_key_evnet: 2,9

[00:10:12.508][Info]: [SPP_AND_LE]app_key_evnet: 2,9

[00:10:12.658][Info]: [SPP_AND_LE]app_key_evnet: 2,9

IPP
[00:10:12.808][Info]: [SPP_AND_LE]app_key_evnet: 2,9

[00:10:12.958][Info]: [SPP_AND_LE]app_key_evnet: 2,9

[00:10:13.108][Info]: [SPP_AND_LE]app_key_evnet: 2,9

IPP
[00:10:13.258][Info]: [SPP_AND_LE]app_key_evnet: 2,9

[00:10:13.408][Info]: [SPP_AND_LE]app_key_evnet: 2,9

[00:10:13.558][Info]: [SPP_AND_LE]app_key_evnet: 2,9

IPP
[00:10:13.708][Info]: [SPP_AND_LE]app_key_evnet: 2,9

[00:10:13.858][Info]: [SPP_AND_LE]app_key_evnet: 2,9

[00:10:14.008][Info]: [SPP_AND_LE]app_key_evnet: 2,9

[00:10:14.158][Info]: [SPP_AND_LE]app_key_evnet: 2,9

IPP
[00:10:14.308][Info]: [SPP_AND_LE]app_key_evnet: 2,9

[00:10:14.458][Info]: [SPP_AND_LE]app_key_evnet: 2,9

[00:10:14.608][Info]: [SPP_AND_LE]app_key_evnet: 2,9

IPP
[00:10:14.758][Info]: [SPP_AND_LE]app_key_evnet: 2,9

[00:10:14.908][Info]: [SPP_AND_LE]app_key_evnet: 2,9

[00:10:15.058][Info]: [SPP_AND_LE]app_key_evnet: 2,9

IPP
[00:10:15.208][Info]: [SPP_AND_LE]app_key_evnet: 2,9

[00:10:15.358][Info]: [SPP_AND_LE]app_key_evnet: 2,9

[00:10:15.508][Info]: [SPP_AND_LE]app_key_evnet: 2,9

[00:10:15.658][Info]: [SPP_AND_LE]app_key_evnet: 2,9

IPP
[00:10:15.808][Info]: [SPP_AND_LE]app_key_evnet: 2,9

[00:10:15.958][Info]: [SPP_AND_LE]app_key_evnet: 2,9

[00:10:16.108][Info]: [SPP_AND_LE]app_key_evnet: 2,9

IPP
[00:10:16.258][Info]: [SPP_AND_LE]app_key_evnet: 2,9

[00:10:16.408][Info]: [SPP_AND_LE]app_key_evnet: 2,9

[00:10:16.558][Info]: [SPP_AND_LE]app_key_evnet: 2,9

IPP
[00:10:16.708][Info]: [SPP_AND_LE]app_key_evnet: 2,9

[00:10:16.858][Info]: [SPP_AND_LE]app_key_evnet: 2,9

[00:10:17.008][Info]: [SPP_AND_LE]app_key_evnet: 2,9

[00:10:17.158][Info]: [SPP_AND_LE]app_key_evnet: 2,9

IPP
[00:10:17.308][Info]: [SPP_AND_LE]app_key_evnet: 2,9

[00:10:17.458][Info]: [SPP_AND_LE]app_key_evnet: 2,9

[00:10:17.608][Info]: [SPP_AND_LE]app_key_evnet: 2,9

IPP
[00:10:17.758][Info]: [SPP_AND_LE]app_key_evnet: 2,9

[00:10:17.908][Info]: [SPP_AND_LE]app_key_evnet: 2,9

[00:10:18.058][Info]: [SPP_AND_LE]app_key_evnet: 2,9

IPP
[00:10:18.208][Info]: [SPP_AND_LE]app_key_evnet: 2,9

[00:10:18.358][Info]: [SPP_AND_LE]app_key_evnet: 2,9

[00:10:18.508][Info]: [SPP_AND_LE]app_key_evnet: 2,9

[00:10:18.658][Info]: [SPP_AND_LE]app_key_evnet: 2,9

IPP
[00:10:18.808][Info]: [SPP_AND_LE]app_key_evnet: 2,9

[00:10:18.958][Info]: [SPP_AND_LE]app_key_evnet: 2,9

[00:10:19.108][Info]: [SPP_AND_LE]app_key_evnet: 2,9

IPP
[00:10:19.258][Info]: [SPP_AND_LE]app_key_evnet: 2,9

[00:10:19.408][Info]: [SPP_AND_LE]app_key_evnet: 2,9

[00:10:19.558][Info]: [SPP_AND_LE]app_key_evnet: 2,9

IPP
[00:10:19.708][Info]: [SPP_AND_LE]app_key_evnet: 2,9

[00:10:19.858][Info]: [SPP_AND_LE]app_key_evnet: 2,9

[00:10:20.008][Info]: [SPP_AND_LE]app_key_evnet: 2,9

[00:10:20.158][Info]: [SPP_AND_LE]app_key_evnet: 2,9

IPP
[00:10:20.308][Info]: [SPP_AND_LE]app_key_evnet: 2,9

[00:10:20.366][BLE_TRANS]WTYI dynamic name switch to: WTYI_BT_TEST
 
[00:10:20.368][Info]: [GATT_SERVER]adv_en:0

[00:10:20.368][Info]: [GATT_SERVER]server_work_st:20->2

[00:10:20.369][BLE_TRANS]server_state: handle=00,02
 
[00:10:20.371][Info]: [GATT_COMM]ble_comm_set_config_name

[00:10:20.372][Info]: [GATT_COMM]ble name(17): WTYI_BT_TEST(BLE) 

[00:10:20.373][BLE_TRANS]trans_adv_data(26): 
02 01 06 03 03 30 AF 12 09 57 54 59 49 5F 42 54 
5F 54 45 53 54 28 42 4C 45 29 
[00:10:20.375][BLE_TRANS]rsp_data(0): 
[00:10:20.376][Info]: [GATT_SERVER]__gatt_server_just_new_dev_adv

[00:10:20.376][Info]: [GATT_SERVER]new_dev_adv

[00:10:20.378][Info]: [GATT_SERVER]adv_en:1

[00:10:20.378][Info]: [GATT_SERVER]server_work_st:2->20

[00:10:20.379][BLE_TRANS]server_state: handle=00,20
 
[00:10:20.458][Info]: [SPP_AND_LE]app_key_evnet: 2,9

[00:10:20.608][Info]: [SPP_AND_LE]app_key_evnet: 2,9

IPP
[00:10:20.758][Info]: [SPP_AND_LE]app_key_evnet: 2,9

[00:10:20.908][Info]: [SPP_AND_LE]app_key_evnet: 2,9

[00:10:21.058][Info]: [SPP_AND_LE]app_key_evnet: 2,9

IPP
[00:10:21.208][Info]: [SPP_AND_LE]app_key_evnet: 2,9

[00:10:21.358][Info]: [SPP_AND_LE]app_key_evnet: 2,9

[00:10:21.508][Info]: [SPP_AND_LE]app_key_evnet: 2,9

[00:10:21.658][Info]: [SPP_AND_LE]app_key_evnet: 2,9

IPP
[00:10:21.808][Info]: [SPP_AND_LE]app_key_evnet: 2,9

[00:10:21.958][Info]: [SPP_AND_LE]app_key_evnet: 2,9

[00:10:22.108][Info]: [SPP_AND_LE]app_key_evnet: 2,9

IPP
[00:10:22.258][Info]: [SPP_AND_LE]app_key_evnet: 2,9

[00:10:22.408][Info]: [SPP_AND_LE]app_key_evnet: 2,9

[00:10:22.558][Info]: [SPP_AND_LE]app_key_evnet: 2,9

IPP
[00:10:22.708][Info]: [SPP_AND_LE]app_key_evnet: 2,9

[00:10:22.858][Info]: [SPP_AND_LE]app_key_evnet: 2,9

[00:10:23.008][Info]: [SPP_AND_LE]app_key_evnet: 2,9

[00:10:23.158][Info]: [SPP_AND_LE]app_key_evnet: 2,9

IPP
[00:10:23.308][Info]: [SPP_AND_LE]app_key_evnet: 2,9

[00:10:23.458][Info]: [SPP_AND_LE]app_key_evnet: 2,9

[00:10:23.608][Info]: [SPP_AND_LE]app_key_evnet: 2,9

IPP
[00:10:23.758][Info]: [SPP_AND_LE]app_key_evnet: 2,9

[00:10:23.908][Info]: [SPP_AND_LE]app_key_evnet: 2,9

[00:10:24.058][Info]: [SPP_AND_LE]app_key_evnet: 2,9

IPP
[00:10:24.208][Info]: [SPP_AND_LE]app_key_evnet: 2,9

[00:10:24.358][Info]: [SPP_AND_LE]app_key_evnet: 2,9

[00:10:24.508][Info]: [SPP_AND_LE]app_key_evnet: 2,9

[00:10:24.658][Info]: [SPP_AND_LE]app_key_evnet: 2,9

IPP
[00:10:24.808][Info]: [SPP_AND_LE]app_key_evnet: 2,9

[00:10:24.958][Info]: [SPP_AND_LE]app_key_evnet: 2,9

[00:10:25.108][Info]: [SPP_AND_LE]app_key_evnet: 2,9

IPP
[00:10:25.258][Info]: [SPP_AND_LE]app_key_evnet: 2,9

[00:10:25.408][Info]: [SPP_AND_LE]app_key_evnet: 2,9

[00:10:25.558][Info]: [SPP_AND_LE]app_key_evnet: 2,9

IPP
[00:10:25.708][Info]: [SPP_AND_LE]app_key_evnet: 2,9

[00:10:25.858][Info]: [SPP_AND_LE]app_key_evnet: 2,9

[00:10:26.008][Info]: [SPP_AND_LE]app_key_evnet: 2,9

[00:10:26.158][Info]: [SPP_AND_LE]app_key_evnet: 2,9

IPP
[00:10:26.308][Info]: [SPP_AND_LE]app_key_evnet: 2,9

[00:10:26.458][Info]: [SPP_AND_LE]app_key_evnet: 2,9

[00:10:26.608][Info]: [SPP_AND_LE]app_key_evnet: 2,9

IPP
[00:10:26.758][Info]: [SPP_AND_LE]app_key_evnet: 2,9

[00:10:26.908][Info]: [SPP_AND_LE]app_key_evnet: 2,9

[00:10:27.058][Info]: [SPP_AND_LE]app_key_evnet: 2,9

IPP
[00:10:27.208][Info]: [SPP_AND_LE]app_key_evnet: 2,9

[00:10:27.358][Info]: [SPP_AND_LE]app_key_evnet: 2,9

[00:10:27.508][Info]: [SPP_AND_LE]app_key_evnet: 2,9

[00:10:27.658][Info]: [SPP_AND_LE]app_key_evnet: 2,9

IPP
[00:10:27.808][Info]: [SPP_AND_LE]app_key_evnet: 2,9

[00:10:27.958][Info]: [SPP_AND_LE]app_key_evnet: 2,9

[00:10:28.108][Info]: [SPP_AND_LE]app_key_evnet: 2,9

IPP
[00:10:28.258][Info]: [SPP_AND_LE]app_key_evnet: 2,9

[00:10:28.408][Info]: [SPP_AND_LE]app_key_evnet: 2,9

[00:10:28.558][Info]: [SPP_AND_LE]app_key_evnet: 2,9

IPP
[00:10:28.708][Info]: [SPP_AND_LE]app_key_evnet: 2,9

[00:10:28.858][Info]: [SPP_AND_LE]app_key_evnet: 2,9

[00:10:29.008][Info]: [SPP_AND_LE]app_key_evnet: 2,9

[00:10:29.158][Info]: [SPP_AND_LE]app_key_evnet: 2,9

IPP
[00:10:29.308][Info]: [SPP_AND_LE]app_key_evnet: 2,9

[00:10:29.458][Info]: [SPP_AND_LE]app_key_evnet: 2,9

[00:10:29.608][Info]: [SPP_AND_LE]app_key_evnet: 2,9

IPP
[00:10:29.758][Info]: [SPP_AND_LE]app_key_evnet: 2,9

[00:10:29.908][Info]: [SPP_AND_LE]app_key_evnet: 2,9

[00:10:30.058][Info]: [SPP_AND_LE]app_key_evnet: 2,9

IPP
[00:10:30.208][Info]: [SPP_AND_LE]app_key_evnet: 2,9

[00:10:30.357][Info]: [SPP_AND_LE]app_key_evnet: 2,9

[00:10:30.366][BLE_TRANS]WTYI dynamic name switch to: WTYI_BT_TEST_B
 
[00:10:30.368][Info]: [GATT_SERVER]adv_en:0

[00:10:30.368][Info]: [GATT_SERVER]server_work_st:20->2

[00:10:30.369][BLE_TRANS]server_state: handle=00,02
 
[00:10:30.371][Info]: [GATT_COMM]ble_comm_set_config_name

[00:10:30.372][Info]: [GATT_COMM]ble name(19): WTYI_BT_TEST_B(BLE) 

[00:10:30.373][BLE_TRANS]trans_adv_data(28): 
02 01 06 03 03 30 AF 14 09 57 54 59 49 5F 42 54 
5F 54 45 53 54 5F 42 28 42 4C 45 29 
[00:10:30.375][BLE_TRANS]rsp_data(0): 
[00:10:30.376][Info]: [GATT_SERVER]__gatt_server_just_new_dev_adv

[00:10:30.377][Info]: [GATT_SERVER]new_dev_adv

[00:10:30.378][Info]: [GATT_SERVER]adv_en:1

[00:10:30.378][Info]: [GATT_SERVER]server_work_st:2->20

[00:10:30.379][BLE_TRANS]server_state: handle=00,20
 
[00:10:30.508][Info]: [SPP_AND_LE]app_key_evnet: 2,9

[00:10:30.658][Info]: [SPP_AND_LE]app_key_evnet: 2,9

IPP
[00:10:30.808][Info]: [SPP_AND_LE]app_key_evnet: 2,9

[00:10:30.958][Info]: [SPP_AND_LE]app_key_evnet: 2,9

[00:10:31.108][Info]: [SPP_AND_LE]app_key_evnet: 2,9

IPP
[00:10:31.258][Info]: [SPP_AND_LE]app_key_evnet: 2,9

[00:10:31.408][Info]: [SPP_AND_LE]app_key_evnet: 2,9

[00:10:31.558][Info]: [SPP_AND_LE]app_key_evnet: 2,9

IPP
[00:10:31.708][Info]: [SPP_AND_LE]app_key_evnet: 2,9

[00:10:31.858][Info]: [SPP_AND_LE]app_key_evnet: 2,9

[00:10:32.008][Info]: [SPP_AND_LE]app_key_evnet: 2,9

[00:10:32.158][Info]: [SPP_AND_LE]app_key_evnet: 2,9

IPP
[00:10:32.308][Info]: [SPP_AND_LE]app_key_evnet: 2,9

[00:10:32.458][Info]: [SPP_AND_LE]app_key_evnet: 2,9

[00:10:32.608][Info]: [SPP_AND_LE]app_key_evnet: 2,9

IPP
[00:10:32.758][Info]: [SPP_AND_LE]app_key_evnet: 2,9

[00:10:32.908][Info]: [SPP_AND_LE]app_key_evnet: 2,9

[00:10:33.058][Info]: [SPP_AND_LE]app_key_evnet: 2,9

IPP
[00:10:33.208][Info]: [SPP_AND_LE]app_key_evnet: 2,9

[00:10:33.358][Info]: [SPP_AND_LE]app_key_evnet: 2,9

[00:10:33.508][Info]: [SPP_AND_LE]app_key_evnet: 2,9

[00:10:33.658][Info]: [SPP_AND_LE]app_key_evnet: 2,9

IPP
[00:10:33.808][Info]: [SPP_AND_LE]app_key_evnet: 2,9

[00:10:33.958][Info]: [SPP_AND_LE]app_key_evnet: 2,9

[00:10:34.108][Info]: [SPP_AND_LE]app_key_evnet: 2,9

IPP
[00:10:34.258][Info]: [SPP_AND_LE]app_key_evnet: 2,9

[00:10:34.408][Info]: [SPP_AND_LE]app_key_evnet: 2,9

[00:10:34.558][Info]: [SPP_AND_LE]app_key_evnet: 2,9

IPP
[00:10:34.708][Info]: [SPP_AND_LE]app_key_evnet: 2,9

[00:10:34.858][Info]: [SPP_AND_LE]app_key_evnet: 2,9

[00:10:35.008][Info]: [SPP_AND_LE]app_key_evnet: 2,9

[00:10:35.158][Info]: [SPP_AND_LE]app_key_evnet: 2,9

IPP
[00:10:35.308][Info]: [SPP_AND_LE]app_key_evnet: 2,9

[00:10:35.458][Info]: [SPP_AND_LE]app_key_evnet: 2,9

[00:10:35.608][Info]: [SPP_AND_LE]app_key_evnet: 2,9

IPP
[00:10:35.758][Info]: [SPP_AND_LE]app_key_evnet: 2,9

[00:10:35.908][Info]: [SPP_AND_LE]app_key_evnet: 2,9

[00:10:36.058][Info]: [SPP_AND_LE]app_key_evnet: 2,9

IPP
[00:10:36.208][Info]: [SPP_AND_LE]app_key_evnet: 2,9

[00:10:36.358][Info]: [SPP_AND_LE]app_key_evnet: 2,9

[00:10:36.508][Info]: [SPP_AND_LE]app_key_evnet: 2,9

[00:10:36.658][Info]: [SPP_AND_LE]app_key_evnet: 2,9

IPP
[00:10:36.808][Info]: [SPP_AND_LE]app_key_evnet: 2,9

[00:10:36.958][Info]: [SPP_AND_LE]app_key_evnet: 2,9

[00:10:37.108][Info]: [SPP_AND_LE]app_key_evnet: 2,9

IPP
[00:10:37.258][Info]: [SPP_AND_LE]app_key_evnet: 2,9

[00:10:37.408][Info]: [SPP_AND_LE]app_key_evnet: 2,9

[00:10:37.558][Info]: [SPP_AND_LE]app_key_evnet: 2,9

IPP
[00:10:37.708][Info]: [SPP_AND_LE]app_key_evnet: 2,9

[00:10:37.858][Info]: [SPP_AND_LE]app_key_evnet: 2,9

[00:10:38.008][Info]: [SPP_AND_LE]app_key_evnet: 2,9

[00:10:38.158][Info]: [SPP_AND_LE]app_key_evnet: 2,9

IPP
[00:10:38.308][Info]: [SPP_AND_LE]app_key_evnet: 2,9

[00:10:38.458][Info]: [SPP_AND_LE]app_key_evnet: 2,9

[00:10:38.608][Info]: [SPP_AND_LE]app_key_evnet: 2,9

IPP
[00:10:38.758][Info]: [SPP_AND_LE]app_key_evnet: 2,9

[00:10:38.908][Info]: [SPP_AND_LE]app_key_evnet: 2,9

[00:10:39.058][Info]: [SPP_AND_LE]app_key_evnet: 2,9

IPP
[00:10:39.208][Info]: [SPP_AND_LE]app_key_evnet: 2,9

[00:10:39.358][Info]: [SPP_AND_LE]app_key_evnet: 2,9

[00:10:39.508][Info]: [SPP_AND_LE]app_key_evnet: 2,9

[00:10:39.658][Info]: [SPP_AND_LE]app_key_evnet: 2,9

IPP
[00:10:39.808][Info]: [SPP_AND_LE]app_key_evnet: 2,9

[00:10:39.958][Info]: [SPP_AND_LE]app_key_evnet: 2,9

[00:10:40.108][Info]: [SPP_AND_LE]app_key_evnet: 2,9

IPP
[00:10:40.258][Info]: [SPP_AND_LE]app_key_evnet: 2,9

[00:10:40.366][BLE_TRANS]WTYI dynamic name switch to: WTYI_BT_TEST
 
[00:10:40.368][Info]: [GATT_SERVER]adv_en:0

[00:10:40.368][Info]: [GATT_SERVER]server_work_st:20->2

[00:10:40.369][BLE_TRANS]server_state: handle=00,02
 
[00:10:40.371][Info]: [GATT_COMM]ble_comm_set_config_name

[00:10:40.372][Info]: [GATT_COMM]ble name(17): WTYI_BT_TEST(BLE) 

[00:10:40.373][BLE_TRANS]trans_adv_data(26): 
02 01 06 03 03 30 AF 12 09 57 54 59 49 5F 42 54 
5F 54 45 53 54 28 42 4C 45 29 
[00:10:40.375][BLE_TRANS]rsp_data(0): 
[00:10:40.376][Info]: [GATT_SERVER]__gatt_server_just_new_dev_adv

[00:10:40.377][Info]: [GATT_SERVER]new_dev_adv

[00:10:40.378][Info]: [GATT_SERVER]adv_en:1

[00:10:40.378][Info]: [GATT_SERVER]server_work_st:2->20

[00:10:40.379][BLE_TRANS]server_state: handle=00,20
 
[00:10:40.408][Info]: [SPP_AND_LE]app_key_evnet: 2,9

[00:10:40.558][Info]: [SPP_AND_LE]app_key_evnet: 2,9

IPP
[00:10:40.708][Info]: [SPP_AND_LE]app_key_evnet: 2,9

[00:10:40.858][Info]: [SPP_AND_LE]app_key_evnet: 2,9

[00:10:41.008][Info]: [SPP_AND_LE]app_key_evnet: 2,9

[00:10:41.158][Info]: [SPP_AND_LE]app_key_evnet: 2,9

IPP
[00:10:41.308][Info]: [SPP_AND_LE]app_key_evnet: 2,9

[00:10:41.458][Info]: [SPP_AND_LE]app_key_evnet: 2,9

[00:10:41.608][Info]: [SPP_AND_LE]app_key_evnet: 2,9

IPP
[00:10:41.758][Info]: [SPP_AND_LE]app_key_evnet: 2,9

[00:10:41.908][Info]: [SPP_AND_LE]app_key_evnet: 2,9

[00:10:42.058][Info]: [SPP_AND_LE]app_key_evnet: 2,9

IP
[00:10:42.208][Info]: [SPP_AND_LE]app_key_evnet: 2,9

P
[00:10:42.358][Info]: [SPP_AND_LE]app_key_evnet: 2,9

[00:10:42.508][Info]: [SPP_AND_LE]app_key_evnet: 2,9

[00:10:42.658][Info]: [SPP_AND_LE]app_key_evnet: 2,9

IPP
[00:10:42.808][Info]: [SPP_AND_LE]app_key_evnet: 2,9

[00:10:42.958][Info]: [SPP_AND_LE]app_key_evnet: 2,9

[00:10:43.108][Info]: [SPP_AND_LE]app_key_evnet: 2,9

IPP
[00:10:43.258][Info]: [SPP_AND_LE]app_key_evnet: 2,9

[00:10:43.408][Info]: [SPP_AND_LE]app_key_evnet: 2,9

[00:10:43.558][Info]: [SPP_AND_LE]app_key_evnet: 2,9

IP
[00:10:43.708][Info]: [SPP_AND_LE]app_key_evnet: 2,9

P
[00:10:43.858][Info]: [SPP_AND_LE]app_key_evnet: 2,9

[00:10:44.008][Info]: [SPP_AND_LE]app_key_evnet: 2,9

[00:10:44.158][Info]: [SPP_AND_LE]app_key_evnet: 2,9

IPP
[00:10:44.308][Info]: [SPP_AND_LE]app_key_evnet: 2,9

[00:10:44.458][Info]: [SPP_AND_LE]app_key_evnet: 2,9

[00:10:44.608][Info]: [SPP_AND_LE]app_key_evnet: 2,9

IPP
[00:10:44.758][Info]: [SPP_AND_LE]app_key_evnet: 2,9

[00:10:44.908][Info]: [SPP_AND_LE]app_key_evnet: 2,9

[00:10:45.058][Info]: [SPP_AND_LE]app_key_evnet: 2,9

IP
[00:10:45.208][Info]: [SPP_AND_LE]app_key_evnet: 2,9

P
[00:10:45.358][Info]: [SPP_AND_LE]app_key_evnet: 2,9

[00:10:45.508][Info]: [SPP_AND_LE]app_key_evnet: 2,9

[00:10:45.658][Info]: [SPP_AND_LE]app_key_evnet: 2,9

IPP
[00:10:45.808][Info]: [SPP_AND_LE]app_key_evnet: 2,9

[00:10:45.958][Info]: [SPP_AND_LE]app_key_evnet: 2,9

[00:10:46.108][Info]: [SPP_AND_LE]app_key_evnet: 2,9

IPP
[00:10:46.258][Info]: [SPP_AND_LE]app_key_evnet: 2,9

[00:10:46.408][Info]: [SPP_AND_LE]app_key_evnet: 2,9

[00:10:46.558][Info]: [SPP_AND_LE]app_key_evnet: 2,9

IP
[00:10:46.708][Info]: [SPP_AND_LE]app_key_evnet: 2,9

P
[00:10:46.858][Info]: [SPP_AND_LE]app_key_evnet: 2,9

[00:10:47.008][Info]: [SPP_AND_LE]app_key_evnet: 2,9

[00:10:47.158][Info]: [SPP_AND_LE]app_key_evnet: 2,9

IPP
[00:10:47.308][Info]: [SPP_AND_LE]app_key_evnet: 2,9

[00:10:47.458][Info]: [SPP_AND_LE]app_key_evnet: 2,9

[00:10:47.608][Info]: [SPP_AND_LE]app_key_evnet: 2,9

IPP
[00:10:47.758][Info]: [SPP_AND_LE]app_key_evnet: 2,9

[00:10:47.908][Info]: [SPP_AND_LE]app_key_evnet: 2,9

[00:10:48.058][Info]: [SPP_AND_LE]app_key_evnet: 2,9

IP
[00:10:48.208][Info]: [SPP_AND_LE]app_key_evnet: 2,9

P
[00:10:48.358][Info]: [SPP_AND_LE]app_key_evnet: 2,9

[00:10:48.508][Info]: [SPP_AND_LE]app_key_evnet: 2,9

[00:10:48.658][Info]: [SPP_AND_LE]app_key_evnet: 2,9

IPP
[00:10:48.808][Info]: [SPP_AND_LE]app_key_evnet: 2,9

[00:10:48.958][Info]: [SPP_AND_LE]app_key_evnet: 2,9

[00:10:49.108][Info]: [SPP_AND_LE]app_key_evnet: 2,9

IPP
[00:10:49.258][Info]: [SPP_AND_LE]app_key_evnet: 2,9

[00:10:49.408][Info]: [SPP_AND_LE]app_key_evnet: 2,9

[00:10:49.558][Info]: [SPP_AND_LE]app_key_evnet: 2,9

IP
[00:10:49.708][Info]: [SPP_AND_LE]app_key_evnet: 2,9

P
[00:10:49.858][Info]: [SPP_AND_LE]app_key_evnet: 2,9

[00:10:50.008][Info]: [SPP_AND_LE]app_key_evnet: 2,9

[00:10:50.158][Info]: [SPP_AND_LE]app_key_evnet: 2,9

IPP
[00:10:50.308][Info]: [SPP_AND_LE]app_key_evnet: 2,9

[00:10:50.366][BLE_TRANS]WTYI dynamic name switch to: WTYI_BT_TEST_B
 
[00:10:50.368][Info]: [GATT_SERVER]adv_en:0

[00:10:50.368][Info]: [GATT_SERVER]server_work_st:20->2

[00:10:50.369][BLE_TRANS]server_state: handle=00,02
 
[00:10:50.371][Info]: [GATT_COMM]ble_comm_set_config_name

[00:10:50.372][Info]: [GATT_COMM]ble name(19): WTYI_BT_TEST_B(BLE) 

[00:10:50.373][BLE_TRANS]trans_adv_data(28): 
02 01 06 03 03 30 AF 14 09 57 54 59 49 5F 42 54 
5F 54 45 53 54 5F 42 28 42 4C 45 29 
[00:10:50.375][BLE_TRANS]rsp_data(0): 
[00:10:50.376][Info]: [GATT_SERVER]__gatt_server_just_new_dev_adv

[00:10:50.377][Info]: [GATT_SERVER]new_dev_adv

[00:10:50.378][Info]: [GATT_SERVER]adv_en:1

[00:10:50.378][Info]: [GATT_SERVER]server_work_st:2->20

[00:10:50.379][BLE_TRANS]server_state: handle=00,20
 
[00:10:50.458][Info]: [SPP_AND_LE]app_key_evnet: 2,9

[00:10:50.608][Info]: [SPP_AND_LE]app_key_evnet: 2,9

IPP
[00:10:50.758][Info]: [SPP_AND_LE]app_key_evnet: 2,9

[00:10:50.908][Info]: [SPP_AND_LE]app_key_evnet: 2,9

[00:10:51.058][Info]: [SPP_AND_LE]app_key_evnet: 2,9

IP
[00:10:51.208][Info]: [SPP_AND_LE]app_key_evnet: 2,9

P
[00:10:51.358][Info]: [SPP_AND_LE]app_key_evnet: 2,9

[00:10:51.508][Info]: [SPP_AND_LE]app_key_evnet: 2,9

[00:10:51.658][Info]: [SPP_AND_LE]app_key_evnet: 2,9

IPP
[00:10:51.808][Info]: [SPP_AND_LE]app_key_evnet: 2,9

[00:10:51.958][Info]: [SPP_AND_LE]app_key_evnet: 2,9

[00:10:52.108][Info]: [SPP_AND_LE]app_key_evnet: 2,9

IPP
[00:10:52.258][Info]: [SPP_AND_LE]app_key_evnet: 2,9

[00:10:52.408][Info]: [SPP_AND_LE]app_key_evnet: 2,9

[00:10:52.558][Info]: [SPP_AND_LE]app_key_evnet: 2,9

IP
[00:10:52.708][Info]: [SPP_AND_LE]app_key_evnet: 2,9

P
[00:10:52.858][Info]: [SPP_AND_LE]app_key_evnet: 2,9

[00:10:53.008][Info]: [SPP_AND_LE]app_key_evnet: 2,9

[00:10:53.158][Info]: [SPP_AND_LE]app_key_evnet: 2,9

IPP
[00:10:53.308][Info]: [SPP_AND_LE]app_key_evnet: 2,9

[00:10:53.458][Info]: [SPP_AND_LE]app_key_evnet: 2,9

[00:10:53.608][Info]: [SPP_AND_LE]app_key_evnet: 2,9

IPP
[00:10:53.758][Info]: [SPP_AND_LE]app_key_evnet: 2,9

[00:10:53.908][Info]: [SPP_AND_LE]app_key_evnet: 2,9

[00:10:54.058][Info]: [SPP_AND_LE]app_key_evnet: 2,9

IP
[00:10:54.208][Info]: [SPP_AND_LE]app_key_evnet: 2,9

P
[00:10:54.358][Info]: [SPP_AND_LE]app_key_evnet: 2,9

[00:10:54.508][Info]: [SPP_AND_LE]app_key_evnet: 2,9

[00:10:54.658][Info]: [SPP_AND_LE]app_key_evnet: 2,9

IPP
[00:10:54.808][Info]: [SPP_AND_LE]app_key_evnet: 2,9

[00:10:54.958][Info]: [SPP_AND_LE]app_key_evnet: 2,9

[00:10:55.108][Info]: [SPP_AND_LE]app_key_evnet: 2,9

IPP
[00:10:55.258][Info]: [SPP_AND_LE]app_key_evnet: 2,9

[00:10:55.408][Info]: [SPP_AND_LE]app_key_evnet: 2,9

[00:10:55.558][Info]: [SPP_AND_LE]app_key_evnet: 2,9

IP
[00:10:55.708][Info]: [SPP_AND_LE]app_key_evnet: 2,9

P
[00:10:55.858][Info]: [SPP_AND_LE]app_key_evnet: 2,9

[00:10:56.008][Info]: [SPP_AND_LE]app_key_evnet: 2,9

[00:10:56.158][Info]: [SPP_AND_LE]app_key_evnet: 2,9

IPP
[00:10:56.308][Info]: [SPP_AND_LE]app_key_evnet: 2,9

[00:10:56.458][Info]: [SPP_AND_LE]app_key_evnet: 2,9

[00:10:56.608][Info]: [SPP_AND_LE]app_key_evnet: 2,9

IPP
[00:10:56.758][Info]: [SPP_AND_LE]app_key_evnet: 2,9

[00:10:56.908][Info]: [SPP_AND_LE]app_key_evnet: 2,9

[00:10:57.058][Info]: [SPP_AND_LE]app_key_evnet: 2,9

IP
[00:10:57.208][Info]: [SPP_AND_LE]app_key_evnet: 2,9

P
[00:10:57.358][Info]: [SPP_AND_LE]app_key_evnet: 2,9

[00:10:57.508][Info]: [SPP_AND_LE]app_key_evnet: 2,9

[00:10:57.658][Info]: [SPP_AND_LE]app_key_evnet: 2,9

IPP
[00:10:57.808][Info]: [SPP_AND_LE]app_key_evnet: 2,9

[00:10:57.958][Info]: [SPP_AND_LE]app_key_evnet: 2,9

[00:10:58.108][Info]: [SPP_AND_LE]app_key_evnet: 2,9

IPP
[00:10:58.258][Info]: [SPP_AND_LE]app_key_evnet: 2,9

[00:10:58.408][Info]: [SPP_AND_LE]app_key_evnet: 2,9

[00:10:58.558][Info]: [SPP_AND_LE]app_key_evnet: 2,9

IP
[00:10:58.708][Info]: [SPP_AND_LE]app_key_evnet: 2,9

P
[00:10:58.858][Info]: [SPP_AND_LE]app_key_evnet: 2,9

[00:10:59.008][Info]: [SPP_AND_LE]app_key_evnet: 2,9

[00:10:59.158][Info]: [SPP_AND_LE]app_key_evnet: 2,9

IPP
[00:10:59.308][Info]: [SPP_AND_LE]app_key_evnet: 2,9

[00:10:59.458][Info]: [SPP_AND_LE]app_key_evnet: 2,9

[00:10:59.608][Info]: [SPP_AND_LE]app_key_evnet: 2,9

IPP
[00:10:59.758][Info]: [SPP_AND_LE]app_key_evnet: 2,9

[00:10:59.908][Info]: [SPP_AND_LE]app_key_evnet: 2,9

[00:11:00.058][Info]: [SPP_AND_LE]app_key_evnet: 2,9

IP
[00:11:00.208][Info]: [SPP_AND_LE]app_key_evnet: 2,9

P
[00:11:00.357][Info]: [SPP_AND_LE]app_key_evnet: 2,9

[00:11:00.366][BLE_TRANS]WTYI dynamic name switch to: WTYI_BT_TEST
 
[00:11:00.368][Info]: [GATT_SERVER]adv_en:0

[00:11:00.368][Info]: [GATT_SERVER]server_work_st:20->2

[00:11:00.369][BLE_TRANS]server_state: handle=00,02
 
[00:11:00.371][Info]: [GATT_COMM]ble_comm_set_config_name

[00:11:00.372][Info]: [GATT_COMM]ble name(17): WTYI_BT_TEST(BLE) 

[00:11:00.373][BLE_TRANS]trans_adv_data(26): 
02 01 06 03 03 30 AF 12 09 57 54 59 49 5F 42 54 
5F 54 45 53 54 28 42 4C 45 29 
[00:11:00.375][BLE_TRANS]rsp_data(0): 
[00:11:00.376][Info]: [GATT_SERVER]__gatt_server_just_new_dev_adv

[00:11:00.376][Info]: [GATT_SERVER]new_dev_adv

[00:11:00.378][Info]: [GATT_SERVER]adv_en:1

[00:11:00.378][Info]: [GATT_SERVER]server_work_st:2->20

[00:11:00.379][BLE_TRANS]server_state: handle=00,20
 
[00:11:00.508][Info]: [SPP_AND_LE]app_key_evnet: 2,9

[00:11:00.658][Info]: [SPP_AND_LE]app_key_evnet: 2,9

IPP
[00:11:00.808][Info]: [SPP_AND_LE]app_key_evnet: 2,9

[00:11:00.958][Info]: [SPP_AND_LE]app_key_evnet: 2,9

[00:11:01.108][Info]: [SPP_AND_LE]app_key_evnet: 2,9

IPP
[00:11:01.258][Info]: [SPP_AND_LE]app_key_evnet: 2,9

[00:11:01.408][Info]: [SPP_AND_LE]app_key_evnet: 2,9

[00:11:01.558][Info]: [SPP_AND_LE]app_key_evnet: 2,9

I
[00:11:01.708][Info]: [SPP_AND_LE]app_key_evnet: 2,9

PP
[00:11:01.858][Info]: [SPP_AND_LE]app_key_evnet: 2,9

[00:11:02.008][Info]: [SPP_AND_LE]app_key_evnet: 2,9

[00:11:02.158][Info]: [SPP_AND_LE]app_key_evnet: 2,9

IPP
[00:11:02.308][Info]: [SPP_AND_LE]app_key_evnet: 2,9

[00:11:02.458][Info]: [SPP_AND_LE]app_key_evnet: 2,9

[00:11:02.608][Info]: [SPP_AND_LE]app_key_evnet: 2,9

IPP
[00:11:02.758][Info]: [SPP_AND_LE]app_key_evnet: 2,9

[00:11:02.908][Info]: [SPP_AND_LE]app_key_evnet: 2,9

[00:11:03.058][Info]: [SPP_AND_LE]app_key_evnet: 2,9

I
[00:11:03.208][Info]: [SPP_AND_LE]app_key_evnet: 2,9

PP
[00:11:03.358][Info]: [SPP_AND_LE]app_key_evnet: 2,9

[00:11:03.508][Info]: [SPP_AND_LE]app_key_evnet: 2,9

[00:11:03.658][Info]: [SPP_AND_LE]app_key_evnet: 2,9

IPP
[00:11:03.808][Info]: [SPP_AND_LE]app_key_evnet: 2,9

[00:11:03.958][Info]: [SPP_AND_LE]app_key_evnet: 2,9

[00:11:04.108][Info]: [SPP_AND_LE]app_key_evnet: 2,9

IPP
[00:11:04.258][Info]: [SPP_AND_LE]app_key_evnet: 2,9

[00:11:04.408][Info]: [SPP_AND_LE]app_key_evnet: 2,9

[00:11:04.558][Info]: [SPP_AND_LE]app_key_evnet: 2,9

I
[00:11:04.708][Info]: [SPP_AND_LE]app_key_evnet: 2,9

PP
[00:11:04.858][Info]: [SPP_AND_LE]app_key_evnet: 2,9

[00:11:05.008][Info]: [SPP_AND_LE]app_key_evnet: 2,9

[00:11:05.158][Info]: [SPP_AND_LE]app_key_evnet: 2,9

IPP
[00:11:05.308][Info]: [SPP_AND_LE]app_key_evnet: 2,9

[00:11:05.458][Info]: [SPP_AND_LE]app_key_evnet: 2,9

[00:11:05.608][Info]: [SPP_AND_LE]app_key_evnet: 2,9

IPP
[00:11:05.758][Info]: [SPP_AND_LE]app_key_evnet: 2,9

[00:11:05.908][Info]: [SPP_AND_LE]app_key_evnet: 2,9

[00:11:06.058][Info]: [SPP_AND_LE]app_key_evnet: 2,9

I
[00:11:06.208][Info]: [SPP_AND_LE]app_key_evnet: 2,9

PP
[00:11:06.358][Info]: [SPP_AND_LE]app_key_evnet: 2,9

[00:11:06.508][Info]: [SPP_AND_LE]app_key_evnet: 2,9

[00:11:06.658][Info]: [SPP_AND_LE]app_key_evnet: 2,9

IPP
[00:11:06.808][Info]: [SPP_AND_LE]app_key_evnet: 2,9

[00:11:06.958][Info]: [SPP_AND_LE]app_key_evnet: 2,9

[00:11:07.108][Info]: [SPP_AND_LE]app_key_evnet: 2,9

IPP
[00:11:07.258][Info]: [SPP_AND_LE]app_key_evnet: 2,9

[00:11:07.408][Info]: [SPP_AND_LE]app_key_evnet: 2,9

[00:11:07.558][Info]: [SPP_AND_LE]app_key_evnet: 2,9

I
[00:11:07.708][Info]: [SPP_AND_LE]app_key_evnet: 2,9

PP
[00:11:07.858][Info]: [SPP_AND_LE]app_key_evnet: 2,9

[00:11:08.008][Info]: [SPP_AND_LE]app_key_evnet: 2,9

[00:11:08.158][Info]: [SPP_AND_LE]app_key_evnet: 2,9

IPP
[00:11:08.308][Info]: [SPP_AND_LE]app_key_evnet: 2,9

[00:11:08.458][Info]: [SPP_AND_LE]app_key_evnet: 2,9

[00:11:08.608][Info]: [SPP_AND_LE]app_key_evnet: 2,9

IPP
[00:11:08.758][Info]: [SPP_AND_LE]app_key_evnet: 2,9

[00:11:08.908][Info]: [SPP_AND_LE]app_key_evnet: 2,9

[00:11:09.058][Info]: [SPP_AND_LE]app_key_evnet: 2,9

I
[00:11:09.208][Info]: [SPP_AND_LE]app_key_evnet: 2,9

PP
[00:11:09.358][Info]: [SPP_AND_LE]app_key_evnet: 2,9

[00:11:09.508][Info]: [SPP_AND_LE]app_key_evnet: 2,9

[00:11:09.658][Info]: [SPP_AND_LE]app_key_evnet: 2,9

IPP
[00:11:09.808][Info]: [SPP_AND_LE]app_key_evnet: 2,9

[00:11:09.958][Info]: [SPP_AND_LE]app_key_evnet: 2,9

[00:11:10.108][Info]: [SPP_AND_LE]app_key_evnet: 2,9

IPP
[00:11:10.258][Info]: [SPP_AND_LE]app_key_evnet: 2,9

[00:11:10.366][BLE_TRANS]WTYI dynamic name switch to: WTYI_BT_TEST_B
 
[00:11:10.368][Info]: [GATT_SERVER]adv_en:0

[00:11:10.368][Info]: [GATT_SERVER]server_work_st:20->2

[00:11:10.369][BLE_TRANS]server_state: handle=00,02
 
[00:11:10.371][Info]: [GATT_COMM]ble_comm_set_config_name

[00:11:10.372][Info]: [GATT_COMM]ble name(19): WTYI_BT_TEST_B(BLE) 

[00:11:10.373][BLE_TRANS]trans_adv_data(28): 
02 01 06 03 03 30 AF 14 09 57 54 59 49 5F 42 54 
5F 54 45 53 54 5F 42 28 42 4C 45 29 
[00:11:10.375][BLE_TRANS]rsp_data(0): 
[00:11:10.376][Info]: [GATT_SERVER]__gatt_server_just_new_dev_adv

[00:11:10.377][Info]: [GATT_SERVER]new_dev_adv

[00:11:10.378][Info]: [GATT_SERVER]adv_en:1

[00:11:10.378][Info]: [GATT_SERVER]server_work_st:2->20

[00:11:10.379][BLE_TRANS]server_state: handle=00,20
 
[00:11:10.408][Info]: [SPP_AND_LE]app_key_evnet: 2,9

[00:11:10.558][Info]: [SPP_AND_LE]app_key_evnet: 2,9

I
[00:11:10.708][Info]: [SPP_AND_LE]app_key_evnet: 2,9

PP
[00:11:10.858][Info]: [SPP_AND_LE]app_key_evnet: 2,9

[00:11:11.008][Info]: [SPP_AND_LE]app_key_evnet: 2,9

[00:11:11.158][Info]: [SPP_AND_LE]app_key_evnet: 2,9

IPP
[00:11:11.308][Info]: [SPP_AND_LE]app_key_evnet: 2,9

[00:11:11.458][Info]: [SPP_AND_LE]app_key_evnet: 2,9

[00:11:11.608][Info]: [SPP_AND_LE]app_key_evnet: 2,9

IPP
[00:11:11.758][Info]: [SPP_AND_LE]app_key_evnet: 2,9

[00:11:11.908][Info]: [SPP_AND_LE]app_key_evnet: 2,9

[00:11:12.058][Info]: [SPP_AND_LE]app_key_evnet: 2,9

I
[00:11:12.208][Info]: [SPP_AND_LE]app_key_evnet: 2,9

PP
[00:11:12.358][Info]: [SPP_AND_LE]app_key_evnet: 2,9

[00:11:12.508][Info]: [SPP_AND_LE]app_key_evnet: 2,9

[00:11:12.658][Info]: [SPP_AND_LE]app_key_evnet: 2,9

IPP
[00:11:12.808][Info]: [SPP_AND_LE]app_key_evnet: 2,9

[00:11:12.958][Info]: [SPP_AND_LE]app_key_evnet: 2,9

[00:11:13.108][Info]: [SPP_AND_LE]app_key_evnet: 2,9

IPP
[00:11:13.258][Info]: [SPP_AND_LE]app_key_evnet: 2,9

[00:11:13.408][Info]: [SPP_AND_LE]app_key_evnet: 2,9

[00:11:13.558][Info]: [SPP_AND_LE]app_key_evnet: 2,9

I
[00:11:13.708][Info]: [SPP_AND_LE]app_key_evnet: 2,9

PP
[00:11:13.858][Info]: [SPP_AND_LE]app_key_evnet: 2,9

[00:11:14.008][Info]: [SPP_AND_LE]app_key_evnet: 2,9

[00:11:14.158][Info]: [SPP_AND_LE]app_key_evnet: 2,9

IPP
[00:11:14.308][Info]: [SPP_AND_LE]app_key_evnet: 2,9

[00:11:14.458][Info]: [SPP_AND_LE]app_key_evnet: 2,9

[00:11:14.608][Info]: [SPP_AND_LE]app_key_evnet: 2,9

IPP
[00:11:14.758][Info]: [SPP_AND_LE]app_key_evnet: 2,9

[00:11:14.908][Info]: [SPP_AND_LE]app_key_evnet: 2,9

[00:11:15.058][Info]: [SPP_AND_LE]app_key_evnet: 2,9

I
[00:11:15.208][Info]: [SPP_AND_LE]app_key_evnet: 2,9

PP
[00:11:15.358][Info]: [SPP_AND_LE]app_key_evnet: 2,9

[00:11:15.508][Info]: [SPP_AND_LE]app_key_evnet: 2,9

[00:11:15.658][Info]: [SPP_AND_LE]app_key_evnet: 2,9

IPP
[00:11:15.808][Info]: [SPP_AND_LE]app_key_evnet: 2,9

[00:11:15.958][Info]: [SPP_AND_LE]app_key_evnet: 2,9

[00:11:16.108][Info]: [SPP_AND_LE]app_key_evnet: 2,9

IPP
[00:11:16.258][Info]: [SPP_AND_LE]app_key_evnet: 2,9

[00:11:16.408][Info]: [SPP_AND_LE]app_key_evnet: 2,9

[00:11:16.558][Info]: [SPP_AND_LE]app_key_evnet: 2,9

I
[00:11:16.708][Info]: [SPP_AND_LE]app_key_evnet: 2,9

PP
[00:11:16.858][Info]: [SPP_AND_LE]app_key_evnet: 2,9

[00:11:17.008][Info]: [SPP_AND_LE]app_key_evnet: 2,9

[00:11:17.158][Info]: [SPP_AND_LE]app_key_evnet: 2,9

IPP
[00:11:17.308][Info]: [SPP_AND_LE]app_key_evnet: 2,9

[00:11:17.458][Info]: [SPP_AND_LE]app_key_evnet: 2,9

[00:11:17.608][Info]: [SPP_AND_LE]app_key_evnet: 2,9

IPP
[00:11:17.758][Info]: [SPP_AND_LE]app_key_evnet: 2,9

[00:11:17.908][Info]: [SPP_AND_LE]app_key_evnet: 2,9

[00:11:18.058][Info]: [SPP_AND_LE]app_key_evnet: 2,9

I
[00:11:18.208][Info]: [SPP_AND_LE]app_key_evnet: 2,9

PP
[00:11:18.358][Info]: [SPP_AND_LE]app_key_evnet: 2,9

[00:11:18.508][Info]: [SPP_AND_LE]app_key_evnet: 2,9

[00:11:18.658][Info]: [SPP_AND_LE]app_key_evnet: 2,9

IPP
[00:11:18.808][Info]: [SPP_AND_LE]app_key_evnet: 2,9

[00:11:18.958][Info]: [SPP_AND_LE]app_key_evnet: 2,9

[00:11:19.108][Info]: [SPP_AND_LE]app_key_evnet: 2,9

IPP
[00:11:19.258][Info]: [SPP_AND_LE]app_key_evnet: 2,9

[00:11:19.408][Info]: [SPP_AND_LE]app_key_evnet: 2,9

[00:11:19.558][Info]: [SPP_AND_LE]app_key_evnet: 2,9

I
[00:11:19.708][Info]: [SPP_AND_LE]app_key_evnet: 2,9

PP
[00:11:19.858][Info]: [SPP_AND_LE]app_key_evnet: 2,9

[00:11:20.008][Info]: [SPP_AND_LE]app_key_evnet: 2,9

[00:11:20.158][Info]: [SPP_AND_LE]app_key_evnet: 2,9

IPP
[00:11:20.308][Info]: [SPP_AND_LE]app_key_evnet: 2,9

[00:11:20.366][BLE_TRANS]WTYI dynamic name switch to: WTYI_BT_TEST
 
[00:11:20.368][Info]: [GATT_SERVER]adv_en:0

[00:11:20.368][Info]: [GATT_SERVER]server_work_st:20->2

[00:11:20.369][BLE_TRANS]server_state: handle=00,02
 
[00:11:20.371][Info]: [GATT_COMM]ble_comm_set_config_name

[00:11:20.372][Info]: [GATT_COMM]ble name(17): WTYI_BT_TEST(BLE) 

[00:11:20.373][BLE_TRANS]trans_adv_data(26): 
02 01 06 03 03 30 AF 12 09 57 54 59 49 5F 42 54 
5F 54 45 53 54 28 42 4C 45 29 
[00:11:20.375][BLE_TRANS]rsp_data(0): 
[00:11:20.376][Info]: [GATT_SERVER]__gatt_server_just_new_dev_adv

[00:11:20.376][Info]: [GATT_SERVER]new_dev_adv

[00:11:20.378][Info]: [GATT_SERVER]adv_en:1

[00:11:20.378][Info]: [GATT_SERVER]server_work_st:2->20

[00:11:20.379][BLE_TRANS]server_state: handle=00,20
 
[00:11:20.458][Info]: [SPP_AND_LE]app_key_evnet: 2,9

[00:11:20.608][Info]: [SPP_AND_LE]app_key_evnet: 2,9

IPP
[00:11:20.758][Info]: [SPP_AND_LE]app_key_evnet: 2,9

[00:11:20.908][Info]: [SPP_AND_LE]app_key_evnet: 2,9

[00:11:21.058][Info]: [SPP_AND_LE]app_key_evnet: 2,9

I
[00:11:21.208][Info]: [SPP_AND_LE]app_key_evnet: 2,9

PP
[00:11:21.358][Info]: [SPP_AND_LE]app_key_evnet: 2,9

[00:11:21.508][Info]: [SPP_AND_LE]app_key_evnet: 2,9

[00:11:21.658][Info]: [SPP_AND_LE]app_key_evnet: 2,9

IPP
[00:11:21.808][Info]: [SPP_AND_LE]app_key_evnet: 2,9

[00:11:21.958][Info]: [SPP_AND_LE]app_key_evnet: 2,9

[00:11:22.108][Info]: [SPP_AND_LE]app_key_evnet: 2,9

IPP
[00:11:22.258][Info]: [SPP_AND_LE]app_key_evnet: 2,9

[00:11:22.408][Info]: [SPP_AND_LE]app_key_evnet: 2,9

[00:11:22.558][Info]: [SPP_AND_LE]app_key_evnet: 2,9

I
[00:11:22.708][Info]: [SPP_AND_LE]app_key_evnet: 2,9

PP
[00:11:22.858][Info]: [SPP_AND_LE]app_key_evnet: 2,9

[00:11:23.008][Info]: [SPP_AND_LE]app_key_evnet: 2,9

[00:11:23.158][Info]: [SPP_AND_LE]app_key_evnet: 2,9

IPP
[00:11:23.308][Info]: [SPP_AND_LE]app_key_evnet: 2,9

[00:11:23.458][Info]: [SPP_AND_LE]app_key_evnet: 2,9

[00:11:23.608][Info]: [SPP_AND_LE]app_key_evnet: 2,9

IPP
[00:11:23.758][Info]: [SPP_AND_LE]app_key_evnet: 2,9

[00:11:23.908][Info]: [SPP_AND_LE]app_key_evnet: 2,9

[00:11:24.058][Info]: [SPP_AND_LE]app_key_evnet: 2,9

I
[00:11:24.208][Info]: [SPP_AND_LE]app_key_evnet: 2,9

PP
[00:11:24.358][Info]: [SPP_AND_LE]app_key_evnet: 2,9

[00:11:24.508][Info]: [SPP_AND_LE]app_key_evnet: 2,9

[00:11:24.658][Info]: [SPP_AND_LE]app_key_evnet: 2,9

IPP
[00:11:24.808][Info]: [SPP_AND_LE]app_key_evnet: 2,9

[00:11:24.958][Info]: [SPP_AND_LE]app_key_evnet: 2,9

[00:11:25.108][Info]: [SPP_AND_LE]app_key_evnet: 2,9

IPP
[00:11:25.258][Info]: [SPP_AND_LE]app_key_evnet: 2,9

[00:11:25.408][Info]: [SPP_AND_LE]app_key_evnet: 2,9

[00:11:25.558][Info]: [SPP_AND_LE]app_key_evnet: 2,9

I
[00:11:25.708][Info]: [SPP_AND_LE]app_key_evnet: 2,9

PP
[00:11:25.858][Info]: [SPP_AND_LE]app_key_evnet: 2,9

[00:11:26.008][Info]: [SPP_AND_LE]app_key_evnet: 2,9

[00:11:26.158][Info]: [SPP_AND_LE]app_key_evnet: 2,9

IPP
[00:11:26.308][Info]: [SPP_AND_LE]app_key_evnet: 2,9

[00:11:26.458][Info]: [SPP_AND_LE]app_key_evnet: 2,9

[00:11:26.608][Info]: [SPP_AND_LE]app_key_evnet: 2,9

IPP
[00:11:26.758][Info]: [SPP_AND_LE]app_key_evnet: 2,9

[00:11:26.908][Info]: [SPP_AND_LE]app_key_evnet: 2,9

[00:11:27.058][Info]: [SPP_AND_LE]app_key_evnet: 2,9

I
[00:11:27.208][Info]: [SPP_AND_LE]app_key_evnet: 2,9

PP
[00:11:27.358][Info]: [SPP_AND_LE]app_key_evnet: 2,9

[00:11:27.508][Info]: [SPP_AND_LE]app_key_evnet: 2,9

[00:11:27.658][Info]: [SPP_AND_LE]app_key_evnet: 2,9

IPP
[00:11:27.808][Info]: [SPP_AND_LE]app_key_evnet: 2,9

[00:11:27.958][Info]: [SPP_AND_LE]app_key_evnet: 2,9

[00:11:28.108][Info]: [SPP_AND_LE]app_key_evnet: 2,9

IPP
[00:11:28.258][Info]: [SPP_AND_LE]app_key_evnet: 2,9

[00:11:28.408][Info]: [SPP_AND_LE]app_key_evnet: 2,9

[00:11:28.558][Info]: [SPP_AND_LE]app_key_evnet: 2,9

I
[00:11:28.708][Info]: [SPP_AND_LE]app_key_evnet: 2,9

PP
[00:11:28.858][Info]: [SPP_AND_LE]app_key_evnet: 2,9

[00:11:29.008][Info]: [SPP_AND_LE]app_key_evnet: 2,9

[00:11:29.158][Info]: [SPP_AND_LE]app_key_evnet: 2,9

IPP
[00:11:29.308][Info]: [SPP_AND_LE]app_key_evnet: 2,9

[00:11:29.458][Info]: [SPP_AND_LE]app_key_evnet: 2,9

[00:11:29.608][Info]: [SPP_AND_LE]app_key_evnet: 2,9

IPP
[00:11:29.758][Info]: [SPP_AND_LE]app_key_evnet: 2,9

[00:11:29.908][Info]: [SPP_AND_LE]app_key_evnet: 2,9

[00:11:30.058][Info]: [SPP_AND_LE]app_key_evnet: 2,9

I
[00:11:30.208][Info]: [SPP_AND_LE]app_key_evnet: 2,9

PP
[00:11:30.357][Info]: [SPP_AND_LE]app_key_evnet: 2,9

[00:11:30.366][BLE_TRANS]WTYI dynamic name switch to: WTYI_BT_TEST_B
 
[00:11:30.368][Info]: [GATT_SERVER]adv_en:0

[00:11:30.368][Info]: [GATT_SERVER]server_work_st:20->2

[00:11:30.369][BLE_TRANS]server_state: handle=00,02
 
[00:11:30.371][Info]: [GATT_COMM]ble_comm_set_config_name

[00:11:30.372][Info]: [GATT_COMM]ble name(19): WTYI_BT_TEST_B(BLE) 

[00:11:30.373][BLE_TRANS]trans_adv_data(28): 
02 01 06 03 03 30 AF 14 09 57 54 59 49 5F 42 54 
5F 54 45 53 54 5F 42 28 42 4C 45 29 
[00:11:30.375][BLE_TRANS]rsp_data(0): 
[00:11:30.376][Info]: [GATT_SERVER]__gatt_server_just_new_dev_adv

[00:11:30.377][Info]: [GATT_SERVER]new_dev_adv

[00:11:30.378][Info]: [GATT_SERVER]adv_en:1

[00:11:30.378][Info]: [GATT_SERVER]server_work_st:2->20

[00:11:30.379][BLE_TRANS]server_state: handle=00,20
 
[00:11:30.508][Info]: [SPP_AND_LE]app_key_evnet: 2,9

[00:11:30.658][Info]: [SPP_AND_LE]app_key_evnet: 2,9

IPP
[00:11:30.808][Info]: [SPP_AND_LE]app_key_evnet: 2,9

[00:11:30.958][Info]: [SPP_AND_LE]app_key_evnet: 2,9

[00:11:31.108][Info]: [SPP_AND_LE]app_key_evnet: 2,9

IPP
[00:11:31.258][Info]: [SPP_AND_LE]app_key_evnet: 2,9

[00:11:31.408][Info]: [SPP_AND_LE]app_key_evnet: 2,9

[00:11:31.558][Info]: [SPP_AND_LE]app_key_evnet: 2,9

I
[00:11:31.708][Info]: [SPP_AND_LE]app_key_evnet: 2,9

PP
[00:11:31.858][Info]: [SPP_AND_LE]app_key_evnet: 2,9

[00:11:32.008][Info]: [SPP_AND_LE]app_key_evnet: 2,9

[00:11:32.158][Info]: [SPP_AND_LE]app_key_evnet: 2,9

IPP
[00:11:32.308][Info]: [SPP_AND_LE]app_key_evnet: 2,9

[00:11:32.458][Info]: [SPP_AND_LE]app_key_evnet: 2,9

[00:11:32.608][Info]: [SPP_AND_LE]app_key_evnet: 2,9

IPP
[00:11:32.758][Info]: [SPP_AND_LE]app_key_evnet: 2,9

[00:11:32.908][Info]: [SPP_AND_LE]app_key_evnet: 2,9

[00:11:33.058][Info]: [SPP_AND_LE]app_key_evnet: 2,9

I
[00:11:33.208][Info]: [SPP_AND_LE]app_key_evnet: 2,9

PP
[00:11:33.358][Info]: [SPP_AND_LE]app_key_evnet: 2,9

[00:11:33.508][Info]: [SPP_AND_LE]app_key_evnet: 2,9

[00:11:33.658][Info]: [SPP_AND_LE]app_key_evnet: 2,9

IPP
[00:11:33.808][Info]: [SPP_AND_LE]app_key_evnet: 2,9

[00:11:33.958][Info]: [SPP_AND_LE]app_key_evnet: 2,9

[00:11:34.108][Info]: [SPP_AND_LE]app_key_evnet: 2,9

IPP
[00:11:34.258][Info]: [SPP_AND_LE]app_key_evnet: 2,9

[00:11:34.408][Info]: [SPP_AND_LE]app_key_evnet: 2,9

[00:11:34.558][Info]: [SPP_AND_LE]app_key_evnet: 2,9

I
[00:11:34.708][Info]: [SPP_AND_LE]app_key_evnet: 2,9

PP
[00:11:34.858][Info]: [SPP_AND_LE]app_key_evnet: 2,9

[00:11:35.008][Info]: [SPP_AND_LE]app_key_evnet: 2,9

[00:11:35.158][Info]: [SPP_AND_LE]app_key_evnet: 2,9

IPP
[00:11:35.308][Info]: [SPP_AND_LE]app_key_evnet: 2,9

[00:11:35.458][Info]: [SPP_AND_LE]app_key_evnet: 2,9

[00:11:35.608][Info]: [SPP_AND_LE]app_key_evnet: 2,9

IPP
[00:11:35.758][Info]: [SPP_AND_LE]app_key_evnet: 2,9

[00:11:35.908][Info]: [SPP_AND_LE]app_key_evnet: 2,9

[00:11:36.058][Info]: [SPP_AND_LE]app_key_evnet: 2,9

I
[00:11:36.208][Info]: [SPP_AND_LE]app_key_evnet: 2,9

PP
[00:11:36.358][Info]: [SPP_AND_LE]app_key_evnet: 2,9

[00:11:36.508][Info]: [SPP_AND_LE]app_key_evnet: 2,9

[00:11:36.658][Info]: [SPP_AND_LE]app_key_evnet: 2,9

IPP
[00:11:36.808][Info]: [SPP_AND_LE]app_key_evnet: 2,9

[00:11:36.958][Info]: [SPP_AND_LE]app_key_evnet: 2,9

[00:11:37.108][Info]: [SPP_AND_LE]app_key_evnet: 2,9

IPP
[00:11:37.258][Info]: [SPP_AND_LE]app_key_evnet: 2,9

[00:11:37.408][Info]: [SPP_AND_LE]app_key_evnet: 2,9

[00:11:37.558][Info]: [SPP_AND_LE]app_key_evnet: 2,9

I
[00:11:37.708][Info]: [SPP_AND_LE]app_key_evnet: 2,9

PP
[00:11:37.858][Info]: [SPP_AND_LE]app_key_evnet: 2,9

[00:11:38.008][Info]: [SPP_AND_LE]app_key_evnet: 2,9

[00:11:38.158][Info]: [SPP_AND_LE]app_key_evnet: 2,9

IPP
[00:11:38.308][Info]: [SPP_AND_LE]app_key_evnet: 2,9

[00:11:38.458][Info]: [SPP_AND_LE]app_key_evnet: 2,9

[00:11:38.608][Info]: [SPP_AND_LE]app_key_evnet: 2,9

IPP
[00:11:38.758][Info]: [SPP_AND_LE]app_key_evnet: 2,9

[00:11:38.908][Info]: [SPP_AND_LE]app_key_evnet: 2,9

[00:11:39.058][Info]: [SPP_AND_LE]app_key_evnet: 2,9

I
[00:11:39.208][Info]: [SPP_AND_LE]app_key_evnet: 2,9

PP
[00:11:39.358][Info]: [SPP_AND_LE]app_key_evnet: 2,9

[00:11:39.508][Info]: [SPP_AND_LE]app_key_evnet: 2,9

[00:11:39.658][Info]: [SPP_AND_LE]app_key_evnet: 2,9

IPP
[00:11:39.808][Info]: [SPP_AND_LE]app_key_evnet: 2,9

[00:11:39.958][Info]: [SPP_AND_LE]app_key_evnet: 2,9

[00:11:40.108][Info]: [SPP_AND_LE]app_key_evnet: 2,9

IPP
[00:11:40.258][Info]: [SPP_AND_LE]app_key_evnet: 2,9

[00:11:40.366][BLE_TRANS]WTYI dynamic name switch to: WTYI_BT_TEST
 
[00:11:40.368][Info]: [GATT_SERVER]adv_en:0

[00:11:40.368][Info]: [GATT_SERVER]server_work_st:20->2

[00:11:40.369][BLE_TRANS]server_state: handle=00,02
 
[00:11:40.371][Info]: [GATT_COMM]ble_comm_set_config_name

[00:11:40.372][Info]: [GATT_COMM]ble name(17): WTYI_BT_TEST(BLE) 

[00:11:40.373][BLE_TRANS]trans_adv_data(26): 
02 01 06 03 03 30 AF 12 09 57 54 59 49 5F 42 54 
5F 54 45 53 54 28 42 4C 45 29 
[00:11:40.375][BLE_TRANS]rsp_data(0): 
[00:11:40.376][Info]: [GATT_SERVER]__gatt_server_just_new_dev_adv

[00:11:40.377][Info]: [GATT_SERVER]new_dev_adv

[00:11:40.378][Info]: [GATT_SERVER]adv_en:1

[00:11:40.378][Info]: [GATT_SERVER]server_work_st:2->20

[00:11:40.379][BLE_TRANS]server_state: handle=00,20
 
[00:11:40.408][Info]: [SPP_AND_LE]app_key_evnet: 2,9

[00:11:40.558][Info]: [SPP_AND_LE]app_key_evnet: 2,9

[00:11:40.708][Info]: [SPP_AND_LE]app_key_evnet: 2,9

IPP
[00:11:40.858][Info]: [SPP_AND_LE]app_key_evnet: 2,9

[00:11:41.008][Info]: [SPP_AND_LE]app_key_evnet: 2,9

[00:11:41.158][Info]: [SPP_AND_LE]app_key_evnet: 2,9

IPP
[00:11:41.308][Info]: [SPP_AND_LE]app_key_evnet: 2,9

[00:11:41.458][Info]: [SPP_AND_LE]app_key_evnet: 2,9

[00:11:41.608][Info]: [SPP_AND_LE]app_key_evnet: 2,9

IPP
[00:11:41.758][Info]: [SPP_AND_LE]app_key_evnet: 2,9

[00:11:41.908][Info]: [SPP_AND_LE]app_key_evnet: 2,9

[00:11:42.058][Info]: [SPP_AND_LE]app_key_evnet: 2,9

[00:11:42.208][Info]: [SPP_AND_LE]app_key_evnet: 2,9

IPP
[00:11:42.358][Info]: [SPP_AND_LE]app_key_evnet: 2,9

[00:11:42.508][Info]: [SPP_AND_LE]app_key_evnet: 2,9

[00:11:42.658][Info]: [SPP_AND_LE]app_key_evnet: 2,9

IPP
[00:11:42.808][Info]: [SPP_AND_LE]app_key_evnet: 2,9

[00:11:42.958][Info]: [SPP_AND_LE]app_key_evnet: 2,9

[00:11:43.108][Info]: [SPP_AND_LE]app_key_evnet: 2,9

IPP
[00:11:43.258][Info]: [SPP_AND_LE]app_key_evnet: 2,9

[00:11:43.408][Info]: [SPP_AND_LE]app_key_evnet: 2,9

[00:11:43.558][Info]: [SPP_AND_LE]app_key_evnet: 2,9

[00:11:43.708][Info]: [SPP_AND_LE]app_key_evnet: 2,9

IPP
[00:11:43.858][Info]: [SPP_AND_LE]app_key_evnet: 2,9

[00:11:44.008][Info]: [SPP_AND_LE]app_key_evnet: 2,9

[00:11:44.158][Info]: [SPP_AND_LE]app_key_evnet: 2,9

IPP
[00:11:44.308][Info]: [SPP_AND_LE]app_key_evnet: 2,9

[00:11:44.458][Info]: [SPP_AND_LE]app_key_evnet: 2,9

[00:11:44.608][Info]: [SPP_AND_LE]app_key_evnet: 2,9

IPP
[00:11:44.758][Info]: [SPP_AND_LE]app_key_evnet: 2,9

[00:11:44.908][Info]: [SPP_AND_LE]app_key_evnet: 2,9

[00:11:45.058][Info]: [SPP_AND_LE]app_key_evnet: 2,9

[00:11:45.208][Info]: [SPP_AND_LE]app_key_evnet: 2,9

IPP
[00:11:45.358][Info]: [SPP_AND_LE]app_key_evnet: 2,9

[00:11:45.508][Info]: [SPP_AND_LE]app_key_evnet: 2,9

[00:11:45.658][Info]: [SPP_AND_LE]app_key_evnet: 2,9

IPP
[00:11:45.808][Info]: [SPP_AND_LE]app_key_evnet: 2,9

[00:11:45.958][Info]: [SPP_AND_LE]app_key_evnet: 2,9

[00:11:46.108][Info]: [SPP_AND_LE]app_key_evnet: 2,9

IPP
[00:11:46.258][Info]: [SPP_AND_LE]app_key_evnet: 2,9

[00:11:46.408][Info]: [SPP_AND_LE]app_key_evnet: 2,9

[00:11:46.558][Info]: [SPP_AND_LE]app_key_evnet: 2,9

[00:11:46.708][Info]: [SPP_AND_LE]app_key_evnet: 2,9

IPP
[00:11:46.858][Info]: [SPP_AND_LE]app_key_evnet: 2,9

[00:11:47.008][Info]: [SPP_AND_LE]app_key_evnet: 2,9

[00:11:47.158][Info]: [SPP_AND_LE]app_key_evnet: 2,9

IPP
[00:11:47.308][Info]: [SPP_AND_LE]app_key_evnet: 2,9

[00:11:47.458][Info]: [SPP_AND_LE]app_key_evnet: 2,9

[00:11:47.608][Info]: [SPP_AND_LE]app_key_evnet: 2,9

IPP
[00:11:47.758][Info]: [SPP_AND_LE]app_key_evnet: 2,9

[00:11:47.908][Info]: [SPP_AND_LE]app_key_evnet: 2,9

[00:11:48.058][Info]: [SPP_AND_LE]app_key_evnet: 2,9

[00:11:48.208][Info]: [SPP_AND_LE]app_key_evnet: 2,9

IPP
[00:11:48.358][Info]: [SPP_AND_LE]app_key_evnet: 2,9

[00:11:48.508][Info]: [SPP_AND_LE]app_key_evnet: 2,9

[00:11:48.658][Info]: [SPP_AND_LE]app_key_evnet: 2,9

IPP
[00:11:48.808][Info]: [SPP_AND_LE]app_key_evnet: 2,9

[00:11:48.958][Info]: [SPP_AND_LE]app_key_evnet: 2,9

[00:11:49.108][Info]: [SPP_AND_LE]app_key_evnet: 2,9

IPP
[00:11:49.258][Info]: [SPP_AND_LE]app_key_evnet: 2,9

[00:11:49.408][Info]: [SPP_AND_LE]app_key_evnet: 2,9

[00:11:49.558][Info]: [SPP_AND_LE]app_key_evnet: 2,9

[00:11:49.708][Info]: [SPP_AND_LE]app_key_evnet: 2,9

IPP
[00:11:49.858][Info]: [SPP_AND_LE]app_key_evnet: 2,9

[00:11:50.008][Info]: [SPP_AND_LE]app_key_evnet: 2,9

[00:11:50.158][Info]: [SPP_AND_LE]app_key_evnet: 2,9

IPP
[00:11:50.308][Info]: [SPP_AND_LE]app_key_evnet: 2,9

[00:11:50.366][BLE_TRANS]WTYI dynamic name switch to: WTYI_BT_TEST_B
 
[00:11:50.368][Info]: [GATT_SERVER]adv_en:0

[00:11:50.368][Info]: [GATT_SERVER]server_work_st:20->2

[00:11:50.369][BLE_TRANS]server_state: handle=00,02
 
[00:11:50.371][Info]: [GATT_COMM]ble_comm_set_config_name

[00:11:50.372][Info]: [GATT_COMM]ble name(19): WTYI_BT_TEST_B(BLE) 

[00:11:50.373][BLE_TRANS]trans_adv_data(28): 
02 01 06 03 03 30 AF 14 09 57 54 59 49 5F 42 54 
5F 54 45 53 54 5F 42 28 42 4C 45 29 
[00:11:50.375][BLE_TRANS]rsp_data(0): 
[00:11:50.376][Info]: [GATT_SERVER]__gatt_server_just_new_dev_adv

[00:11:50.377][Info]: [GATT_SERVER]new_dev_adv

[00:11:50.378][Info]: [GATT_SERVER]adv_en:1

[00:11:50.378][Info]: [GATT_SERVER]server_work_st:2->20

[00:11:50.379][BLE_TRANS]server_state: handle=00,20
 
[00:11:50.458][Info]: [SPP_AND_LE]app_key_evnet: 2,9

[00:11:50.608][Info]: [SPP_AND_LE]app_key_evnet: 2,9

IPP
[00:11:50.758][Info]: [SPP_AND_LE]app_key_evnet: 2,9

[00:11:50.908][Info]: [SPP_AND_LE]app_key_evnet: 2,9

[00:11:51.058][Info]: [SPP_AND_LE]app_key_evnet: 2,9

[00:11:51.208][Info]: [SPP_AND_LE]app_key_evnet: 2,9

IPP
[00:11:51.358][Info]: [SPP_AND_LE]app_key_evnet: 2,9

[00:11:51.508][Info]: [SPP_AND_LE]app_key_evnet: 2,9

[00:11:51.658][Info]: [SPP_AND_LE]app_key_evnet: 2,9

IPP
[00:11:51.808][Info]: [SPP_AND_LE]app_key_evnet: 2,9

[00:11:51.958][Info]: [SPP_AND_LE]app_key_evnet: 2,9

[00:11:52.108][Info]: [SPP_AND_LE]app_key_evnet: 2,9

IPP
[00:11:52.258][Info]: [SPP_AND_LE]app_key_evnet: 2,9

[00:11:52.408][Info]: [SPP_AND_LE]app_key_evnet: 2,9

[00:11:52.558][Info]: [SPP_AND_LE]app_key_evnet: 2,9

[00:11:52.708][Info]: [SPP_AND_LE]app_key_evnet: 2,9

IPP
[00:11:52.858][Info]: [SPP_AND_LE]app_key_evnet: 2,9

[00:11:53.008][Info]: [SPP_AND_LE]app_key_evnet: 2,9

[00:11:53.158][Info]: [SPP_AND_LE]app_key_evnet: 2,9

IPP
[00:11:53.308][Info]: [SPP_AND_LE]app_key_evnet: 2,9

[00:11:53.458][Info]: [SPP_AND_LE]app_key_evnet: 2,9

[00:11:53.608][Info]: [SPP_AND_LE]app_key_evnet: 2,9

IPP
[00:11:53.758][Info]: [SPP_AND_LE]app_key_evnet: 2,9

[00:11:53.908][Info]: [SPP_AND_LE]app_key_evnet: 2,9

[00:11:54.058][Info]: [SPP_AND_LE]app_key_evnet: 2,9

[00:11:54.208][Info]: [SPP_AND_LE]app_key_evnet: 2,9

IPP
[00:11:54.358][Info]: [SPP_AND_LE]app_key_evnet: 2,9

[00:11:54.508][Info]: [SPP_AND_LE]app_key_evnet: 2,9

[00:11:54.658][Info]: [SPP_AND_LE]app_key_evnet: 2,9

IPP
[00:11:54.808][Info]: [SPP_AND_LE]app_key_evnet: 2,9

[00:11:54.958][Info]: [SPP_AND_LE]app_key_evnet: 2,9

[00:11:55.108][Info]: [SPP_AND_LE]app_key_evnet: 2,9

IPP
[00:11:55.258][Info]: [SPP_AND_LE]app_key_evnet: 2,9

[00:11:55.408][Info]: [SPP_AND_LE]app_key_evnet: 2,9

[00:11:55.558][Info]: [SPP_AND_LE]app_key_evnet: 2,9

[00:11:55.708][Info]: [SPP_AND_LE]app_key_evnet: 2,9

IPP
[00:11:55.858][Info]: [SPP_AND_LE]app_key_evnet: 2,9

[00:11:56.008][Info]: [SPP_AND_LE]app_key_evnet: 2,9

[00:11:56.158][Info]: [SPP_AND_LE]app_key_evnet: 2,9

IPP
[00:11:56.308][Info]: [SPP_AND_LE]app_key_evnet: 2,9

[00:11:56.458][Info]: [SPP_AND_LE]app_key_evnet: 2,9

[00:11:56.608][Info]: [SPP_AND_LE]app_key_evnet: 2,9

IPP
[00:11:56.758][Info]: [SPP_AND_LE]app_key_evnet: 2,9

[00:11:56.908][Info]: [SPP_AND_LE]app_key_evnet: 2,9

[00:11:57.058][Info]: [SPP_AND_LE]app_key_evnet: 2,9

[00:11:57.208][Info]: [SPP_AND_LE]app_key_evnet: 2,9

IPP
[00:11:57.358][Info]: [SPP_AND_LE]app_key_evnet: 2,9

[00:11:57.508][Info]: [SPP_AND_LE]app_key_evnet: 2,9

[00:11:57.658][Info]: [SPP_AND_LE]app_key_evnet: 2,9

IPP
[00:11:57.808][Info]: [SPP_AND_LE]app_key_evnet: 2,9

[00:11:57.958][Info]: [SPP_AND_LE]app_key_evnet: 2,9

[00:11:58.108][Info]: [SPP_AND_LE]app_key_evnet: 2,9

IPP
[00:11:58.258][Info]: [SPP_AND_LE]app_key_evnet: 2,9

[00:11:58.408][Info]: [SPP_AND_LE]app_key_evnet: 2,9

[00:11:58.558][Info]: [SPP_AND_LE]app_key_evnet: 2,9

[00:11:58.708][Info]: [SPP_AND_LE]app_key_evnet: 2,9

IPP
[00:11:58.858][Info]: [SPP_AND_LE]app_key_evnet: 2,9

[00:11:59.008][Info]: [SPP_AND_LE]app_key_evnet: 2,9

[00:11:59.158][Info]: [SPP_AND_LE]app_key_evnet: 2,9

IPP
[00:11:59.308][Info]: [SPP_AND_LE]app_key_evnet: 2,9

[00:11:59.458][Info]: [SPP_AND_LE]app_key_evnet: 2,9

[00:11:59.608][Info]: [SPP_AND_LE]app_key_evnet: 2,9

IPP
[00:11:59.758][Info]: [SPP_AND_LE]app_key_evnet: 2,9

[00:11:59.908][Info]: [SPP_AND_LE]app_key_evnet: 2,9

[00:12:00.058][Info]: [SPP_AND_LE]app_key_evnet: 2,9

[00:12:00.208][Info]: [SPP_AND_LE]app_key_evnet: 2,9

IPP
[00:12:00.357][Info]: [SPP_AND_LE]app_key_evnet: 2,9

[00:12:00.366][BLE_TRANS]WTYI dynamic name switch to: WTYI_BT_TEST
 
[00:12:00.368][Info]: [GATT_SERVER]adv_en:0

[00:12:00.368][Info]: [GATT_SERVER]server_work_st:20->2

[00:12:00.369][BLE_TRANS]server_state: handle=00,02
 
[00:12:00.371][Info]: [GATT_COMM]ble_comm_set_config_name

[00:12:00.372][Info]: [GATT_COMM]ble name(17): WTYI_BT_TEST(BLE) 

[00:12:00.373][BLE_TRANS]trans_adv_data(26): 
02 01 06 03 03 30 AF 12 09 57 54 59 49 5F 42 54 
5F 54 45 53 54 28 42 4C 45 29 
[00:12:00.375][BLE_TRANS]rsp_data(0): 
[00:12:00.376][Info]: [GATT_SERVER]__gatt_server_just_new_dev_adv

[00:12:00.376][Info]: [GATT_SERVER]new_dev_adv

[00:12:00.378][Info]: [GATT_SERVER]adv_en:1

[00:12:00.378][Info]: [GATT_SERVER]server_work_st:2->20

[00:12:00.379][BLE_TRANS]server_state: handle=00,20
 
[00:12:00.508][Info]: [SPP_AND_LE]app_key_evnet: 2,9

[00:12:00.658][Info]: [SPP_AND_LE]app_key_evnet: 2,9

IPP
[00:12:00.808][Info]: [SPP_AND_LE]app_key_evnet: 2,9

[00:12:00.958][Info]: [SPP_AND_LE]app_key_evnet: 2,9

[00:12:01.108][Info]: [SPP_AND_LE]app_key_evnet: 2,9

IPP
[00:12:01.258][Info]: [SPP_AND_LE]app_key_evnet: 2,9

[00:12:01.408][Info]: [SPP_AND_LE]app_key_evnet: 2,9

[00:12:01.558][Info]: [SPP_AND_LE]app_key_evnet: 2,9

[00:12:01.708][Info]: [SPP_AND_LE]app_key_evnet: 2,9

IPP
[00:12:01.858][Info]: [SPP_AND_LE]app_key_evnet: 2,9

[00:12:02.008][Info]: [SPP_AND_LE]app_key_evnet: 2,9

[00:12:02.158][Info]: [SPP_AND_LE]app_key_evnet: 2,9

IPP
[00:12:02.308][Info]: [SPP_AND_LE]app_key_evnet: 2,9

[00:12:02.458][Info]: [SPP_AND_LE]app_key_evnet: 2,9

[00:12:02.608][Info]: [SPP_AND_LE]app_key_evnet: 2,9

IPP
[00:12:02.758][Info]: [SPP_AND_LE]app_key_evnet: 2,9

[00:12:02.908][Info]: [SPP_AND_LE]app_key_evnet: 2,9

[00:12:03.058][Info]: [SPP_AND_LE]app_key_evnet: 2,9

[00:12:03.208][Info]: [SPP_AND_LE]app_key_evnet: 2,9

IPP
[00:12:03.358][Info]: [SPP_AND_LE]app_key_evnet: 2,9

[00:12:03.508][Info]: [SPP_AND_LE]app_key_evnet: 2,9

[00:12:03.658][Info]: [SPP_AND_LE]app_key_evnet: 2,9

IPP
[00:12:03.808][Info]: [SPP_AND_LE]app_key_evnet: 2,9

[00:12:03.958][Info]: [SPP_AND_LE]app_key_evnet: 2,9

[00:12:04.108][Info]: [SPP_AND_LE]app_key_evnet: 2,9

IPP
[00:12:04.258][Info]: [SPP_AND_LE]app_key_evnet: 2,9

[00:12:04.408][Info]: [SPP_AND_LE]app_key_evnet: 2,9

[00:12:04.558][Info]: [SPP_AND_LE]app_key_evnet: 2,9

[00:12:04.708][Info]: [SPP_AND_LE]app_key_evnet: 2,9

IPP
[00:12:04.858][Info]: [SPP_AND_LE]app_key_evnet: 2,9

[00:12:05.008][Info]: [SPP_AND_LE]app_key_evnet: 2,9

[00:12:05.158][Info]: [SPP_AND_LE]app_key_evnet: 2,9

IPP
[00:12:05.308][Info]: [SPP_AND_LE]app_key_evnet: 2,9

[00:12:05.458][Info]: [SPP_AND_LE]app_key_evnet: 2,9

[00:12:05.608][Info]: [SPP_AND_LE]app_key_evnet: 2,9

IPP
[00:12:05.758][Info]: [SPP_AND_LE]app_key_evnet: 2,9

[00:12:05.908][Info]: [SPP_AND_LE]app_key_evnet: 2,9

[00:12:06.058][Info]: [SPP_AND_LE]app_key_evnet: 2,9

[00:12:06.208][Info]: [SPP_AND_LE]app_key_evnet: 2,9

IPP
[00:12:06.358][Info]: [SPP_AND_LE]app_key_evnet: 2,9

[00:12:06.508][Info]: [SPP_AND_LE]app_key_evnet: 2,9

[00:12:06.658][Info]: [SPP_AND_LE]app_key_evnet: 2,9

IPP
[00:12:06.808][Info]: [SPP_AND_LE]app_key_evnet: 2,9

[00:12:06.958][Info]: [SPP_AND_LE]app_key_evnet: 2,9

[00:12:07.108][Info]: [SPP_AND_LE]app_key_evnet: 2,9

IPP
[00:12:07.258][Info]: [SPP_AND_LE]app_key_evnet: 2,9

[00:12:07.408][Info]: [SPP_AND_LE]app_key_evnet: 2,9

[00:12:07.558][Info]: [SPP_AND_LE]app_key_evnet: 2,9

[00:12:07.708][Info]: [SPP_AND_LE]app_key_evnet: 2,9

IPP
[00:12:07.858][Info]: [SPP_AND_LE]app_key_evnet: 2,9

[00:12:08.008][Info]: [SPP_AND_LE]app_key_evnet: 2,9

[00:12:08.158][Info]: [SPP_AND_LE]app_key_evnet: 2,9

IPP
[00:12:08.308][Info]: [SPP_AND_LE]app_key_evnet: 2,9

[00:12:08.458][Info]: [SPP_AND_LE]app_key_evnet: 2,9

[00:12:08.608][Info]: [SPP_AND_LE]app_key_evnet: 2,9

IPP
[00:12:08.758][Info]: [SPP_AND_LE]app_key_evnet: 2,9

[00:12:08.908][Info]: [SPP_AND_LE]app_key_evnet: 2,9

[00:12:09.058][Info]: [SPP_AND_LE]app_key_evnet: 2,9

[00:12:09.208][Info]: [SPP_AND_LE]app_key_evnet: 2,9

IPP
[00:12:09.358][Info]: [SPP_AND_LE]app_key_evnet: 2,9

[00:12:09.508][Info]: [SPP_AND_LE]app_key_evnet: 2,9

[00:12:09.658][Info]: [SPP_AND_LE]app_key_evnet: 2,9

IPP
[00:12:09.808][Info]: [SPP_AND_LE]app_key_evnet: 2,9

[00:12:09.958][Info]: [SPP_AND_LE]app_key_evnet: 2,9

[00:12:10.108][Info]: [SPP_AND_LE]app_key_evnet: 2,9

IPP
[00:12:10.258][Info]: [SPP_AND_LE]app_key_evnet: 2,9

[00:12:10.366][BLE_TRANS]WTYI dynamic name switch to: WTYI_BT_TEST_B
 
[00:12:10.368][Info]: [GATT_SERVER]adv_en:0

[00:12:10.368][Info]: [GATT_SERVER]server_work_st:20->2

[00:12:10.369][BLE_TRANS]server_state: handle=00,02
 
[00:12:10.371][Info]: [GATT_COMM]ble_comm_set_config_name

[00:12:10.372][Info]: [GATT_COMM]ble name(19): WTYI_BT_TEST_B(BLE) 

[00:12:10.373][BLE_TRANS]trans_adv_data(28): 
02 01 06 03 03 30 AF 14 09 57 54 59 49 5F 42 54 
5F 54 45 53 54 5F 42 28 42 4C 45 29 
[00:12:10.375][BLE_TRANS]rsp_data(0): 
[00:12:10.376][Info]: [GATT_SERVER]__gatt_server_just_new_dev_adv

[00:12:10.377][Info]: [GATT_SERVER]new_dev_adv

[00:12:10.378][Info]: [GATT_SERVER]adv_en:1

[00:12:10.378][Info]: [GATT_SERVER]server_work_st:2->20

[00:12:10.379][BLE_TRANS]server_state: handle=00,20
 
[00:12:10.408][Info]: [SPP_AND_LE]app_key_evnet: 2,9

[00:12:10.558][Info]: [SPP_AND_LE]app_key_evnet: 2,9

[00:12:10.708][Info]: [SPP_AND_LE]app_key_evnet: 2,9

IPP
[00:12:10.858][Info]: [SPP_AND_LE]app_key_evnet: 2,9

[00:12:11.008][Info]: [SPP_AND_LE]app_key_evnet: 2,9

[00:12:11.158][Info]: [SPP_AND_LE]app_key_evnet: 2,9

IPP
[00:12:11.308][Info]: [SPP_AND_LE]app_key_evnet: 2,9

[00:12:11.458][Info]: [SPP_AND_LE]app_key_evnet: 2,9

[00:12:11.608][Info]: [SPP_AND_LE]app_key_evnet: 2,9

IPP
[00:12:11.758][Info]: [SPP_AND_LE]app_key_evnet: 2,9

[00:12:11.908][Info]: [SPP_AND_LE]app_key_evnet: 2,9

[00:12:12.058][Info]: [SPP_AND_LE]app_key_evnet: 2,9

[00:12:12.208][Info]: [SPP_AND_LE]app_key_evnet: 2,9

IPP
[00:12:12.358][Info]: [SPP_AND_LE]app_key_evnet: 2,9

[00:12:12.508][Info]: [SPP_AND_LE]app_key_evnet: 2,9

[00:12:12.658][Info]: [SPP_AND_LE]app_key_evnet: 2,9

IPP
[00:12:12.808][Info]: [SPP_AND_LE]app_key_evnet: 2,9

[00:12:12.958][Info]: [SPP_AND_LE]app_key_evnet: 2,9

[00:12:13.108][Info]: [SPP_AND_LE]app_key_evnet: 2,9

IPP
[00:12:13.258][Info]: [SPP_AND_LE]app_key_evnet: 2,9

[00:12:13.408][Info]: [SPP_AND_LE]app_key_evnet: 2,9

[00:12:13.558][Info]: [SPP_AND_LE]app_key_evnet: 2,9

[00:12:13.708][Info]: [SPP_AND_LE]app_key_evnet: 2,9

IPP
[00:12:13.858][Info]: [SPP_AND_LE]app_key_evnet: 2,9

[00:12:14.008][Info]: [SPP_AND_LE]app_key_evnet: 2,9

[00:12:14.158][Info]: [SPP_AND_LE]app_key_evnet: 2,9

IPP
[00:12:14.308][Info]: [SPP_AND_LE]app_key_evnet: 2,9

[00:12:14.458][Info]: [SPP_AND_LE]app_key_evnet: 2,9

[00:12:14.608][Info]: [SPP_AND_LE]app_key_evnet: 2,9

IPP
[00:12:14.758][Info]: [SPP_AND_LE]app_key_evnet: 2,9

[00:12:14.908][Info]: [SPP_AND_LE]app_key_evnet: 2,9

[00:12:15.058][Info]: [SPP_AND_LE]app_key_evnet: 2,9

[00:12:15.208][Info]: [SPP_AND_LE]app_key_evnet: 2,9

IPP
[00:12:15.358][Info]: [SPP_AND_LE]app_key_evnet: 2,9

[00:12:15.508][Info]: [SPP_AND_LE]app_key_evnet: 2,9

[00:12:15.658][Info]: [SPP_AND_LE]app_key_evnet: 2,9

IPP
[00:12:15.808][Info]: [SPP_AND_LE]app_key_evnet: 2,9

[00:12:15.958][Info]: [SPP_AND_LE]app_key_evnet: 2,9

[00:12:16.108][Info]: [SPP_AND_LE]app_key_evnet: 2,9

IPP
[00:12:16.258][Info]: [SPP_AND_LE]app_key_evnet: 2,9

[00:12:16.408][Info]: [SPP_AND_LE]app_key_evnet: 2,9

[00:12:16.558][Info]: [SPP_AND_LE]app_key_evnet: 2,9

[00:12:16.708][Info]: [SPP_AND_LE]app_key_evnet: 2,9

IPP
[00:12:16.858][Info]: [SPP_AND_LE]app_key_evnet: 2,9

[00:12:17.008][Info]: [SPP_AND_LE]app_key_evnet: 2,9

[00:12:17.158][Info]: [SPP_AND_LE]app_key_evnet: 2,9

IPP
[00:12:17.308][Info]: [SPP_AND_LE]app_key_evnet: 2,9

[00:12:17.458][Info]: [SPP_AND_LE]app_key_evnet: 2,9

[00:12:17.608][Info]: [SPP_AND_LE]app_key_evnet: 2,9

IPP
[00:12:17.758][Info]: [SPP_AND_LE]app_key_evnet: 2,9

[00:12:17.908][Info]: [SPP_AND_LE]app_key_evnet: 2,9

[00:12:18.058][Info]: [SPP_AND_LE]app_key_evnet: 2,9

[00:12:18.208][Info]: [SPP_AND_LE]app_key_evnet: 2,9

IPP
[00:12:18.358][Info]: [SPP_AND_LE]app_key_evnet: 2,9

[00:12:18.508][Info]: [SPP_AND_LE]app_key_evnet: 2,9

[00:12:18.658][Info]: [SPP_AND_LE]app_key_evnet: 2,9

IPP
[00:12:18.808][Info]: [SPP_AND_LE]app_key_evnet: 2,9

[00:12:18.958][Info]: [SPP_AND_LE]app_key_evnet: 2,9

[00:12:19.108][Info]: [SPP_AND_LE]app_key_evnet: 2,9

IP
[00:12:19.258][Info]: [SPP_AND_LE]app_key_evnet: 2,9

P
[00:12:19.408][Info]: [SPP_AND_LE]app_key_evnet: 2,9

[00:12:19.558][Info]: [SPP_AND_LE]app_key_evnet: 2,9

[00:12:19.708][Info]: [SPP_AND_LE]app_key_evnet: 2,9

IPP
[00:12:19.858][Info]: [SPP_AND_LE]app_key_evnet: 2,9

[00:12:20.008][Info]: [SPP_AND_LE]app_key_evnet: 2,9

[00:12:20.158][Info]: [SPP_AND_LE]app_key_evnet: 2,9

IPP
[00:12:20.308][Info]: [SPP_AND_LE]app_key_evnet: 2,9

[00:12:20.366][BLE_TRANS]WTYI dynamic name switch to: WTYI_BT_TEST
 
[00:12:20.368][Info]: [GATT_SERVER]adv_en:0

[00:12:20.368][Info]: [GATT_SERVER]server_work_st:20->2

[00:12:20.369][BLE_TRANS]server_state: handle=00,02
 
[00:12:20.371][Info]: [GATT_COMM]ble_comm_set_config_name

[00:12:20.372][Info]: [GATT_COMM]ble name(17): WTYI_BT_TEST(BLE) 

[00:12:20.373][BLE_TRANS]trans_adv_data(26): 
02 01 06 03 03 30 AF 12 09 57 54 59 49 5F 42 54 
5F 54 45 53 54 28 42 4C 45 29 
[00:12:20.375][BLE_TRANS]rsp_data(0): 
[00:12:20.376][Info]: [GATT_SERVER]__gatt_server_just_new_dev_adv

[00:12:20.377][Info]: [GATT_SERVER]new_dev_adv

[00:12:20.378][Info]: [GATT_SERVER]adv_en:1

[00:12:20.378][Info]: [GATT_SERVER]server_work_st:2->20

[00:12:20.379][BLE_TRANS]server_state: handle=00,20
 
[00:12:20.458][Info]: [SPP_AND_LE]app_key_evnet: 2,9

[00:12:20.608][Info]: [SPP_AND_LE]app_key_evnet: 2,9

IP
[00:12:20.758][Info]: [SPP_AND_LE]app_key_evnet: 2,9

P
[00:12:20.908][Info]: [SPP_AND_LE]app_key_evnet: 2,9

[00:12:21.058][Info]: [SPP_AND_LE]app_key_evnet: 2,9

[00:12:21.208][Info]: [SPP_AND_LE]app_key_evnet: 2,9

IPP
[00:12:21.358][Info]: [SPP_AND_LE]app_key_evnet: 2,9

[00:12:21.508][Info]: [SPP_AND_LE]app_key_evnet: 2,9

[00:12:21.658][Info]: [SPP_AND_LE]app_key_evnet: 2,9

IPP
[00:12:21.808][Info]: [SPP_AND_LE]app_key_evnet: 2,9

[00:12:21.958][Info]: [SPP_AND_LE]app_key_evnet: 2,9

[00:12:22.108][Info]: [SPP_AND_LE]app_key_evnet: 2,9

IP
[00:12:22.258][Info]: [SPP_AND_LE]app_key_evnet: 2,9

P
[00:12:22.408][Info]: [SPP_AND_LE]app_key_evnet: 2,9

[00:12:22.558][Info]: [SPP_AND_LE]app_key_evnet: 2,9

[00:12:22.708][Info]: [SPP_AND_LE]app_key_evnet: 2,9

IPP
[00:12:22.858][Info]: [SPP_AND_LE]app_key_evnet: 2,9

[00:12:23.008][Info]: [SPP_AND_LE]app_key_evnet: 2,9

[00:12:23.158][Info]: [SPP_AND_LE]app_key_evnet: 2,9

IPP
[00:12:23.308][Info]: [SPP_AND_LE]app_key_evnet: 2,9

[00:12:23.458][Info]: [SPP_AND_LE]app_key_evnet: 2,9

[00:12:23.608][Info]: [SPP_AND_LE]app_key_evnet: 2,9

IP
[00:12:23.758][Info]: [SPP_AND_LE]app_key_evnet: 2,9

P
[00:12:23.908][Info]: [SPP_AND_LE]app_key_evnet: 2,9

[00:12:24.058][Info]: [SPP_AND_LE]app_key_evnet: 2,9

[00:12:24.208][Info]: [SPP_AND_LE]app_key_evnet: 2,9

IPP
[00:12:24.358][Info]: [SPP_AND_LE]app_key_evnet: 2,9

[00:12:24.508][Info]: [SPP_AND_LE]app_key_evnet: 2,9

[00:12:24.658][Info]: [SPP_AND_LE]app_key_evnet: 2,9

IPP
[00:12:24.808][Info]: [SPP_AND_LE]app_key_evnet: 2,9

[00:12:24.958][Info]: [SPP_AND_LE]app_key_evnet: 2,9

[00:12:25.108][Info]: [SPP_AND_LE]app_key_evnet: 2,9

IP
[00:12:25.258][Info]: [SPP_AND_LE]app_key_evnet: 2,9

P
[00:12:25.408][Info]: [SPP_AND_LE]app_key_evnet: 2,9

[00:12:25.558][Info]: [SPP_AND_LE]app_key_evnet: 2,9

[00:12:25.708][Info]: [SPP_AND_LE]app_key_evnet: 2,9

IPP
[00:12:25.858][Info]: [SPP_AND_LE]app_key_evnet: 2,9

[00:12:26.008][Info]: [SPP_AND_LE]app_key_evnet: 2,9

[00:12:26.158][Info]: [SPP_AND_LE]app_key_evnet: 2,9

IPP
[00:12:26.308][Info]: [SPP_AND_LE]app_key_evnet: 2,9

[00:12:26.458][Info]: [SPP_AND_LE]app_key_evnet: 2,9

[00:12:26.608][Info]: [SPP_AND_LE]app_key_evnet: 2,9

IP
[00:12:26.758][Info]: [SPP_AND_LE]app_key_evnet: 2,9

P
[00:12:26.908][Info]: [SPP_AND_LE]app_key_evnet: 2,9

[00:12:27.058][Info]: [SPP_AND_LE]app_key_evnet: 2,9

[00:12:27.208][Info]: [SPP_AND_LE]app_key_evnet: 2,9

IPP
[00:12:27.358][Info]: [SPP_AND_LE]app_key_evnet: 2,9

[00:12:27.508][Info]: [SPP_AND_LE]app_key_evnet: 2,9

[00:12:27.658][Info]: [SPP_AND_LE]app_key_evnet: 2,9

IPP
[00:12:27.808][Info]: [SPP_AND_LE]app_key_evnet: 2,9

[00:12:27.958][Info]: [SPP_AND_LE]app_key_evnet: 2,9

[00:12:28.108][Info]: [SPP_AND_LE]app_key_evnet: 2,9

IP
[00:12:28.258][Info]: [SPP_AND_LE]app_key_evnet: 2,9

P
[00:12:28.408][Info]: [SPP_AND_LE]app_key_evnet: 2,9

[00:12:28.558][Info]: [SPP_AND_LE]app_key_evnet: 2,9

[00:12:28.708][Info]: [SPP_AND_LE]app_key_evnet: 2,9

IPP
[00:12:28.858][Info]: [SPP_AND_LE]app_key_evnet: 2,9

[00:12:29.008][Info]: [SPP_AND_LE]app_key_evnet: 2,9

[00:12:29.158][Info]: [SPP_AND_LE]app_key_evnet: 2,9

IPP
[00:12:29.308][Info]: [SPP_AND_LE]app_key_evnet: 2,9

[00:12:29.458][Info]: [SPP_AND_LE]app_key_evnet: 2,9

[00:12:29.608][Info]: [SPP_AND_LE]app_key_evnet: 2,9

IP
[00:12:29.758][Info]: [SPP_AND_LE]app_key_evnet: 2,9

P
[00:12:29.908][Info]: [SPP_AND_LE]app_key_evnet: 2,9

[00:12:30.058][Info]: [SPP_AND_LE]app_key_evnet: 2,9

[00:12:30.208][Info]: [SPP_AND_LE]app_key_evnet: 2,9

IPP
[00:12:30.357][Info]: [SPP_AND_LE]app_key_evnet: 2,9

[00:12:30.366][BLE_TRANS]WTYI dynamic name switch to: WTYI_BT_TEST_B
 
[00:12:30.368][Info]: [GATT_SERVER]adv_en:0

[00:12:30.368][Info]: [GATT_SERVER]server_work_st:20->2

[00:12:30.369][BLE_TRANS]server_state: handle=00,02
 
[00:12:30.371][Info]: [GATT_COMM]ble_comm_set_config_name

[00:12:30.372][Info]: [GATT_COMM]ble name(19): WTYI_BT_TEST_B(BLE) 

[00:12:30.373][BLE_TRANS]trans_adv_data(28): 
02 01 06 03 03 30 AF 14 09 57 54 59 49 5F 42 54 
5F 54 45 53 54 5F 42 28 42 4C 45 29 
[00:12:30.375][BLE_TRANS]rsp_data(0): 
[00:12:30.376][Info]: [GATT_SERVER]__gatt_server_just_new_dev_adv

[00:12:30.377][Info]: [GATT_SERVER]new_dev_adv

[00:12:30.378][Info]: [GATT_SERVER]adv_en:1

[00:12:30.378][Info]: [GATT_SERVER]server_work_st:2->20

[00:12:30.379][BLE_TRANS]server_state: handle=00,20
 
[00:12:30.508][Info]: [SPP_AND_LE]app_key_evnet: 2,9

[00:12:30.658][Info]: [SPP_AND_LE]app_key_evnet: 2,9

IPP
[00:12:30.808][Info]: [SPP_AND_LE]app_key_evnet: 2,9

[00:12:30.958][Info]: [SPP_AND_LE]app_key_evnet: 2,9

[00:12:31.108][Info]: [SPP_AND_LE]app_key_evnet: 2,9

IP
[00:12:31.258][Info]: [SPP_AND_LE]app_key_evnet: 2,9

P
[00:12:31.408][Info]: [SPP_AND_LE]app_key_evnet: 2,9

[00:12:31.558][Info]: [SPP_AND_LE]app_key_evnet: 2,9

[00:12:31.708][Info]: [SPP_AND_LE]app_key_evnet: 2,9

IPP
[00:12:31.858][Info]: [SPP_AND_LE]app_key_evnet: 2,9

[00:12:32.008][Info]: [SPP_AND_LE]app_key_evnet: 2,9

[00:12:32.158][Info]: [SPP_AND_LE]app_key_evnet: 2,9

IPP
[00:12:32.308][Info]: [SPP_AND_LE]app_key_evnet: 2,9

[00:12:32.458][Info]: [SPP_AND_LE]app_key_evnet: 2,9

[00:12:32.608][Info]: [SPP_AND_LE]app_key_evnet: 2,9

IP
[00:12:32.758][Info]: [SPP_AND_LE]app_key_evnet: 2,9

P
[00:12:32.908][Info]: [SPP_AND_LE]app_key_evnet: 2,9

[00:12:33.058][Info]: [SPP_AND_LE]app_key_evnet: 2,9

[00:12:33.208][Info]: [SPP_AND_LE]app_key_evnet: 2,9

IPP
[00:12:33.358][Info]: [SPP_AND_LE]app_key_evnet: 2,9

[00:12:33.508][Info]: [SPP_AND_LE]app_key_evnet: 2,9

[00:12:33.658][Info]: [SPP_AND_LE]app_key_evnet: 2,9

IPP
[00:12:33.808][Info]: [SPP_AND_LE]app_key_evnet: 2,9

[00:12:33.958][Info]: [SPP_AND_LE]app_key_evnet: 2,9

[00:12:34.108][Info]: [SPP_AND_LE]app_key_evnet: 2,9

IP
[00:12:34.258][Info]: [SPP_AND_LE]app_key_evnet: 2,9

P
[00:12:34.408][Info]: [SPP_AND_LE]app_key_evnet: 2,9

[00:12:34.558][Info]: [SPP_AND_LE]app_key_evnet: 2,9

[00:12:34.708][Info]: [SPP_AND_LE]app_key_evnet: 2,9

IPP
[00:12:34.858][Info]: [SPP_AND_LE]app_key_evnet: 2,9

[00:12:35.008][Info]: [SPP_AND_LE]app_key_evnet: 2,9

[00:12:35.158][Info]: [SPP_AND_LE]app_key_evnet: 2,9

IPP
[00:12:35.308][Info]: [SPP_AND_LE]app_key_evnet: 2,9

[00:12:35.458][Info]: [SPP_AND_LE]app_key_evnet: 2,9

[00:12:35.608][Info]: [SPP_AND_LE]app_key_evnet: 2,9

IP
[00:12:35.758][Info]: [SPP_AND_LE]app_key_evnet: 2,9

P
[00:12:35.908][Info]: [SPP_AND_LE]app_key_evnet: 2,9

[00:12:36.058][Info]: [SPP_AND_LE]app_key_evnet: 2,9

[00:12:36.208][Info]: [SPP_AND_LE]app_key_evnet: 2,9

IPP
[00:12:36.358][Info]: [SPP_AND_LE]app_key_evnet: 2,9

[00:12:36.508][Info]: [SPP_AND_LE]app_key_evnet: 2,9

[00:12:36.658][Info]: [SPP_AND_LE]app_key_evnet: 2,9

IPP
[00:12:36.808][Info]: [SPP_AND_LE]app_key_evnet: 2,9

[00:12:36.958][Info]: [SPP_AND_LE]app_key_evnet: 2,9

[00:12:37.108][Info]: [SPP_AND_LE]app_key_evnet: 2,9

IP
[00:12:37.258][Info]: [SPP_AND_LE]app_key_evnet: 2,9

P
[00:12:37.408][Info]: [SPP_AND_LE]app_key_evnet: 2,9

[00:12:37.558][Info]: [SPP_AND_LE]app_key_evnet: 2,9

[00:12:37.708][Info]: [SPP_AND_LE]app_key_evnet: 2,9

IPP
[00:12:37.858][Info]: [SPP_AND_LE]app_key_evnet: 2,9

[00:12:38.008][Info]: [SPP_AND_LE]app_key_evnet: 2,9

[00:12:38.158][Info]: [SPP_AND_LE]app_key_evnet: 2,9

IPP
[00:12:38.308][Info]: [SPP_AND_LE]app_key_evnet: 2,9

[00:12:38.458][Info]: [SPP_AND_LE]app_key_evnet: 2,9

[00:12:38.608][Info]: [SPP_AND_LE]app_key_evnet: 2,9

I
[00:12:38.758][Info]: [SPP_AND_LE]app_key_evnet: 2,9

PP
[00:12:38.908][Info]: [SPP_AND_LE]app_key_evnet: 2,9

[00:12:39.058][Info]: [SPP_AND_LE]app_key_evnet: 2,9

[00:12:39.208][Info]: [SPP_AND_LE]app_key_evnet: 2,9

IPP
[00:12:39.358][Info]: [SPP_AND_LE]app_key_evnet: 2,9

[00:12:39.508][Info]: [SPP_AND_LE]app_key_evnet: 2,9

[00:12:39.658][Info]: [SPP_AND_LE]app_key_evnet: 2,9

IPP
[00:12:39.808][Info]: [SPP_AND_LE]app_key_evnet: 2,9

[00:12:39.958][Info]: [SPP_AND_LE]app_key_evnet: 2,9

[00:12:40.108][Info]: [SPP_AND_LE]app_key_evnet: 2,9

I
[00:12:40.258][Info]: [SPP_AND_LE]app_key_evnet: 2,9

PP
[00:12:40.366][BLE_TRANS]WTYI dynamic name switch to: WTYI_BT_TEST
 
[00:12:40.368][Info]: [GATT_SERVER]adv_en:0

[00:12:40.368][Info]: [GATT_SERVER]server_work_st:20->2

[00:12:40.369][BLE_TRANS]server_state: handle=00,02
 
[00:12:40.371][Info]: [GATT_COMM]ble_comm_set_config_name

[00:12:40.372][Info]: [GATT_COMM]ble name(17): WTYI_BT_TEST(BLE) 

[00:12:40.373][BLE_TRANS]trans_adv_data(26): 
02 01 06 03 03 30 AF 12 09 57 54 59 49 5F 42 54 
5F 54 45 53 54 28 42 4C 45 29 
[00:12:40.375][BLE_TRANS]rsp_data(0): 
[00:12:40.376][Info]: [GATT_SERVER]__gatt_server_just_new_dev_adv

[00:12:40.377][Info]: [GATT_SERVER]new_dev_adv

[00:12:40.378][Info]: [GATT_SERVER]adv_en:1

[00:12:40.378][Info]: [GATT_SERVER]server_work_st:2->20

[00:12:40.379][BLE_TRANS]server_state: handle=00,20
 
[00:12:40.408][Info]: [SPP_AND_LE]app_key_evnet: 2,9

[00:12:40.558][Info]: [SPP_AND_LE]app_key_evnet: 2,9

[00:12:40.708][Info]: [SPP_AND_LE]app_key_evnet: 2,9

IPP
[00:12:40.858][Info]: [SPP_AND_LE]app_key_evnet: 2,9

[00:12:41.008][Info]: [SPP_AND_LE]app_key_evnet: 2,9

[00:12:41.158][Info]: [SPP_AND_LE]app_key_evnet: 2,9

IPP
[00:12:41.308][Info]: [SPP_AND_LE]app_key_evnet: 2,9

[00:12:41.458][Info]: [SPP_AND_LE]app_key_evnet: 2,9

[00:12:41.608][Info]: [SPP_AND_LE]app_key_evnet: 2,9

I
[00:12:41.758][Info]: [SPP_AND_LE]app_key_evnet: 2,9

PP
[00:12:41.908][Info]: [SPP_AND_LE]app_key_evnet: 2,9

[00:12:42.058][Info]: [SPP_AND_LE]app_key_evnet: 2,9

[00:12:42.208][Info]: [SPP_AND_LE]app_key_evnet: 2,9

IPP
[00:12:42.358][Info]: [SPP_AND_LE]app_key_evnet: 2,9

[00:12:42.508][Info]: [SPP_AND_LE]app_key_evnet: 2,9

[00:12:42.658][Info]: [SPP_AND_LE]app_key_evnet: 2,9

IPP
[00:12:42.808][Info]: [SPP_AND_LE]app_key_evnet: 2,9

[00:12:42.958][Info]: [SPP_AND_LE]app_key_evnet: 2,9

[00:12:43.108][Info]: [SPP_AND_LE]app_key_evnet: 2,9

I
[00:12:43.258][Info]: [SPP_AND_LE]app_key_evnet: 2,9

PP
[00:12:43.408][Info]: [SPP_AND_LE]app_key_evnet: 2,9

[00:12:43.558][Info]: [SPP_AND_LE]app_key_evnet: 2,9

[00:12:43.708][Info]: [SPP_AND_LE]app_key_evnet: 2,9

IPP
[00:12:43.858][Info]: [SPP_AND_LE]app_key_evnet: 2,9

[00:12:44.008][Info]: [SPP_AND_LE]app_key_evnet: 2,9

[00:12:44.158][Info]: [SPP_AND_LE]app_key_evnet: 2,9

IPP
[00:12:44.308][Info]: [SPP_AND_LE]app_key_evnet: 2,9

[00:12:44.458][Info]: [SPP_AND_LE]app_key_evnet: 2,9

[00:12:44.608][Info]: [SPP_AND_LE]app_key_evnet: 2,9

I
[00:12:44.758][Info]: [SPP_AND_LE]app_key_evnet: 2,9

PP
[00:12:44.908][Info]: [SPP_AND_LE]app_key_evnet: 2,9

[00:12:45.058][Info]: [SPP_AND_LE]app_key_evnet: 2,9

[00:12:45.208][Info]: [SPP_AND_LE]app_key_evnet: 2,9

IPP
[00:12:45.358][Info]: [SPP_AND_LE]app_key_evnet: 2,9

[00:12:45.508][Info]: [SPP_AND_LE]app_key_evnet: 2,9

[00:12:45.658][Info]: [SPP_AND_LE]app_key_evnet: 2,9

IPP
[00:12:45.808][Info]: [SPP_AND_LE]app_key_evnet: 2,9

[00:12:45.958][Info]: [SPP_AND_LE]app_key_evnet: 2,9

[00:12:46.108][Info]: [SPP_AND_LE]app_key_evnet: 2,9

I
[00:12:46.258][Info]: [SPP_AND_LE]app_key_evnet: 2,9

PP
[00:12:46.408][Info]: [SPP_AND_LE]app_key_evnet: 2,9

[00:12:46.558][Info]: [SPP_AND_LE]app_key_evnet: 2,9

[00:12:46.708][Info]: [SPP_AND_LE]app_key_evnet: 2,9

IPP
[00:12:46.858][Info]: [SPP_AND_LE]app_key_evnet: 2,9

[00:12:47.008][Info]: [SPP_AND_LE]app_key_evnet: 2,9

[00:12:47.158][Info]: [SPP_AND_LE]app_key_evnet: 2,9

IPP
[00:12:47.308][Info]: [SPP_AND_LE]app_key_evnet: 2,9

[00:12:47.458][Info]: [SPP_AND_LE]app_key_evnet: 2,9

[00:12:47.608][Info]: [SPP_AND_LE]app_key_evnet: 2,9

I
[00:12:47.758][Info]: [SPP_AND_LE]app_key_evnet: 2,9

PP
[00:12:47.908][Info]: [SPP_AND_LE]app_key_evnet: 2,9

[00:12:48.058][Info]: [SPP_AND_LE]app_key_evnet: 2,9

[00:12:48.208][Info]: [SPP_AND_LE]app_key_evnet: 2,9

IPP
[00:12:48.358][Info]: [SPP_AND_LE]app_key_evnet: 2,9

[00:12:48.508][Info]: [SPP_AND_LE]app_key_evnet: 2,9

[00:12:48.658][Info]: [SPP_AND_LE]app_key_evnet: 2,9

IPP
[00:12:48.808][Info]: [SPP_AND_LE]app_key_evnet: 2,9

[00:12:48.958][Info]: [SPP_AND_LE]app_key_evnet: 2,9

[00:12:49.108][Info]: [SPP_AND_LE]app_key_evnet: 2,9

I
[00:12:49.258][Info]: [SPP_AND_LE]app_key_evnet: 2,9

PP
[00:12:49.408][Info]: [SPP_AND_LE]app_key_evnet: 2,9

[00:12:49.558][Info]: [SPP_AND_LE]app_key_evnet: 2,9

[00:12:49.708][Info]: [SPP_AND_LE]app_key_evnet: 2,9

IPP
[00:12:49.858][Info]: [SPP_AND_LE]app_key_evnet: 2,9

[00:12:50.008][Info]: [SPP_AND_LE]app_key_evnet: 2,9

[00:12:50.158][Info]: [SPP_AND_LE]app_key_evnet: 2,9

IPP
[00:12:50.308][Info]: [SPP_AND_LE]app_key_evnet: 2,9

[00:12:50.366][BLE_TRANS]WTYI dynamic name switch to: WTYI_BT_TEST_B
 
[00:12:50.368][Info]: [GATT_SERVER]adv_en:0

[00:12:50.368][Info]: [GATT_SERVER]server_work_st:20->2

[00:12:50.369][BLE_TRANS]server_state: handle=00,02
 
[00:12:50.371][Info]: [GATT_COMM]ble_comm_set_config_name

[00:12:50.372][Info]: [GATT_COMM]ble name(19): WTYI_BT_TEST_B(BLE) 

[00:12:50.373][BLE_TRANS]trans_adv_data(28): 
02 01 06 03 03 30 AF 14 09 57 54 59 49 5F 42 54 
5F 54 45 53 54 5F 42 28 42 4C 45 29 
[00:12:50.375][BLE_TRANS]rsp_data(0): 
[00:12:50.376][Info]: [GATT_SERVER]__gatt_server_just_new_dev_adv

[00:12:50.377][Info]: [GATT_SERVER]new_dev_adv

[00:12:50.378][Info]: [GATT_SERVER]adv_en:1

[00:12:50.378][Info]: [GATT_SERVER]server_work_st:2->20

[00:12:50.379][BLE_TRANS]server_state: handle=00,20
 
[00:12:50.458][Info]: [SPP_AND_LE]app_key_evnet: 2,9

[00:12:50.608][Info]: [SPP_AND_LE]app_key_evnet: 2,9

I
[00:12:50.758][Info]: [SPP_AND_LE]app_key_evnet: 2,9

PP
[00:12:50.908][Info]: [SPP_AND_LE]app_key_evnet: 2,9

[00:12:51.058][Info]: [SPP_AND_LE]app_key_evnet: 2,9

[00:12:51.208][Info]: [SPP_AND_LE]app_key_evnet: 2,9

IPP
[00:12:51.358][Info]: [SPP_AND_LE]app_key_evnet: 2,9

[00:12:51.508][Info]: [SPP_AND_LE]app_key_evnet: 2,9

[00:12:51.658][Info]: [SPP_AND_LE]app_key_evnet: 2,9

IPP
[00:12:51.808][Info]: [SPP_AND_LE]app_key_evnet: 2,9

[00:12:51.958][Info]: [SPP_AND_LE]app_key_evnet: 2,9

[00:12:52.108][Info]: [SPP_AND_LE]app_key_evnet: 2,9

I
[00:12:52.258][Info]: [SPP_AND_LE]app_key_evnet: 2,9

PP
[00:12:52.408][Info]: [SPP_AND_LE]app_key_evnet: 2,9

[00:12:52.558][Info]: [SPP_AND_LE]app_key_evnet: 2,9

[00:12:52.708][Info]: [SPP_AND_LE]app_key_evnet: 2,9

IPP
[00:12:52.858][Info]: [SPP_AND_LE]app_key_evnet: 2,9

[00:12:53.008][Info]: [SPP_AND_LE]app_key_evnet: 2,9

[00:12:53.158][Info]: [SPP_AND_LE]app_key_evnet: 2,9

IPP
[00:12:53.308][Info]: [SPP_AND_LE]app_key_evnet: 2,9

[00:12:53.458][Info]: [SPP_AND_LE]app_key_evnet: 2,9

[00:12:53.608][Info]: [SPP_AND_LE]app_key_evnet: 2,9

I
[00:12:53.758][Info]: [SPP_AND_LE]app_key_evnet: 2,9

PP
[00:12:53.908][Info]: [SPP_AND_LE]app_key_evnet: 2,9

[00:12:54.058][Info]: [SPP_AND_LE]app_key_evnet: 2,9

[00:12:54.208][Info]: [SPP_AND_LE]app_key_evnet: 2,9

IPP
[00:12:54.358][Info]: [SPP_AND_LE]app_key_evnet: 2,9

[00:12:54.508][Info]: [SPP_AND_LE]app_key_evnet: 2,9

[00:12:54.658][Info]: [SPP_AND_LE]app_key_evnet: 2,9

IPP
[00:12:54.808][Info]: [SPP_AND_LE]app_key_evnet: 2,9

[00:12:54.958][Info]: [SPP_AND_LE]app_key_evnet: 2,9

[00:12:55.108][Info]: [SPP_AND_LE]app_key_evnet: 2,9

I
[00:12:55.258][Info]: [SPP_AND_LE]app_key_evnet: 2,9

PP
[00:12:55.408][Info]: [SPP_AND_LE]app_key_evnet: 2,9

[00:12:55.558][Info]: [SPP_AND_LE]app_key_evnet: 2,9

[00:12:55.708][Info]: [SPP_AND_LE]app_key_evnet: 2,9

IPP
[00:12:55.858][Info]: [SPP_AND_LE]app_key_evnet: 2,9

[00:12:56.008][Info]: [SPP_AND_LE]app_key_evnet: 2,9

[00:12:56.158][Info]: [SPP_AND_LE]app_key_evnet: 2,9

IPP
[00:12:56.308][Info]: [SPP_AND_LE]app_key_evnet: 2,9

[00:12:56.458][Info]: [SPP_AND_LE]app_key_evnet: 2,9

[00:12:56.608][Info]: [SPP_AND_LE]app_key_evnet: 2,9

I
[00:12:56.758][Info]: [SPP_AND_LE]app_key_evnet: 2,9

PP
[00:12:56.908][Info]: [SPP_AND_LE]app_key_evnet: 2,9

[00:12:57.058][Info]: [SPP_AND_LE]app_key_evnet: 2,9

[00:12:57.208][Info]: [SPP_AND_LE]app_key_evnet: 2,9

IPP
[00:12:57.358][Info]: [SPP_AND_LE]app_key_evnet: 2,9

[00:12:57.508][Info]: [SPP_AND_LE]app_key_evnet: 2,9

[00:12:57.658][Info]: [SPP_AND_LE]app_key_evnet: 2,9

IPP
[00:12:57.808][Info]: [SPP_AND_LE]app_key_evnet: 2,9

[00:12:57.958][Info]: [SPP_AND_LE]app_key_evnet: 2,9

[00:12:58.108][Info]: [SPP_AND_LE]app_key_evnet: 2,9

I
[00:12:58.258][Info]: [SPP_AND_LE]app_key_evnet: 2,9

PP
[00:12:58.408][Info]: [SPP_AND_LE]app_key_evnet: 2,9

[00:12:58.558][Info]: [SPP_AND_LE]app_key_evnet: 2,9

[00:12:58.708][Info]: [SPP_AND_LE]app_key_evnet: 2,9

IPP
[00:12:58.858][Info]: [SPP_AND_LE]app_key_evnet: 2,9

[00:12:59.008][Info]: [SPP_AND_LE]app_key_evnet: 2,9

[00:12:59.158][Info]: [SPP_AND_LE]app_key_evnet: 2,9

IPP
[00:12:59.308][Info]: [SPP_AND_LE]app_key_evnet: 2,9

[00:12:59.458][Info]: [SPP_AND_LE]app_key_evnet: 2,9

[00:12:59.608][Info]: [SPP_AND_LE]app_key_evnet: 2,9

I
[00:12:59.758][Info]: [SPP_AND_LE]app_key_evnet: 2,9

PP
[00:12:59.908][Info]: [SPP_AND_LE]app_key_evnet: 2,9

[00:13:00.058][Info]: [SPP_AND_LE]app_key_evnet: 2,9

[00:13:00.208][Info]: [SPP_AND_LE]app_key_evnet: 2,9

IPP
[00:13:00.357][Info]: [SPP_AND_LE]app_key_evnet: 2,9

[00:13:00.366][BLE_TRANS]WTYI dynamic name switch to: WTYI_BT_TEST
 
[00:13:00.368][Info]: [GATT_SERVER]adv_en:0

[00:13:00.368][Info]: [GATT_SERVER]server_work_st:20->2

[00:13:00.369][BLE_TRANS]server_state: handle=00,02
 
[00:13:00.371][Info]: [GATT_COMM]ble_comm_set_config_name

[00:13:00.372][Info]: [GATT_COMM]ble name(17): WTYI_BT_TEST(BLE) 

[00:13:00.373][BLE_TRANS]trans_adv_data(26): 
02 01 06 03 03 30 AF 12 09 57 54 59 49 5F 42 54 
5F 54 45 53 54 28 42 4C 45 29 
[00:13:00.375][BLE_TRANS]rsp_data(0): 
[00:13:00.376][Info]: [GATT_SERVER]__gatt_server_just_new_dev_adv

[00:13:00.376][Info]: [GATT_SERVER]new_dev_adv

[00:13:00.378][Info]: [GATT_SERVER]adv_en:1

[00:13:00.378][Info]: [GATT_SERVER]server_work_st:2->20

[00:13:00.379][BLE_TRANS]server_state: handle=00,20
 
[00:13:00.508][Info]: [SPP_AND_LE]app_key_evnet: 2,9

[00:13:00.658][Info]: [SPP_AND_LE]app_key_evnet: 2,9

IPP
[00:13:00.808][Info]: [SPP_AND_LE]app_key_evnet: 2,9

[00:13:00.958][Info]: [SPP_AND_LE]app_key_evnet: 2,9

[00:13:01.108][Info]: [SPP_AND_LE]app_key_evnet: 2,9

I
[00:13:01.258][Info]: [SPP_AND_LE]app_key_evnet: 2,9

PP
[00:13:01.408][Info]: [SPP_AND_LE]app_key_evnet: 2,9

[00:13:01.558][Info]: [SPP_AND_LE]app_key_evnet: 2,9

[00:13:01.708][Info]: [SPP_AND_LE]app_key_evnet: 2,9

IPP
[00:13:01.858][Info]: [SPP_AND_LE]app_key_evnet: 2,9

[00:13:02.008][Info]: [SPP_AND_LE]app_key_evnet: 2,9

[00:13:02.158][Info]: [SPP_AND_LE]app_key_evnet: 2,9

IPP
[00:13:02.308][Info]: [SPP_AND_LE]app_key_evnet: 2,9

[00:13:02.458][Info]: [SPP_AND_LE]app_key_evnet: 2,9

[00:13:02.608][Info]: [SPP_AND_LE]app_key_evnet: 2,9

I
[00:13:02.758][Info]: [SPP_AND_LE]app_key_evnet: 2,9

PP
[00:13:02.908][Info]: [SPP_AND_LE]app_key_evnet: 2,9

[00:13:03.058][Info]: [SPP_AND_LE]app_key_evnet: 2,9

[00:13:03.208][Info]: [SPP_AND_LE]app_key_evnet: 2,9

IPP
[00:13:03.358][Info]: [SPP_AND_LE]app_key_evnet: 2,9

[00:13:03.508][Info]: [SPP_AND_LE]app_key_evnet: 2,9

[00:13:03.658][Info]: [SPP_AND_LE]app_key_evnet: 2,9

IPP
[00:13:03.808][Info]: [SPP_AND_LE]app_key_evnet: 2,9

[00:13:03.958][Info]: [SPP_AND_LE]app_key_evnet: 2,9

[00:13:04.108][Info]: [SPP_AND_LE]app_key_evnet: 2,9

I
[00:13:04.258][Info]: [SPP_AND_LE]app_key_evnet: 2,9

PP
[00:13:04.408][Info]: [SPP_AND_LE]app_key_evnet: 2,9

[00:13:04.558][Info]: [SPP_AND_LE]app_key_evnet: 2,9

[00:13:04.708][Info]: [SPP_AND_LE]app_key_evnet: 2,9

IPP
[00:13:04.858][Info]: [SPP_AND_LE]app_key_evnet: 2,9

[00:13:05.008][Info]: [SPP_AND_LE]app_key_evnet: 2,9

[00:13:05.158][Info]: [SPP_AND_LE]app_key_evnet: 2,9

IPP
[00:13:05.308][Info]: [SPP_AND_LE]app_key_evnet: 2,9

[00:13:05.458][Info]: [SPP_AND_LE]app_key_evnet: 2,9

[00:13:05.608][Info]: [SPP_AND_LE]app_key_evnet: 2,9

I
[00:13:05.758][Info]: [SPP_AND_LE]app_key_evnet: 2,9

PP
[00:13:05.908][Info]: [SPP_AND_LE]app_key_evnet: 2,9

[00:13:06.058][Info]: [SPP_AND_LE]app_key_evnet: 2,9

[00:13:06.208][Info]: [SPP_AND_LE]app_key_evnet: 2,9

IPP
[00:13:06.358][Info]: [SPP_AND_LE]app_key_evnet: 2,9

[00:13:06.508][Info]: [SPP_AND_LE]app_key_evnet: 2,9

[00:13:06.658][Info]: [SPP_AND_LE]app_key_evnet: 2,9

IPP
[00:13:06.808][Info]: [SPP_AND_LE]app_key_evnet: 2,9

[00:13:06.958][Info]: [SPP_AND_LE]app_key_evnet: 2,9

[00:13:07.108][Info]: [SPP_AND_LE]app_key_evnet: 2,9

I
[00:13:07.258][Info]: [SPP_AND_LE]app_key_evnet: 2,9

PP
[00:13:07.408][Info]: [SPP_AND_LE]app_key_evnet: 2,9

[00:13:07.558][Info]: [SPP_AND_LE]app_key_evnet: 2,9

[00:13:07.708][Info]: [SPP_AND_LE]app_key_evnet: 2,9

IPP
[00:13:07.858][Info]: [SPP_AND_LE]app_key_evnet: 2,9

[00:13:08.008][Info]: [SPP_AND_LE]app_key_evnet: 2,9

[00:13:08.158][Info]: [SPP_AND_LE]app_key_evnet: 2,9

IPP
[00:13:08.308][Info]: [SPP_AND_LE]app_key_evnet: 2,9

[00:13:08.458][Info]: [SPP_AND_LE]app_key_evnet: 2,9

[00:13:08.608][Info]: [SPP_AND_LE]app_key_evnet: 2,9

I
[00:13:08.758][Info]: [SPP_AND_LE]app_key_evnet: 2,9

PP
[00:13:08.908][Info]: [SPP_AND_LE]app_key_evnet: 2,9

[00:13:09.058][Info]: [SPP_AND_LE]app_key_evnet: 2,9

[00:13:09.208][Info]: [SPP_AND_LE]app_key_evnet: 2,9

IPP
[00:13:09.358][Info]: [SPP_AND_LE]app_key_evnet: 2,9

[00:13:09.508][Info]: [SPP_AND_LE]app_key_evnet: 2,9

[00:13:09.658][Info]: [SPP_AND_LE]app_key_evnet: 2,9

IPP
[00:13:09.808][Info]: [SPP_AND_LE]app_key_evnet: 2,9

[00:13:09.958][Info]: [SPP_AND_LE]app_key_evnet: 2,9

[00:13:10.108][Info]: [SPP_AND_LE]app_key_evnet: 2,9

I
[00:13:10.258][Info]: [SPP_AND_LE]app_key_evnet: 2,9

PP
[00:13:10.366][BLE_TRANS]WTYI dynamic name switch to: WTYI_BT_TEST_B
 
[00:13:10.368][Info]: [GATT_SERVER]adv_en:0

[00:13:10.368][Info]: [GATT_SERVER]server_work_st:20->2

[00:13:10.369][BLE_TRANS]server_state: handle=00,02
 
[00:13:10.371][Info]: [GATT_COMM]ble_comm_set_config_name

[00:13:10.372][Info]: [GATT_COMM]ble name(19): WTYI_BT_TEST_B(BLE) 

[00:13:10.373][BLE_TRANS]trans_adv_data(28): 
02 01 06 03 03 30 AF 14 09 57 54 59 49 5F 42 54 
5F 54 45 53 54 5F 42 28 42 4C 45 29 
[00:13:10.375][BLE_TRANS]rsp_data(0): 
[00:13:10.376][Info]: [GATT_SERVER]__gatt_server_just_new_dev_adv

[00:13:10.377][Info]: [GATT_SERVER]new_dev_adv

[00:13:10.378][Info]: [GATT_SERVER]adv_en:1

[00:13:10.378][Info]: [GATT_SERVER]server_work_st:2->20

[00:13:10.379][BLE_TRANS]server_state: handle=00,20
 
[00:13:10.408][Info]: [SPP_AND_LE]app_key_evnet: 2,9

[00:13:10.558][Info]: [SPP_AND_LE]app_key_evnet: 2,9

[00:13:10.708][Info]: [SPP_AND_LE]app_key_evnet: 2,9

IPP
[00:13:10.858][Info]: [SPP_AND_LE]app_key_evnet: 2,9

[00:13:11.008][Info]: [SPP_AND_LE]app_key_evnet: 2,9

[00:13:11.158][Info]: [SPP_AND_LE]app_key_evnet: 2,9

IPP
[00:13:11.308][Info]: [SPP_AND_LE]app_key_evnet: 2,9

[00:13:11.458][Info]: [SPP_AND_LE]app_key_evnet: 2,9

[00:13:11.608][Info]: [SPP_AND_LE]app_key_evnet: 2,9

I
[00:13:11.758][Info]: [SPP_AND_LE]app_key_evnet: 2,9

PP
[00:13:11.908][Info]: [SPP_AND_LE]app_key_evnet: 2,9

[00:13:12.058][Info]: [SPP_AND_LE]app_key_evnet: 2,9

[00:13:12.208][Info]: [SPP_AND_LE]app_key_evnet: 2,9

IPP
[00:13:12.358][Info]: [SPP_AND_LE]app_key_evnet: 2,9

[00:13:12.508][Info]: [SPP_AND_LE]app_key_evnet: 2,9

[00:13:12.658][Info]: [SPP_AND_LE]app_key_evnet: 2,9

IPP
[00:13:12.808][Info]: [SPP_AND_LE]app_key_evnet: 2,9

[00:13:12.958][Info]: [SPP_AND_LE]app_key_evnet: 2,9

[00:13:13.108][Info]: [SPP_AND_LE]app_key_evnet: 2,9

I
[00:13:13.258][Info]: [SPP_AND_LE]app_key_evnet: 2,9

PP
[00:13:13.408][Info]: [SPP_AND_LE]app_key_evnet: 2,9

[00:13:13.558][Info]: [SPP_AND_LE]app_key_evnet: 2,9

[00:13:13.708][Info]: [SPP_AND_LE]app_key_evnet: 2,9

IPP
[00:13:13.858][Info]: [SPP_AND_LE]app_key_evnet: 2,9

[00:13:14.008][Info]: [SPP_AND_LE]app_key_evnet: 2,9

[00:13:14.158][Info]: [SPP_AND_LE]app_key_evnet: 2,9

IPP
[00:13:14.308][Info]: [SPP_AND_LE]app_key_evnet: 2,9

[00:13:14.458][Info]: [SPP_AND_LE]app_key_evnet: 2,9

[00:13:14.608][Info]: [SPP_AND_LE]app_key_evnet: 2,9

I
[00:13:14.758][Info]: [SPP_AND_LE]app_key_evnet: 2,9

PP
[00:13:14.908][Info]: [SPP_AND_LE]app_key_evnet: 2,9

[00:13:15.058][Info]: [SPP_AND_LE]app_key_evnet: 2,9

[00:13:15.208][Info]: [SPP_AND_LE]app_key_evnet: 2,9

IPP
[00:13:15.358][Info]: [SPP_AND_LE]app_key_evnet: 2,9

[00:13:15.508][Info]: [SPP_AND_LE]app_key_evnet: 2,9

[00:13:15.658][Info]: [SPP_AND_LE]app_key_evnet: 2,9

IPP
[00:13:15.808][Info]: [SPP_AND_LE]app_key_evnet: 2,9

[00:13:15.958][Info]: [SPP_AND_LE]app_key_evnet: 2,9

[00:13:16.108][Info]: [SPP_AND_LE]app_key_evnet: 2,9

I
[00:13:16.258][Info]: [SPP_AND_LE]app_key_evnet: 2,9

PP
[00:13:16.408][Info]: [SPP_AND_LE]app_key_evnet: 2,9

[00:13:16.558][Info]: [SPP_AND_LE]app_key_evnet: 2,9

[00:13:16.708][Info]: [SPP_AND_LE]app_key_evnet: 2,9

IPP
[00:13:16.858][Info]: [SPP_AND_LE]app_key_evnet: 2,9

[00:13:17.008][Info]: [SPP_AND_LE]app_key_evnet: 2,9

[00:13:17.158][Info]: [SPP_AND_LE]app_key_evnet: 2,9

IPP
[00:13:17.308][Info]: [SPP_AND_LE]app_key_evnet: 2,9

[00:13:17.458][Info]: [SPP_AND_LE]app_key_evnet: 2,9

[00:13:17.608][Info]: [SPP_AND_LE]app_key_evnet: 2,9

I
[00:13:17.758][Info]: [SPP_AND_LE]app_key_evnet: 2,9

PP
[00:13:17.908][Info]: [SPP_AND_LE]app_key_evnet: 2,9

[00:13:18.058][Info]: [SPP_AND_LE]app_key_evnet: 2,9

[00:13:18.208][Info]: [SPP_AND_LE]app_key_evnet: 2,9

IPP
[00:13:18.358][Info]: [SPP_AND_LE]app_key_evnet: 2,9

[00:13:18.508][Info]: [SPP_AND_LE]app_key_evnet: 2,9

[00:13:18.658][Info]: [SPP_AND_LE]app_key_evnet: 2,9

IPP
[00:13:18.808][Info]: [SPP_AND_LE]app_key_evnet: 2,9

[00:13:18.958][Info]: [SPP_AND_LE]app_key_evnet: 2,9

[00:13:19.108][Info]: [SPP_AND_LE]app_key_evnet: 2,9

[00:13:19.258][Info]: [SPP_AND_LE]app_key_evnet: 2,9

IPP
[00:13:19.408][Info]: [SPP_AND_LE]app_key_evnet: 2,9

[00:13:19.558][Info]: [SPP_AND_LE]app_key_evnet: 2,9

[00:13:19.708][Info]: [SPP_AND_LE]app_key_evnet: 2,9

IPP
[00:13:19.858][Info]: [SPP_AND_LE]app_key_evnet: 2,9

[00:13:20.008][Info]: [SPP_AND_LE]app_key_evnet: 2,9

[00:13:20.158][Info]: [SPP_AND_LE]app_key_evnet: 2,9

IPP
[00:13:20.308][Info]: [SPP_AND_LE]app_key_evnet: 2,9

[00:13:20.366][BLE_TRANS]WTYI dynamic name switch to: WTYI_BT_TEST
 
[00:13:20.368][Info]: [GATT_SERVER]adv_en:0

[00:13:20.368][Info]: [GATT_SERVER]server_work_st:20->2

[00:13:20.369][BLE_TRANS]server_state: handle=00,02
 
[00:13:20.371][Info]: [GATT_COMM]ble_comm_set_config_name

[00:13:20.372][Info]: [GATT_COMM]ble name(17): WTYI_BT_TEST(BLE) 

[00:13:20.373][BLE_TRANS]trans_adv_data(26): 
02 01 06 03 03 30 AF 12 09 57 54 59 49 5F 42 54 
5F 54 45 53 54 28 42 4C 45 29 
[00:13:20.375][BLE_TRANS]rsp_data(0): 
[00:13:20.376][Info]: [GATT_SERVER]__gatt_server_just_new_dev_adv

[00:13:20.377][Info]: [GATT_SERVER]new_dev_adv

[00:13:20.378][Info]: [GATT_SERVER]adv_en:1

[00:13:20.378][Info]: [GATT_SERVER]server_work_st:2->20

[00:13:20.379][BLE_TRANS]server_state: handle=00,20
 
[00:13:20.458][Info]: [SPP_AND_LE]app_key_evnet: 2,9

[00:13:20.608][Info]: [SPP_AND_LE]app_key_evnet: 2,9

[00:13:20.758][Info]: [SPP_AND_LE]app_key_evnet: 2,9

IPP
[00:13:20.908][Info]: [SPP_AND_LE]app_key_evnet: 2,9

[00:13:21.058][Info]: [SPP_AND_LE]app_key_evnet: 2,9

[00:13:21.208][Info]: [SPP_AND_LE]app_key_evnet: 2,9

IPP
[00:13:21.358][Info]: [SPP_AND_LE]app_key_evnet: 2,9

[00:13:21.508][Info]: [SPP_AND_LE]app_key_evnet: 2,9

[00:13:21.658][Info]: [SPP_AND_LE]app_key_evnet: 2,9

IPP
[00:13:21.808][Info]: [SPP_AND_LE]app_key_evnet: 2,9

[00:13:21.958][Info]: [SPP_AND_LE]app_key_evnet: 2,9

[00:13:22.108][Info]: [SPP_AND_LE]app_key_evnet: 2,9

[00:13:22.258][Info]: [SPP_AND_LE]app_key_evnet: 2,9

IPP
[00:13:22.408][Info]: [SPP_AND_LE]app_key_evnet: 2,9

[00:13:22.558][Info]: [SPP_AND_LE]app_key_evnet: 2,9

[00:13:22.708][Info]: [SPP_AND_LE]app_key_evnet: 2,9

IPP
[00:13:22.858][Info]: [SPP_AND_LE]app_key_evnet: 2,9

[00:13:23.008][Info]: [SPP_AND_LE]app_key_evnet: 2,9

[00:13:23.158][Info]: [SPP_AND_LE]app_key_evnet: 2,9

IPP
[00:13:23.308][Info]: [SPP_AND_LE]app_key_evnet: 2,9

[00:13:23.458][Info]: [SPP_AND_LE]app_key_evnet: 2,9

[00:13:23.608][Info]: [SPP_AND_LE]app_key_evnet: 2,9

[00:13:23.758][Info]: [SPP_AND_LE]app_key_evnet: 2,9

IPP
[00:13:23.908][Info]: [SPP_AND_LE]app_key_evnet: 2,9

[00:13:24.058][Info]: [SPP_AND_LE]app_key_evnet: 2,9

[00:13:24.208][Info]: [SPP_AND_LE]app_key_evnet: 2,9

IPP
[00:13:24.358][Info]: [SPP_AND_LE]app_key_evnet: 2,9

[00:13:24.508][Info]: [SPP_AND_LE]app_key_evnet: 2,9

[00:13:24.658][Info]: [SPP_AND_LE]app_key_evnet: 2,9

IPP
[00:13:24.808][Info]: [SPP_AND_LE]app_key_evnet: 2,9

[00:13:24.958][Info]: [SPP_AND_LE]app_key_evnet: 2,9

[00:13:25.108][Info]: [SPP_AND_LE]app_key_evnet: 2,9

[00:13:25.258][Info]: [SPP_AND_LE]app_key_evnet: 2,9

IPP
[00:13:25.408][Info]: [SPP_AND_LE]app_key_evnet: 2,9

[00:13:25.558][Info]: [SPP_AND_LE]app_key_evnet: 2,9

[00:13:25.708][Info]: [SPP_AND_LE]app_key_evnet: 2,9

IPP
[00:13:25.858][Info]: [SPP_AND_LE]app_key_evnet: 2,9

[00:13:26.008][Info]: [SPP_AND_LE]app_key_evnet: 2,9

[00:13:26.158][Info]: [SPP_AND_LE]app_key_evnet: 2,9

IPP
[00:13:26.308][Info]: [SPP_AND_LE]app_key_evnet: 2,9

[00:13:26.458][Info]: [SPP_AND_LE]app_key_evnet: 2,9

[00:13:26.608][Info]: [SPP_AND_LE]app_key_evnet: 2,9

[00:13:26.758][Info]: [SPP_AND_LE]app_key_evnet: 2,9

IPP
[00:13:26.908][Info]: [SPP_AND_LE]app_key_evnet: 2,9

[00:13:27.058][Info]: [SPP_AND_LE]app_key_evnet: 2,9

[00:13:27.208][Info]: [SPP_AND_LE]app_key_evnet: 2,9

IPP
[00:13:27.358][Info]: [SPP_AND_LE]app_key_evnet: 2,9

[00:13:27.508][Info]: [SPP_AND_LE]app_key_evnet: 2,9

[00:13:27.658][Info]: [SPP_AND_LE]app_key_evnet: 2,9

IPP
[00:13:27.808][Info]: [SPP_AND_LE]app_key_evnet: 2,9

[00:13:27.958][Info]: [SPP_AND_LE]app_key_evnet: 2,9

[00:13:28.108][Info]: [SPP_AND_LE]app_key_evnet: 2,9

[00:13:28.258][Info]: [SPP_AND_LE]app_key_evnet: 2,9

IPP
[00:13:28.408][Info]: [SPP_AND_LE]app_key_evnet: 2,9

[00:13:28.558][Info]: [SPP_AND_LE]app_key_evnet: 2,9

[00:13:28.708][Info]: [SPP_AND_LE]app_key_evnet: 2,9

IPP
[00:13:28.858][Info]: [SPP_AND_LE]app_key_evnet: 2,9

[00:13:29.008][Info]: [SPP_AND_LE]app_key_evnet: 2,9

[00:13:29.158][Info]: [SPP_AND_LE]app_key_evnet: 2,9

IPP
[00:13:29.308][Info]: [SPP_AND_LE]app_key_evnet: 2,9

[00:13:29.458][Info]: [SPP_AND_LE]app_key_evnet: 2,9

[00:13:29.608][Info]: [SPP_AND_LE]app_key_evnet: 2,9

[00:13:29.758][Info]: [SPP_AND_LE]app_key_evnet: 2,9

IPP
[00:13:29.908][Info]: [SPP_AND_LE]app_key_evnet: 2,9

[00:13:30.058][Info]: [SPP_AND_LE]app_key_evnet: 2,9

[00:13:30.208][Info]: [SPP_AND_LE]app_key_evnet: 2,9

IPP
[00:13:30.357][Info]: [SPP_AND_LE]app_key_evnet: 2,9

[00:13:30.366][BLE_TRANS]WTYI dynamic name switch to: WTYI_BT_TEST_B
 
[00:13:30.368][Info]: [GATT_SERVER]adv_en:0

[00:13:30.368][Info]: [GATT_SERVER]server_work_st:20->2

[00:13:30.369][BLE_TRANS]server_state: handle=00,02
 
[00:13:30.371][Info]: [GATT_COMM]ble_comm_set_config_name

[00:13:30.372][Info]: [GATT_COMM]ble name(19): WTYI_BT_TEST_B(BLE) 

[00:13:30.373][BLE_TRANS]trans_adv_data(28): 
02 01 06 03 03 30 AF 14 09 57 54 59 49 5F 42 54 
5F 54 45 53 54 5F 42 28 42 4C 45 29 
[00:13:30.375][BLE_TRANS]rsp_data(0): 
[00:13:30.376][Info]: [GATT_SERVER]__gatt_server_just_new_dev_adv

[00:13:30.377][Info]: [GATT_SERVER]new_dev_adv

[00:13:30.378][Info]: [GATT_SERVER]adv_en:1

[00:13:30.378][Info]: [GATT_SERVER]server_work_st:2->20

[00:13:30.379][BLE_TRANS]server_state: handle=00,20
 
[00:13:30.508][Info]: [SPP_AND_LE]app_key_evnet: 2,9

[00:13:30.658][Info]: [SPP_AND_LE]app_key_evnet: 2,9

IPP
[00:13:30.808][Info]: [SPP_AND_LE]app_key_evnet: 2,9

[00:13:30.958][Info]: [SPP_AND_LE]app_key_evnet: 2,9

[00:13:31.108][Info]: [SPP_AND_LE]app_key_evnet: 2,9

[00:13:31.258][Info]: [SPP_AND_LE]app_key_evnet: 2,9

IPP
[00:13:31.408][Info]: [SPP_AND_LE]app_key_evnet: 2,9

[00:13:31.558][Info]: [SPP_AND_LE]app_key_evnet: 2,9

[00:13:31.708][Info]: [SPP_AND_LE]app_key_evnet: 2,9

IPP
[00:13:31.858][Info]: [SPP_AND_LE]app_key_evnet: 2,9

[00:13:32.008][Info]: [SPP_AND_LE]app_key_evnet: 2,9

[00:13:32.158][Info]: [SPP_AND_LE]app_key_evnet: 2,9

IPP
[00:13:32.308][Info]: [SPP_AND_LE]app_key_evnet: 2,9

[00:13:32.458][Info]: [SPP_AND_LE]app_key_evnet: 2,9

[00:13:32.608][Info]: [SPP_AND_LE]app_key_evnet: 2,9

[00:13:32.758][Info]: [SPP_AND_LE]app_key_evnet: 2,9

IPP
[00:13:32.908][Info]: [SPP_AND_LE]app_key_evnet: 2,9

[00:13:33.058][Info]: [SPP_AND_LE]app_key_evnet: 2,9

[00:13:33.208][Info]: [SPP_AND_LE]app_key_evnet: 2,9

IPP
[00:13:33.358][Info]: [SPP_AND_LE]app_key_evnet: 2,9

[00:13:33.508][Info]: [SPP_AND_LE]app_key_evnet: 2,9

[00:13:33.658][Info]: [SPP_AND_LE]app_key_evnet: 2,9

IPP
[00:13:33.808][Info]: [SPP_AND_LE]app_key_evnet: 2,9

[00:13:33.958][Info]: [SPP_AND_LE]app_key_evnet: 2,9

[00:13:34.108][Info]: [SPP_AND_LE]app_key_evnet: 2,9

[00:13:34.258][Info]: [SPP_AND_LE]app_key_evnet: 2,9

IPP
[00:13:34.408][Info]: [SPP_AND_LE]app_key_evnet: 2,9

[00:13:34.558][Info]: [SPP_AND_LE]app_key_evnet: 2,9

[00:13:34.708][Info]: [SPP_AND_LE]app_key_evnet: 2,9

IPP
[00:13:34.858][Info]: [SPP_AND_LE]app_key_evnet: 2,9

[00:13:35.008][Info]: [SPP_AND_LE]app_key_evnet: 2,9

[00:13:35.158][Info]: [SPP_AND_LE]app_key_evnet: 2,9

IPP
[00:13:35.308][Info]: [SPP_AND_LE]app_key_evnet: 2,9

[00:13:35.458][Info]: [SPP_AND_LE]app_key_evnet: 2,9

[00:13:35.608][Info]: [SPP_AND_LE]app_key_evnet: 2,9

[00:13:35.758][Info]: [SPP_AND_LE]app_key_evnet: 2,9

IPP
[00:13:35.908][Info]: [SPP_AND_LE]app_key_evnet: 2,9

[00:13:36.058][Info]: [SPP_AND_LE]app_key_evnet: 2,9

[00:13:36.208][Info]: [SPP_AND_LE]app_key_evnet: 2,9

IPP
[00:13:36.358][Info]: [SPP_AND_LE]app_key_evnet: 2,9

[00:13:36.508][Info]: [SPP_AND_LE]app_key_evnet: 2,9

[00:13:36.658][Info]: [SPP_AND_LE]app_key_evnet: 2,9

IPP
[00:13:36.808][Info]: [SPP_AND_LE]app_key_evnet: 2,9

[00:13:36.958][Info]: [SPP_AND_LE]app_key_evnet: 2,9

[00:13:37.108][Info]: [SPP_AND_LE]app_key_evnet: 2,9

[00:13:37.258][Info]: [SPP_AND_LE]app_key_evnet: 2,9

IPP
[00:13:37.408][Info]: [SPP_AND_LE]app_key_evnet: 2,9

[00:13:37.558][Info]: [SPP_AND_LE]app_key_evnet: 2,9

[00:13:37.708][Info]: [SPP_AND_LE]app_key_evnet: 2,9

IPP
[00:13:37.858][Info]: [SPP_AND_LE]app_key_evnet: 2,9

[00:13:38.008][Info]: [SPP_AND_LE]app_key_evnet: 2,9

[00:13:38.158][Info]: [SPP_AND_LE]app_key_evnet: 2,9

IPP
[00:13:38.308][Info]: [SPP_AND_LE]app_key_evnet: 2,9

[00:13:38.458][Info]: [SPP_AND_LE]app_key_evnet: 2,9

[00:13:38.608][Info]: [SPP_AND_LE]app_key_evnet: 2,9

[00:13:38.758][Info]: [SPP_AND_LE]app_key_evnet: 2,9

IPP
[00:13:38.908][Info]: [SPP_AND_LE]app_key_evnet: 2,9

[00:13:39.058][Info]: [SPP_AND_LE]app_key_evnet: 2,9

[00:13:39.208][Info]: [SPP_AND_LE]app_key_evnet: 2,9

IPP
[00:13:39.358][Info]: [SPP_AND_LE]app_key_evnet: 2,9

[00:13:39.508][Info]: [SPP_AND_LE]app_key_evnet: 2,9

[00:13:39.658][Info]: [SPP_AND_LE]app_key_evnet: 2,9

IPP
[00:13:39.808][Info]: [SPP_AND_LE]app_key_evnet: 2,9

[00:13:39.958][Info]: [SPP_AND_LE]app_key_evnet: 2,9

[00:13:40.108][Info]: [SPP_AND_LE]app_key_evnet: 2,9

[00:13:40.258][Info]: [SPP_AND_LE]app_key_evnet: 2,9

IPP
[00:13:40.366][BLE_TRANS]WTYI dynamic name switch to: WTYI_BT_TEST
 
[00:13:40.368][Info]: [GATT_SERVER]adv_en:0

[00:13:40.368][Info]: [GATT_SERVER]server_work_st:20->2

[00:13:40.369][BLE_TRANS]server_state: handle=00,02
 
[00:13:40.371][Info]: [GATT_COMM]ble_comm_set_config_name

[00:13:40.372][Info]: [GATT_COMM]ble name(17): WTYI_BT_TEST(BLE) 

[00:13:40.373][BLE_TRANS]trans_adv_data(26): 
02 01 06 03 03 30 AF 12 09 57 54 59 49 5F 42 54 
5F 54 45 53 54 28 42 4C 45 29 
[00:13:40.375][BLE_TRANS]rsp_data(0): 
[00:13:40.376][Info]: [GATT_SERVER]__gatt_server_just_new_dev_adv

[00:13:40.377][Info]: [GATT_SERVER]new_dev_adv

[00:13:40.378][Info]: [GATT_SERVER]adv_en:1

[00:13:40.378][Info]: [GATT_SERVER]server_work_st:2->20

[00:13:40.379][BLE_TRANS]server_state: handle=00,20
 
[00:13:40.408][Info]: [SPP_AND_LE]app_key_evnet: 2,9

[00:13:40.558][Info]: [SPP_AND_LE]app_key_evnet: 2,9

[00:13:40.708][Info]: [SPP_AND_LE]app_key_evnet: 2,9

IPP
[00:13:40.858][Info]: [SPP_AND_LE]app_key_evnet: 2,9

[00:13:41.008][Info]: [SPP_AND_LE]app_key_evnet: 2,9

[00:13:41.158][Info]: [SPP_AND_LE]app_key_evnet: 2,9

IPP
[00:13:41.308][Info]: [SPP_AND_LE]app_key_evnet: 2,9

[00:13:41.458][Info]: [SPP_AND_LE]app_key_evnet: 2,9

[00:13:41.608][Info]: [SPP_AND_LE]app_key_evnet: 2,9

[00:13:41.758][Info]: [SPP_AND_LE]app_key_evnet: 2,9

IPP
[00:13:41.908][Info]: [SPP_AND_LE]app_key_evnet: 2,9

[00:13:42.058][Info]: [SPP_AND_LE]app_key_evnet: 2,9

[00:13:42.208][Info]: [SPP_AND_LE]app_key_evnet: 2,9

IPP
[00:13:42.358][Info]: [SPP_AND_LE]app_key_evnet: 2,9

[00:13:42.508][Info]: [SPP_AND_LE]app_key_evnet: 2,9

[00:13:42.658][Info]: [SPP_AND_LE]app_key_evnet: 2,9

IPP
[00:13:42.808][Info]: [SPP_AND_LE]app_key_evnet: 2,9

[00:13:42.958][Info]: [SPP_AND_LE]app_key_evnet: 2,9

[00:13:43.108][Info]: [SPP_AND_LE]app_key_evnet: 2,9

[00:13:43.258][Info]: [SPP_AND_LE]app_key_evnet: 2,9

IPP
[00:13:43.408][Info]: [SPP_AND_LE]app_key_evnet: 2,9

[00:13:43.558][Info]: [SPP_AND_LE]app_key_evnet: 2,9

[00:13:43.708][Info]: [SPP_AND_LE]app_key_evnet: 2,9

IPP
[00:13:43.858][Info]: [SPP_AND_LE]app_key_evnet: 2,9

[00:13:44.008][Info]: [SPP_AND_LE]app_key_evnet: 2,9

[00:13:44.158][Info]: [SPP_AND_LE]app_key_evnet: 2,9

IPP
[00:13:44.308][Info]: [SPP_AND_LE]app_key_evnet: 2,9

[00:13:44.458][Info]: [SPP_AND_LE]app_key_evnet: 2,9

[00:13:44.608][Info]: [SPP_AND_LE]app_key_evnet: 2,9

[00:13:44.758][Info]: [SPP_AND_LE]app_key_evnet: 2,9

IPP
[00:13:44.908][Info]: [SPP_AND_LE]app_key_evnet: 2,9

[00:13:45.058][Info]: [SPP_AND_LE]app_key_evnet: 2,9

[00:13:45.208][Info]: [SPP_AND_LE]app_key_evnet: 2,9

IPP
[00:13:45.358][Info]: [SPP_AND_LE]app_key_evnet: 2,9

[00:13:45.508][Info]: [SPP_AND_LE]app_key_evnet: 2,9

[00:13:45.658][Info]: [SPP_AND_LE]app_key_evnet: 2,9

IPP
[00:13:45.808][Info]: [SPP_AND_LE]app_key_evnet: 2,9

[00:13:45.958][Info]: [SPP_AND_LE]app_key_evnet: 2,9

[00:13:46.108][Info]: [SPP_AND_LE]app_key_evnet: 2,9

[00:13:46.258][Info]: [SPP_AND_LE]app_key_evnet: 2,9

IPPP
[00:13:46.408][Info]: [SPP_AND_LE]app_key_evnet: 2,9

[00:13:46.558][Info]: [SPP_AND_LE]app_key_evnet: 2,9

[00:13:46.708][Info]: [SPP_AND_LE]app_key_evnet: 2,9

IPP
[00:13:46.858][Info]: [SPP_AND_LE]app_key_evnet: 2,9

[00:13:47.008][Info]: [SPP_AND_LE]app_key_evnet: 2,9

[00:13:47.158][Info]: [SPP_AND_LE]app_key_evnet: 2,9

IPP
[00:13:47.308][Info]: [SPP_AND_LE]app_key_evnet: 2,9

[00:13:47.458][Info]: [SPP_AND_LE]app_key_evnet: 2,9

[00:13:47.608][Info]: [SPP_AND_LE]app_key_evnet: 2,9

[00:13:47.758][Info]: [SPP_AND_LE]app_key_evnet: 2,9

IPP
[00:13:47.908][Info]: [SPP_AND_LE]app_key_evnet: 2,9

[00:13:48.058][Info]: [SPP_AND_LE]app_key_evnet: 2,9

[00:13:48.208][Info]: [SPP_AND_LE]app_key_evnet: 2,9

IPP
[00:13:48.358][Info]: [SPP_AND_LE]app_key_evnet: 2,9

[00:13:48.508][Info]: [SPP_AND_LE]app_key_evnet: 2,9

[00:13:48.658][Info]: [SPP_AND_LE]app_key_evnet: 2,9

IPP
[00:13:48.808][Info]: [SPP_AND_LE]app_key_evnet: 2,9

[00:13:48.958][Info]: [SPP_AND_LE]app_key_evnet: 2,9

[00:13:49.108][Info]: [SPP_AND_LE]app_key_evnet: 2,9

[00:13:49.258][Info]: [SPP_AND_LE]app_key_evnet: 2,9

IPP
[00:13:49.408][Info]: [SPP_AND_LE]app_key_evnet: 2,9

[00:13:49.558][Info]: [SPP_AND_LE]app_key_evnet: 2,9

[00:13:49.708][Info]: [SPP_AND_LE]app_key_evnet: 2,9

IPP
[00:13:49.858][Info]: [SPP_AND_LE]app_key_evnet: 2,9

[00:13:50.008][Info]: [SPP_AND_LE]app_key_evnet: 2,9

[00:13:50.158][Info]: [SPP_AND_LE]app_key_evnet: 2,9

IPP
[00:13:50.308][Info]: [SPP_AND_LE]app_key_evnet: 2,9

[00:13:50.366][BLE_TRANS]WTYI dynamic name switch to: WTYI_BT_TEST_B
 
[00:13:50.368][Info]: [GATT_SERVER]adv_en:0

[00:13:50.368][Info]: [GATT_SERVER]server_work_st:20->2

[00:13:50.369][BLE_TRANS]server_state: handle=00,02
 
[00:13:50.371][Info]: [GATT_COMM]ble_comm_set_config_name

[00:13:50.372][Info]: [GATT_COMM]ble name(19): WTYI_BT_TEST_B(BLE) 

[00:13:50.373][BLE_TRANS]trans_adv_data(28): 
02 01 06 03 03 30 AF 14 09 57 54 59 49 5F 42 54 
5F 54 45 53 54 5F 42 28 42 4C 45 29 
[00:13:50.375][BLE_TRANS]rsp_data(0): 
[00:13:50.376][Info]: [GATT_SERVER]__gatt_server_just_new_dev_adv

[00:13:50.377][Info]: [GATT_SERVER]new_dev_adv

[00:13:50.378][Info]: [GATT_SERVER]adv_en:1

[00:13:50.378][Info]: [GATT_SERVER]server_work_st:2->20

[00:13:50.379][BLE_TRANS]server_state: handle=00,20
 
[00:13:50.458][Info]: [SPP_AND_LE]app_key_evnet: 2,9

[00:13:50.608][Info]: [SPP_AND_LE]app_key_evnet: 2,9

[00:13:50.758][Info]: [SPP_AND_LE]app_key_evnet: 2,9

IPP
[00:13:50.908][Info]: [SPP_AND_LE]app_key_evnet: 2,9

[00:13:51.058][Info]: [SPP_AND_LE]app_key_evnet: 2,9

[00:13:51.208][Info]: [SPP_AND_LE]app_key_evnet: 2,9

IPP
[00:13:51.358][Info]: [SPP_AND_LE]app_key_evnet: 2,9

[00:13:51.508][Info]: [SPP_AND_LE]app_key_evnet: 2,9

[00:13:51.658][Info]: [SPP_AND_LE]app_key_evnet: 2,9

IPP
[00:13:51.808][Info]: [SPP_AND_LE]app_key_evnet: 2,9

[00:13:51.958][Info]: [SPP_AND_LE]app_key_evnet: 2,9

[00:13:52.108][Info]: [SPP_AND_LE]app_key_evnet: 2,9

[00:13:52.258][Info]: [SPP_AND_LE]app_key_evnet: 2,9

IPP
[00:13:52.408][Info]: [SPP_AND_LE]app_key_evnet: 2,9

[00:13:52.558][Info]: [SPP_AND_LE]app_key_evnet: 2,9

[00:13:52.708][Info]: [SPP_AND_LE]app_key_evnet: 2,9

IPP
[00:13:52.858][Info]: [SPP_AND_LE]app_key_evnet: 2,9

[00:13:53.008][Info]: [SPP_AND_LE]app_key_evnet: 2,9

[00:13:53.158][Info]: [SPP_AND_LE]app_key_evnet: 2,9

IPP
[00:13:53.308][Info]: [SPP_AND_LE]app_key_evnet: 2,9

[00:13:53.458][Info]: [SPP_AND_LE]app_key_evnet: 2,9

[00:13:53.608][Info]: [SPP_AND_LE]app_key_evnet: 2,9

[00:13:53.758][Info]: [SPP_AND_LE]app_key_evnet: 2,9

IPP
[00:13:53.908][Info]: [SPP_AND_LE]app_key_evnet: 2,9

[00:13:54.058][Info]: [SPP_AND_LE]app_key_evnet: 2,9

[00:13:54.208][Info]: [SPP_AND_LE]app_key_evnet: 2,9

IPP
[00:13:54.358][Info]: [SPP_AND_LE]app_key_evnet: 2,9

[00:13:54.508][Info]: [SPP_AND_LE]app_key_evnet: 2,9

[00:13:54.658][Info]: [SPP_AND_LE]app_key_evnet: 2,9

IPP
[00:13:54.808][Info]: [SPP_AND_LE]app_key_evnet: 2,9

[00:13:54.958][Info]: [SPP_AND_LE]app_key_evnet: 2,9

[00:13:55.108][Info]: [SPP_AND_LE]app_key_evnet: 2,9

[00:13:55.258][Info]: [SPP_AND_LE]app_key_evnet: 2,9

IPP
[00:13:55.408][Info]: [SPP_AND_LE]app_key_evnet: 2,9

[00:13:55.558][Info]: [SPP_AND_LE]app_key_evnet: 2,9

[00:13:55.708][Info]: [SPP_AND_LE]app_key_evnet: 2,9

IPP
[00:13:55.858][Info]: [SPP_AND_LE]app_key_evnet: 2,9

[00:13:56.008][Info]: [SPP_AND_LE]app_key_evnet: 2,9

[00:13:56.158][Info]: [SPP_AND_LE]app_key_evnet: 2,9

IPP
[00:13:56.308][Info]: [SPP_AND_LE]app_key_evnet: 2,9

[00:13:56.458][Info]: [SPP_AND_LE]app_key_evnet: 2,9

[00:13:56.608][Info]: [SPP_AND_LE]app_key_evnet: 2,9

[00:13:56.758][Info]: [SPP_AND_LE]app_key_evnet: 2,9

IPP
[00:13:56.908][Info]: [SPP_AND_LE]app_key_evnet: 2,9

[00:13:57.058][Info]: [SPP_AND_LE]app_key_evnet: 2,9

[00:13:57.208][Info]: [SPP_AND_LE]app_key_evnet: 2,9

IPP
[00:13:57.358][Info]: [SPP_AND_LE]app_key_evnet: 2,9

[00:13:57.508][Info]: [SPP_AND_LE]app_key_evnet: 2,9

[00:13:57.658][Info]: [SPP_AND_LE]app_key_evnet: 2,9

IPP
[00:13:57.808][Info]: [SPP_AND_LE]app_key_evnet: 2,9

[00:13:57.958][Info]: [SPP_AND_LE]app_key_evnet: 2,9

[00:13:58.108][Info]: [SPP_AND_LE]app_key_evnet: 2,9

[00:13:58.258][Info]: [SPP_AND_LE]app_key_evnet: 2,9

IPP
[00:13:58.408][Info]: [SPP_AND_LE]app_key_evnet: 2,9

[00:13:58.558][Info]: [SPP_AND_LE]app_key_evnet: 2,9

[00:13:58.708][Info]: [SPP_AND_LE]app_key_evnet: 2,9

IPP
[00:13:58.858][Info]: [SPP_AND_LE]app_key_evnet: 2,9

[00:13:59.008][Info]: [SPP_AND_LE]app_key_evnet: 2,9

[00:13:59.158][Info]: [SPP_AND_LE]app_key_evnet: 2,9

IPP
[00:13:59.308][Info]: [SPP_AND_LE]app_key_evnet: 2,9

[00:13:59.458][Info]: [SPP_AND_LE]app_key_evnet: 2,9

[00:13:59.608][Info]: [SPP_AND_LE]app_key_evnet: 2,9

[00:13:59.758][Info]: [SPP_AND_LE]app_key_evnet: 2,9

IPP
[00:13:59.908][Info]: [SPP_AND_LE]app_key_evnet: 2,9

[00:14:00.058][Info]: [SPP_AND_LE]app_key_evnet: 2,9

[00:14:00.208][Info]: [SPP_AND_LE]app_key_evnet: 2,9

IPP
[00:14:00.357][Info]: [SPP_AND_LE]app_key_evnet: 2,9

[00:14:00.366][BLE_TRANS]WTYI dynamic name switch to: WTYI_BT_TEST
 
[00:14:00.368][Info]: [GATT_SERVER]adv_en:0

[00:14:00.368][Info]: [GATT_SERVER]server_work_st:20->2

[00:14:00.369][BLE_TRANS]server_state: handle=00,02
 
[00:14:00.371][Info]: [GATT_COMM]ble_comm_set_config_name

[00:14:00.372][Info]: [GATT_COMM]ble name(17): WTYI_BT_TEST(BLE) 

[00:14:00.373][BLE_TRANS]trans_adv_data(26): 
02 01 06 03 03 30 AF 12 09 57 54 59 49 5F 42 54 
5F 54 45 53 54 28 42 4C 45 29 
[00:14:00.375][BLE_TRANS]rsp_data(0): 
[00:14:00.376][Info]: [GATT_SERVER]__gatt_server_just_new_dev_adv

[00:14:00.376][Info]: [GATT_SERVER]new_dev_adv

[00:14:00.378][Info]: [GATT_SERVER]adv_en:1

[00:14:00.378][Info]: [GATT_SERVER]server_work_st:2->20

[00:14:00.379][BLE_TRANS]server_state: handle=00,20
 
[00:14:00.508][Info]: [SPP_AND_LE]app_key_evnet: 2,9

[00:14:00.658][Info]: [SPP_AND_LE]app_key_evnet: 2,9

IPP
[00:14:00.808][Info]: [SPP_AND_LE]app_key_evnet: 2,9

[00:14:00.958][Info]: [SPP_AND_LE]app_key_evnet: 2,9

[00:14:01.108][Info]: [SPP_AND_LE]app_key_evnet: 2,9

[00:14:01.258][Info]: [SPP_AND_LE]app_key_evnet: 2,9

IPP
[00:14:01.408][Info]: [SPP_AND_LE]app_key_evnet: 2,9

[00:14:01.558][Info]: [SPP_AND_LE]app_key_evnet: 2,9

[00:14:01.708][Info]: [SPP_AND_LE]app_key_evnet: 2,9

IPP
[00:14:01.858][Info]: [SPP_AND_LE]app_key_evnet: 2,9

[00:14:02.008][Info]: [SPP_AND_LE]app_key_evnet: 2,9

[00:14:02.158][Info]: [SPP_AND_LE]app_key_evnet: 2,9

IPP
[00:14:02.308][Info]: [SPP_AND_LE]app_key_evnet: 2,9

[00:14:02.458][Info]: [SPP_AND_LE]app_key_evnet: 2,9

[00:14:02.608][Info]: [SPP_AND_LE]app_key_evnet: 2,9

[00:14:02.758][Info]: [SPP_AND_LE]app_key_evnet: 2,9

IPP
[00:14:02.908][Info]: [SPP_AND_LE]app_key_evnet: 2,9

[00:14:03.058][Info]: [SPP_AND_LE]app_key_evnet: 2,9

[00:14:03.208][Info]: [SPP_AND_LE]app_key_evnet: 2,9

IPP
[00:14:03.358][Info]: [SPP_AND_LE]app_key_evnet: 2,9

[00:14:03.508][Info]: [SPP_AND_LE]app_key_evnet: 2,9

[00:14:03.658][Info]: [SPP_AND_LE]app_key_evnet: 2,9

IP
[00:14:03.808][Info]: [SPP_AND_LE]app_key_evnet: 2,9

P
[00:14:03.958][Info]: [SPP_AND_LE]app_key_evnet: 2,9

[00:14:04.108][Info]: [SPP_AND_LE]app_key_evnet: 2,9

[00:14:04.258][Info]: [SPP_AND_LE]app_key_evnet: 2,9

IPP
[00:14:04.408][Info]: [SPP_AND_LE]app_key_evnet: 2,9

[00:14:04.558][Info]: [SPP_AND_LE]app_key_evnet: 2,9

[00:14:04.708][Info]: [SPP_AND_LE]app_key_evnet: 2,9

IPP
[00:14:04.858][Info]: [SPP_AND_LE]app_key_evnet: 2,9

[00:14:05.008][Info]: [SPP_AND_LE]app_key_evnet: 2,9

[00:14:05.158][Info]: [SPP_AND_LE]app_key_evnet: 2,9

IP
[00:14:05.308][Info]: [SPP_AND_LE]app_key_evnet: 2,9

P
[00:14:05.458][Info]: [SPP_AND_LE]app_key_evnet: 2,9

[00:14:05.608][Info]: [SPP_AND_LE]app_key_evnet: 2,9

[00:14:05.758][Info]: [SPP_AND_LE]app_key_evnet: 2,9

IPP
[00:14:05.908][Info]: [SPP_AND_LE]app_key_evnet: 2,9

[00:14:06.058][Info]: [SPP_AND_LE]app_key_evnet: 2,9

[00:14:06.208][Info]: [SPP_AND_LE]app_key_evnet: 2,9

IPP
[00:14:06.358][Info]: [SPP_AND_LE]app_key_evnet: 2,9

[00:14:06.508][Info]: [SPP_AND_LE]app_key_evnet: 2,9

[00:14:06.658][Info]: [SPP_AND_LE]app_key_evnet: 2,9

IP
[00:14:06.808][Info]: [SPP_AND_LE]app_key_evnet: 2,9

P
[00:14:06.958][Info]: [SPP_AND_LE]app_key_evnet: 2,9

[00:14:07.108][Info]: [SPP_AND_LE]app_key_evnet: 2,9

[00:14:07.258][Info]: [SPP_AND_LE]app_key_evnet: 2,9

IPP
[00:14:07.408][Info]: [SPP_AND_LE]app_key_evnet: 2,9

[00:14:07.558][Info]: [SPP_AND_LE]app_key_evnet: 2,9

[00:14:07.708][Info]: [SPP_AND_LE]app_key_evnet: 2,9

IPP
[00:14:07.858][Info]: [SPP_AND_LE]app_key_evnet: 2,9

[00:14:08.008][Info]: [SPP_AND_LE]app_key_evnet: 2,9

[00:14:08.158][Info]: [SPP_AND_LE]app_key_evnet: 2,9

IP
[00:14:08.308][Info]: [SPP_AND_LE]app_key_evnet: 2,9

P
[00:14:08.458][Info]: [SPP_AND_LE]app_key_evnet: 2,9

[00:14:08.608][Info]: [SPP_AND_LE]app_key_evnet: 2,9

[00:14:08.758][Info]: [SPP_AND_LE]app_key_evnet: 2,9

IPP
[00:14:08.908][Info]: [SPP_AND_LE]app_key_evnet: 2,9

[00:14:09.058][Info]: [SPP_AND_LE]app_key_evnet: 2,9

[00:14:09.208][Info]: [SPP_AND_LE]app_key_evnet: 2,9

IPP
[00:14:09.358][Info]: [SPP_AND_LE]app_key_evnet: 2,9

[00:14:09.508][Info]: [SPP_AND_LE]app_key_evnet: 2,9

[00:14:09.658][Info]: [SPP_AND_LE]app_key_evnet: 2,9

IP
[00:14:09.808][Info]: [SPP_AND_LE]app_key_evnet: 2,9

P
[00:14:09.958][Info]: [SPP_AND_LE]app_key_evnet: 2,9

[00:14:10.108][Info]: [SPP_AND_LE]app_key_evnet: 2,9

[00:14:10.258][Info]: [SPP_AND_LE]app_key_evnet: 2,9

IPP
[00:14:10.366][BLE_TRANS]WTYI dynamic name switch to: WTYI_BT_TEST_B
 
[00:14:10.368][Info]: [GATT_SERVER]adv_en:0

[00:14:10.368][Info]: [GATT_SERVER]server_work_st:20->2

[00:14:10.369][BLE_TRANS]server_state: handle=00,02
 
[00:14:10.371][Info]: [GATT_COMM]ble_comm_set_config_name

[00:14:10.372][Info]: [GATT_COMM]ble name(19): WTYI_BT_TEST_B(BLE) 

[00:14:10.373][BLE_TRANS]trans_adv_data(28): 
02 01 06 03 03 30 AF 14 09 57 54 59 49 5F 42 54 
5F 54 45 53 54 5F 42 28 42 4C 45 29 
[00:14:10.375][BLE_TRANS]rsp_data(0): 
[00:14:10.376][Info]: [GATT_SERVER]__gatt_server_just_new_dev_adv

[00:14:10.377][Info]: [GATT_SERVER]new_dev_adv

[00:14:10.378][Info]: [GATT_SERVER]adv_en:1

[00:14:10.378][Info]: [GATT_SERVER]server_work_st:2->20

[00:14:10.379][BLE_TRANS]server_state: handle=00,20
 
[00:14:10.408][Info]: [SPP_AND_LE]app_key_evnet: 2,9

[00:14:10.558][Info]: [SPP_AND_LE]app_key_evnet: 2,9

[00:14:10.708][Info]: [SPP_AND_LE]app_key_evnet: 2,9

IPP
[00:14:10.858][Info]: [SPP_AND_LE]app_key_evnet: 2,9

[00:14:11.008][Info]: [SPP_AND_LE]app_key_evnet: 2,9

[00:14:11.158][Info]: [SPP_AND_LE]app_key_evnet: 2,9

IP
[00:14:11.308][Info]: [SPP_AND_LE]app_key_evnet: 2,9

P
[00:14:11.458][Info]: [SPP_AND_LE]app_key_evnet: 2,9

[00:14:11.608][Info]: [SPP_AND_LE]app_key_evnet: 2,9

[00:14:11.758][Info]: [SPP_AND_LE]app_key_evnet: 2,9

IPP
[00:14:11.908][Info]: [SPP_AND_LE]app_key_evnet: 2,9

[00:14:12.058][Info]: [SPP_AND_LE]app_key_evnet: 2,9

[00:14:12.208][Info]: [SPP_AND_LE]app_key_evnet: 2,9

IPP
[00:14:12.358][Info]: [SPP_AND_LE]app_key_evnet: 2,9

[00:14:12.508][Info]: [SPP_AND_LE]app_key_evnet: 2,9

[00:14:12.658][Info]: [SPP_AND_LE]app_key_evnet: 2,9

IP
[00:14:12.808][Info]: [SPP_AND_LE]app_key_evnet: 2,9

P
[00:14:12.958][Info]: [SPP_AND_LE]app_key_evnet: 2,9

[00:14:13.108][Info]: [SPP_AND_LE]app_key_evnet: 2,9

[00:14:13.258][Info]: [SPP_AND_LE]app_key_evnet: 2,9

IPP
[00:14:13.408][Info]: [SPP_AND_LE]app_key_evnet: 2,9

[00:14:13.558][Info]: [SPP_AND_LE]app_key_evnet: 2,9

[00:14:13.708][Info]: [SPP_AND_LE]app_key_evnet: 2,9

IPP
[00:14:13.858][Info]: [SPP_AND_LE]app_key_evnet: 2,9

[00:14:14.008][Info]: [SPP_AND_LE]app_key_evnet: 2,9

[00:14:14.158][Info]: [SPP_AND_LE]app_key_evnet: 2,9

IP
[00:14:14.308][Info]: [SPP_AND_LE]app_key_evnet: 2,9

P
[00:14:14.458][Info]: [SPP_AND_LE]app_key_evnet: 2,9

[00:14:14.608][Info]: [SPP_AND_LE]app_key_evnet: 2,9

[00:14:14.758][Info]: [SPP_AND_LE]app_key_evnet: 2,9

IPP
[00:14:14.908][Info]: [SPP_AND_LE]app_key_evnet: 2,9

[00:14:15.058][Info]: [SPP_AND_LE]app_key_evnet: 2,9

[00:14:15.208][Info]: [SPP_AND_LE]app_key_evnet: 2,9

IPP
[00:14:15.358][Info]: [SPP_AND_LE]app_key_evnet: 2,9

[00:14:15.508][Info]: [SPP_AND_LE]app_key_evnet: 2,9

[00:14:15.658][Info]: [SPP_AND_LE]app_key_evnet: 2,9

IP
[00:14:15.808][Info]: [SPP_AND_LE]app_key_evnet: 2,9

P
[00:14:15.958][Info]: [SPP_AND_LE]app_key_evnet: 2,9

[00:14:16.108][Info]: [SPP_AND_LE]app_key_evnet: 2,9

[00:14:16.258][Info]: [SPP_AND_LE]app_key_evnet: 2,9

IPP
[00:14:16.408][Info]: [SPP_AND_LE]app_key_evnet: 2,9

[00:14:16.558][Info]: [SPP_AND_LE]app_key_evnet: 2,9

[00:14:16.708][Info]: [SPP_AND_LE]app_key_evnet: 2,9

IPP
[00:14:16.858][Info]: [SPP_AND_LE]app_key_evnet: 2,9

[00:14:17.008][Info]: [SPP_AND_LE]app_key_evnet: 2,9

[00:14:17.158][Info]: [SPP_AND_LE]app_key_evnet: 2,9

IP
[00:14:17.308][Info]: [SPP_AND_LE]app_key_evnet: 2,9

P
[00:14:17.458][Info]: [SPP_AND_LE]app_key_evnet: 2,9

[00:14:17.608][Info]: [SPP_AND_LE]app_key_evnet: 2,9

[00:14:17.758][Info]: [SPP_AND_LE]app_key_evnet: 2,9

IPP
[00:14:17.908][Info]: [SPP_AND_LE]app_key_evnet: 2,9

[00:14:18.058][Info]: [SPP_AND_LE]app_key_evnet: 2,9

[00:14:18.208][Info]: [SPP_AND_LE]app_key_evnet: 2,9

IPP
[00:14:18.358][Info]: [SPP_AND_LE]app_key_evnet: 2,9

[00:14:18.508][Info]: [SPP_AND_LE]app_key_evnet: 2,9

[00:14:18.658][Info]: [SPP_AND_LE]app_key_evnet: 2,9

IP
[00:14:18.808][Info]: [SPP_AND_LE]app_key_evnet: 2,9

P
[00:14:18.958][Info]: [SPP_AND_LE]app_key_evnet: 2,9

[00:14:19.108][Info]: [SPP_AND_LE]app_key_evnet: 2,9

[00:14:19.258][Info]: [SPP_AND_LE]app_key_evnet: 2,9

IPP
[00:14:19.408][Info]: [SPP_AND_LE]app_key_evnet: 2,9

[00:14:19.558][Info]: [SPP_AND_LE]app_key_evnet: 2,9

[00:14:19.708][Info]: [SPP_AND_LE]app_key_evnet: 2,9

IPP
[00:14:19.858][Info]: [SPP_AND_LE]app_key_evnet: 2,9

[00:14:20.008][Info]: [SPP_AND_LE]app_key_evnet: 2,9

[00:14:20.158][Info]: [SPP_AND_LE]app_key_evnet: 2,9

IP
[00:14:20.308][Info]: [SPP_AND_LE]app_key_evnet: 2,9

P
[00:14:20.366][BLE_TRANS]WTYI dynamic name switch to: WTYI_BT_TEST
 
[00:14:20.368][Info]: [GATT_SERVER]adv_en:0

[00:14:20.368][Info]: [GATT_SERVER]server_work_st:20->2

[00:14:20.369][BLE_TRANS]server_state: handle=00,02
 
[00:14:20.371][Info]: [GATT_COMM]ble_comm_set_config_name

[00:14:20.372][Info]: [GATT_COMM]ble name(17): WTYI_BT_TEST(BLE) 

[00:14:20.373][BLE_TRANS]trans_adv_data(26): 
02 01 06 03 03 30 AF 12 09 57 54 59 49 5F 42 54 
5F 54 45 53 54 28 42 4C 45 29 
[00:14:20.375][BLE_TRANS]rsp_data(0): 
[00:14:20.376][Info]: [GATT_SERVER]__gatt_server_just_new_dev_adv

[00:14:20.377][Info]: [GATT_SERVER]new_dev_adv

[00:14:20.378][Info]: [GATT_SERVER]adv_en:1

[00:14:20.378][Info]: [GATT_SERVER]server_work_st:2->20

[00:14:20.379][BLE_TRANS]server_state: handle=00,20
 
[00:14:20.458][Info]: [SPP_AND_LE]app_key_evnet: 2,9

[00:14:20.608][Info]: [SPP_AND_LE]app_key_evnet: 2,9

[00:14:20.758][Info]: [SPP_AND_LE]app_key_evnet: 2,9

IPP
[00:14:20.908][Info]: [SPP_AND_LE]app_key_evnet: 2,9

[00:14:21.058][Info]: [SPP_AND_LE]app_key_evnet: 2,9

[00:14:21.208][Info]: [SPP_AND_LE]app_key_evnet: 2,9

IPP
[00:14:21.358][Info]: [SPP_AND_LE]app_key_evnet: 2,9

[00:14:21.508][Info]: [SPP_AND_LE]app_key_evnet: 2,9

[00:14:21.658][Info]: [SPP_AND_LE]app_key_evnet: 2,9

IP
[00:14:21.808][Info]: [SPP_AND_LE]app_key_evnet: 2,9

P
[00:14:21.958][Info]: [SPP_AND_LE]app_key_evnet: 2,9

[00:14:22.108][Info]: [SPP_AND_LE]app_key_evnet: 2,9

[00:14:22.258][Info]: [SPP_AND_LE]app_key_evnet: 2,9

IPP
[00:14:22.408][Info]: [SPP_AND_LE]app_key_evnet: 2,9

[00:14:22.558][Info]: [SPP_AND_LE]app_key_evnet: 2,9

[00:14:22.708][Info]: [SPP_AND_LE]app_key_evnet: 2,9

IPP
[00:14:22.858][Info]: [SPP_AND_LE]app_key_evnet: 2,9

[00:14:23.008][Info]: [SPP_AND_LE]app_key_evnet: 2,9

[00:14:23.158][Info]: [SPP_AND_LE]app_key_evnet: 2,9

IP
[00:14:23.308][Info]: [SPP_AND_LE]app_key_evnet: 2,9

P
[00:14:23.458][Info]: [SPP_AND_LE]app_key_evnet: 2,9

[00:14:23.608][Info]: [SPP_AND_LE]app_key_evnet: 2,9

[00:14:23.758][Info]: [SPP_AND_LE]app_key_evnet: 2,9

IPP
[00:14:23.908][Info]: [SPP_AND_LE]app_key_evnet: 2,9

[00:14:24.058][Info]: [SPP_AND_LE]app_key_evnet: 2,9

[00:14:24.208][Info]: [SPP_AND_LE]app_key_evnet: 2,9

IPP
[00:14:24.358][Info]: [SPP_AND_LE]app_key_evnet: 2,9

[00:14:24.508][Info]: [SPP_AND_LE]app_key_evnet: 2,9

[00:14:24.658][Info]: [SPP_AND_LE]app_key_evnet: 2,9

I
[00:14:24.808][Info]: [SPP_AND_LE]app_key_evnet: 2,9

PP
[00:14:24.958][Info]: [SPP_AND_LE]app_key_evnet: 2,9

[00:14:25.108][Info]: [SPP_AND_LE]app_key_evnet: 2,9

[00:14:25.258][Info]: [SPP_AND_LE]app_key_evnet: 2,9

IPP
[00:14:25.408][Info]: [SPP_AND_LE]app_key_evnet: 2,9

[00:14:25.558][Info]: [SPP_AND_LE]app_key_evnet: 2,9

[00:14:25.708][Info]: [SPP_AND_LE]app_key_evnet: 2,9

IPP
[00:14:25.858][Info]: [SPP_AND_LE]app_key_evnet: 2,9

[00:14:26.008][Info]: [SPP_AND_LE]app_key_evnet: 2,9

[00:14:26.158][Info]: [SPP_AND_LE]app_key_evnet: 2,9

I
[00:14:26.308][Info]: [SPP_AND_LE]app_key_evnet: 2,9

PP
[00:14:26.458][Info]: [SPP_AND_LE]app_key_evnet: 2,9

[00:14:26.608][Info]: [SPP_AND_LE]app_key_evnet: 2,9

[00:14:26.758][Info]: [SPP_AND_LE]app_key_evnet: 2,9

IPP
[00:14:26.908][Info]: [SPP_AND_LE]app_key_evnet: 2,9

[00:14:27.058][Info]: [SPP_AND_LE]app_key_evnet: 2,9

[00:14:27.208][Info]: [SPP_AND_LE]app_key_evnet: 2,9

IPP
[00:14:27.358][Info]: [SPP_AND_LE]app_key_evnet: 2,9

[00:14:27.508][Info]: [SPP_AND_LE]app_key_evnet: 2,9

[00:14:27.658][Info]: [SPP_AND_LE]app_key_evnet: 2,9

I
[00:14:27.808][Info]: [SPP_AND_LE]app_key_evnet: 2,9

PP
[00:14:27.958][Info]: [SPP_AND_LE]app_key_evnet: 2,9

[00:14:28.108][Info]: [SPP_AND_LE]app_key_evnet: 2,9

[00:14:28.258][Info]: [SPP_AND_LE]app_key_evnet: 2,9

IPP
[00:14:28.408][Info]: [SPP_AND_LE]app_key_evnet: 2,9

[00:14:28.558][Info]: [SPP_AND_LE]app_key_evnet: 2,9

[00:14:28.708][Info]: [SPP_AND_LE]app_key_evnet: 2,9

IPP
[00:14:28.858][Info]: [SPP_AND_LE]app_key_evnet: 2,9

[00:14:29.008][Info]: [SPP_AND_LE]app_key_evnet: 2,9

[00:14:29.158][Info]: [SPP_AND_LE]app_key_evnet: 2,9

I
[00:14:29.308][Info]: [SPP_AND_LE]app_key_evnet: 2,9

PP
[00:14:29.458][Info]: [SPP_AND_LE]app_key_evnet: 2,9

[00:14:29.608][Info]: [SPP_AND_LE]app_key_evnet: 2,9

[00:14:29.758][Info]: [SPP_AND_LE]app_key_evnet: 2,9

IPP
[00:14:29.908][Info]: [SPP_AND_LE]app_key_evnet: 2,9

[00:14:30.058][Info]: [SPP_AND_LE]app_key_evnet: 2,9

[00:14:30.208][Info]: [SPP_AND_LE]app_key_evnet: 2,9

IPP
[00:14:30.357][Info]: [SPP_AND_LE]app_key_evnet: 2,9

[00:14:30.366][BLE_TRANS]WTYI dynamic name switch to: WTYI_BT_TEST_B
 
[00:14:30.368][Info]: [GATT_SERVER]adv_en:0

[00:14:30.368][Info]: [GATT_SERVER]server_work_st:20->2

[00:14:30.369][BLE_TRANS]server_state: handle=00,02
 
[00:14:30.371][Info]: [GATT_COMM]ble_comm_set_config_name

[00:14:30.372][Info]: [GATT_COMM]ble name(19): WTYI_BT_TEST_B(BLE) 

[00:14:30.373][BLE_TRANS]trans_adv_data(28): 
02 01 06 03 03 30 AF 14 09 57 54 59 49 5F 42 54 
5F 54 45 53 54 5F 42 28 42 4C 45 29 
[00:14:30.375][BLE_TRANS]rsp_data(0): 
[00:14:30.376][Info]: [GATT_SERVER]__gatt_server_just_new_dev_adv

[00:14:30.377][Info]: [GATT_SERVER]new_dev_adv

[00:14:30.378][Info]: [GATT_SERVER]adv_en:1

[00:14:30.378][Info]: [GATT_SERVER]server_work_st:2->20

[00:14:30.379][BLE_TRANS]server_state: handle=00,20
 
[00:14:30.508][Info]: [SPP_AND_LE]app_key_evnet: 2,9

[00:14:30.658][Info]: [SPP_AND_LE]app_key_evnet: 2,9

I
[00:14:30.808][Info]: [SPP_AND_LE]app_key_evnet: 2,9

PP
[00:14:30.958][Info]: [SPP_AND_LE]app_key_evnet: 2,9

[00:14:31.108][Info]: [SPP_AND_LE]app_key_evnet: 2,9

[00:14:31.258][Info]: [SPP_AND_LE]app_key_evnet: 2,9

IPP
[00:14:31.408][Info]: [SPP_AND_LE]app_key_evnet: 2,9

[00:14:31.558][Info]: [SPP_AND_LE]app_key_evnet: 2,9

[00:14:31.708][Info]: [SPP_AND_LE]app_key_evnet: 2,9

IPP
[00:14:31.858][Info]: [SPP_AND_LE]app_key_evnet: 2,9

[00:14:32.008][Info]: [SPP_AND_LE]app_key_evnet: 2,9

[00:14:32.158][Info]: [SPP_AND_LE]app_key_evnet: 2,9

I
[00:14:32.308][Info]: [SPP_AND_LE]app_key_evnet: 2,9

PP
[00:14:32.458][Info]: [SPP_AND_LE]app_key_evnet: 2,9

[00:14:32.608][Info]: [SPP_AND_LE]app_key_evnet: 2,9

[00:14:32.758][Info]: [SPP_AND_LE]app_key_evnet: 2,9

IPP
[00:14:32.908][Info]: [SPP_AND_LE]app_key_evnet: 2,9

[00:14:33.058][Info]: [SPP_AND_LE]app_key_evnet: 2,9

[00:14:33.208][Info]: [SPP_AND_LE]app_key_evnet: 2,9

IPP
[00:14:33.358][Info]: [SPP_AND_LE]app_key_evnet: 2,9

[00:14:33.508][Info]: [SPP_AND_LE]app_key_evnet: 2,9

[00:14:33.658][Info]: [SPP_AND_LE]app_key_evnet: 2,9

I
[00:14:33.808][Info]: [SPP_AND_LE]app_key_evnet: 2,9

PP
[00:14:33.958][Info]: [SPP_AND_LE]app_key_evnet: 2,9

[00:14:34.108][Info]: [SPP_AND_LE]app_key_evnet: 2,9

[00:14:34.258][Info]: [SPP_AND_LE]app_key_evnet: 2,9

IPP
[00:14:34.408][Info]: [SPP_AND_LE]app_key_evnet: 2,9

[00:14:34.558][Info]: [SPP_AND_LE]app_key_evnet: 2,9

[00:14:34.708][Info]: [SPP_AND_LE]app_key_evnet: 2,9

IPP
[00:14:34.858][Info]: [SPP_AND_LE]app_key_evnet: 2,9

[00:14:35.008][Info]: [SPP_AND_LE]app_key_evnet: 2,9

[00:14:35.158][Info]: [SPP_AND_LE]app_key_evnet: 2,9

I
[00:14:35.308][Info]: [SPP_AND_LE]app_key_evnet: 2,9

PP
[00:14:35.458][Info]: [SPP_AND_LE]app_key_evnet: 2,9

[00:14:35.608][Info]: [SPP_AND_LE]app_key_evnet: 2,9

[00:14:35.758][Info]: [SPP_AND_LE]app_key_evnet: 2,9

IPP
[00:14:35.908][Info]: [SPP_AND_LE]app_key_evnet: 2,9

[00:14:36.058][Info]: [SPP_AND_LE]app_key_evnet: 2,9

[00:14:36.208][Info]: [SPP_AND_LE]app_key_evnet: 2,9

IPP
[00:14:36.358][Info]: [SPP_AND_LE]app_key_evnet: 2,9

[00:14:36.508][Info]: [SPP_AND_LE]app_key_evnet: 2,9

[00:14:36.658][Info]: [SPP_AND_LE]app_key_evnet: 2,9

I
[00:14:36.808][Info]: [SPP_AND_LE]app_key_evnet: 2,9

PP
[00:14:36.958][Info]: [SPP_AND_LE]app_key_evnet: 2,9

[00:14:37.108][Info]: [SPP_AND_LE]app_key_evnet: 2,9

[00:14:37.258][Info]: [SPP_AND_LE]app_key_evnet: 2,9

IPP
[00:14:37.408][Info]: [SPP_AND_LE]app_key_evnet: 2,9

[00:14:37.558][Info]: [SPP_AND_LE]app_key_evnet: 2,9

[00:14:37.708][Info]: [SPP_AND_LE]app_key_evnet: 2,9

IPP
[00:14:37.858][Info]: [SPP_AND_LE]app_key_evnet: 2,9

[00:14:38.008][Info]: [SPP_AND_LE]app_key_evnet: 2,9

[00:14:38.158][Info]: [SPP_AND_LE]app_key_evnet: 2,9

I
[00:14:38.308][Info]: [SPP_AND_LE]app_key_evnet: 2,9

PP
[00:14:38.458][Info]: [SPP_AND_LE]app_key_evnet: 2,9

[00:14:38.608][Info]: [SPP_AND_LE]app_key_evnet: 2,9

[00:14:38.758][Info]: [SPP_AND_LE]app_key_evnet: 2,9

IPP
[00:14:38.908][Info]: [SPP_AND_LE]app_key_evnet: 2,9

[00:14:39.058][Info]: [SPP_AND_LE]app_key_evnet: 2,9

[00:14:39.208][Info]: [SPP_AND_LE]app_key_evnet: 2,9

IPP
[00:14:39.358][Info]: [SPP_AND_LE]app_key_evnet: 2,9

[00:14:39.508][Info]: [SPP_AND_LE]app_key_evnet: 2,9

[00:14:39.658][Info]: [SPP_AND_LE]app_key_evnet: 2,9

I
[00:14:39.808][Info]: [SPP_AND_LE]app_key_evnet: 2,9

PP
[00:14:39.958][Info]: [SPP_AND_LE]app_key_evnet: 2,9

[00:14:40.108][Info]: [SPP_AND_LE]app_key_evnet: 2,9

[00:14:40.258][Info]: [SPP_AND_LE]app_key_evnet: 2,9

IPP
[00:14:40.366][BLE_TRANS]WTYI dynamic name switch to: WTYI_BT_TEST
 
[00:14:40.368][Info]: [GATT_SERVER]adv_en:0

[00:14:40.368][Info]: [GATT_SERVER]server_work_st:20->2

[00:14:40.369][BLE_TRANS]server_state: handle=00,02
 
[00:14:40.371][Info]: [GATT_COMM]ble_comm_set_config_name

[00:14:40.372][Info]: [GATT_COMM]ble name(17): WTYI_BT_TEST(BLE) 

[00:14:40.373][BLE_TRANS]trans_adv_data(26): 
02 01 06 03 03 30 AF 12 09 57 54 59 49 5F 42 54 
5F 54 45 53 54 28 42 4C 45 29 
[00:14:40.375][BLE_TRANS]rsp_data(0): 
[00:14:40.376][Info]: [GATT_SERVER]__gatt_server_just_new_dev_adv

[00:14:40.377][Info]: [GATT_SERVER]new_dev_adv

[00:14:40.378][Info]: [GATT_SERVER]adv_en:1

[00:14:40.378][Info]: [GATT_SERVER]server_work_st:2->20

[00:14:40.379][BLE_TRANS]server_state: handle=00,20
 
[00:14:40.408][Info]: [SPP_AND_LE]app_key_evnet: 2,9

[00:14:40.558][Info]: [SPP_AND_LE]app_key_evnet: 2,9

[00:14:40.708][Info]: [SPP_AND_LE]app_key_evnet: 2,9

IPP
[00:14:40.858][Info]: [SPP_AND_LE]app_key_evnet: 2,9

[00:14:41.008][Info]: [SPP_AND_LE]app_key_evnet: 2,9

[00:14:41.158][Info]: [SPP_AND_LE]app_key_evnet: 2,9

I
[00:14:41.308][Info]: [SPP_AND_LE]app_key_evnet: 2,9

PP
[00:14:41.458][Info]: [SPP_AND_LE]app_key_evnet: 2,9

[00:14:41.608][Info]: [SPP_AND_LE]app_key_evnet: 2,9

[00:14:41.758][Info]: [SPP_AND_LE]app_key_evnet: 2,9

IPP
[00:14:41.908][Info]: [SPP_AND_LE]app_key_evnet: 2,9

[00:14:42.058][Info]: [SPP_AND_LE]app_key_evnet: 2,9

[00:14:42.208][Info]: [SPP_AND_LE]app_key_evnet: 2,9

IPP
[00:14:42.358][Info]: [SPP_AND_LE]app_key_evnet: 2,9

[00:14:42.508][Info]: [SPP_AND_LE]app_key_evnet: 2,9

[00:14:42.658][Info]: [SPP_AND_LE]app_key_evnet: 2,9

I
[00:14:42.808][Info]: [SPP_AND_LE]app_key_evnet: 2,9

PP
[00:14:42.958][Info]: [SPP_AND_LE]app_key_evnet: 2,9

[00:14:43.108][Info]: [SPP_AND_LE]app_key_evnet: 2,9

[00:14:43.258][Info]: [SPP_AND_LE]app_key_evnet: 2,9

IPP
[00:14:43.408][Info]: [SPP_AND_LE]app_key_evnet: 2,9

[00:14:43.558][Info]: [SPP_AND_LE]app_key_evnet: 2,9

[00:14:43.708][Info]: [SPP_AND_LE]app_key_evnet: 2,9

IPP
[00:14:43.858][Info]: [SPP_AND_LE]app_key_evnet: 2,9

[00:14:44.008][Info]: [SPP_AND_LE]app_key_evnet: 2,9

[00:14:44.158][Info]: [SPP_AND_LE]app_key_evnet: 2,9

I
[00:14:44.308][Info]: [SPP_AND_LE]app_key_evnet: 2,9

PP
[00:14:44.458][Info]: [SPP_AND_LE]app_key_evnet: 2,9

[00:14:44.608][Info]: [SPP_AND_LE]app_key_evnet: 2,9

[00:14:44.758][Info]: [SPP_AND_LE]app_key_evnet: 2,9

IPP
[00:14:44.908][Info]: [SPP_AND_LE]app_key_evnet: 2,9

[00:14:45.058][Info]: [SPP_AND_LE]app_key_evnet: 2,9

[00:14:45.208][Info]: [SPP_AND_LE]app_key_evnet: 2,9

IPP
[00:14:45.358][Info]: [SPP_AND_LE]app_key_evnet: 2,9

[00:14:45.508][Info]: [SPP_AND_LE]app_key_evnet: 2,9

[00:14:45.658][Info]: [SPP_AND_LE]app_key_evnet: 2,9

I
[00:14:45.808][Info]: [SPP_AND_LE]app_key_evnet: 2,9

PP
[00:14:45.958][Info]: [SPP_AND_LE]app_key_evnet: 2,9

[00:14:46.108][Info]: [SPP_AND_LE]app_key_evnet: 2,9

[00:14:46.258][Info]: [SPP_AND_LE]app_key_evnet: 2,9

IPP
[00:14:46.408][Info]: [SPP_AND_LE]app_key_evnet: 2,9

[00:14:46.558][Info]: [SPP_AND_LE]app_key_evnet: 2,9

[00:14:46.708][Info]: [SPP_AND_LE]app_key_evnet: 2,9

IPP
[00:14:46.858][Info]: [SPP_AND_LE]app_key_evnet: 2,9

[00:14:47.008][Info]: [SPP_AND_LE]app_key_evnet: 2,9

[00:14:47.158][Info]: [SPP_AND_LE]app_key_evnet: 2,9

I
[00:14:47.308][Info]: [SPP_AND_LE]app_key_evnet: 2,9

PP
[00:14:47.458][Info]: [SPP_AND_LE]app_key_evnet: 2,9

[00:14:47.608][Info]: [SPP_AND_LE]app_key_evnet: 2,9

[00:14:47.758][Info]: [SPP_AND_LE]app_key_evnet: 2,9

IPP
[00:14:47.908][Info]: [SPP_AND_LE]app_key_evnet: 2,9

[00:14:48.058][Info]: [SPP_AND_LE]app_key_evnet: 2,9

[00:14:48.208][Info]: [SPP_AND_LE]app_key_evnet: 2,9

IPP
[00:14:48.358][Info]: [SPP_AND_LE]app_key_evnet: 2,9

[00:14:48.508][Info]: [SPP_AND_LE]app_key_evnet: 2,9

[00:14:48.658][Info]: [SPP_AND_LE]app_key_evnet: 2,9

I
[00:14:48.808][Info]: [SPP_AND_LE]app_key_evnet: 2,9

PP
[00:14:48.958][Info]: [SPP_AND_LE]app_key_evnet: 2,9

[00:14:49.108][Info]: [SPP_AND_LE]app_key_evnet: 2,9

[00:14:49.258][Info]: [SPP_AND_LE]app_key_evnet: 2,9

IPP
[00:14:49.408][Info]: [SPP_AND_LE]app_key_evnet: 2,9

[00:14:49.558][Info]: [SPP_AND_LE]app_key_evnet: 2,9

[00:14:49.708][Info]: [SPP_AND_LE]app_key_evnet: 2,9

IPP
[00:14:49.858][Info]: [SPP_AND_LE]app_key_evnet: 2,9

[00:14:50.008][Info]: [SPP_AND_LE]app_key_evnet: 2,9

[00:14:50.158][Info]: [SPP_AND_LE]app_key_evnet: 2,9

I
[00:14:50.308][Info]: [SPP_AND_LE]app_key_evnet: 2,9

PP
[00:14:50.366][BLE_TRANS]WTYI dynamic name switch to: WTYI_BT_TEST_B
 
[00:14:50.368][Info]: [GATT_SERVER]adv_en:0

[00:14:50.368][Info]: [GATT_SERVER]server_work_st:20->2

[00:14:50.369][BLE_TRANS]server_state: handle=00,02
 
[00:14:50.371][Info]: [GATT_COMM]ble_comm_set_config_name

[00:14:50.372][Info]: [GATT_COMM]ble name(19): WTYI_BT_TEST_B(BLE) 

[00:14:50.373][BLE_TRANS]trans_adv_data(28): 
02 01 06 03 03 30 AF 14 09 57 54 59 49 5F 42 54 
5F 54 45 53 54 5F 42 28 42 4C 45 29 
[00:14:50.375][BLE_TRANS]rsp_data(0): 
[00:14:50.376][Info]: [GATT_SERVER]__gatt_server_just_new_dev_adv

[00:14:50.377][Info]: [GATT_SERVER]new_dev_adv

[00:14:50.378][Info]: [GATT_SERVER]adv_en:1

[00:14:50.378][Info]: [GATT_SERVER]server_work_st:2->20

[00:14:50.379][BLE_TRANS]server_state: handle=00,20
 
[00:14:50.458][Info]: [SPP_AND_LE]app_key_evnet: 2,9

[00:14:50.608][Info]: [SPP_AND_LE]app_key_evnet: 2,9

[00:14:50.758][Info]: [SPP_AND_LE]app_key_evnet: 2,9

IPP
[00:14:50.908][Info]: [SPP_AND_LE]app_key_evnet: 2,9

[00:14:51.058][Info]: [SPP_AND_LE]app_key_evnet: 2,9

[00:14:51.208][Info]: [SPP_AND_LE]app_key_evnet: 2,9

IPP
[00:14:51.358][Info]: [SPP_AND_LE]app_key_evnet: 2,9

[00:14:51.508][Info]: [SPP_AND_LE]app_key_evnet: 2,9

[00:14:51.658][Info]: [SPP_AND_LE]app_key_evnet: 2,9

I
[00:14:51.808][Info]: [SPP_AND_LE]app_key_evnet: 2,9

PP
[00:14:51.958][Info]: [SPP_AND_LE]app_key_evnet: 2,9

[00:14:52.108][Info]: [SPP_AND_LE]app_key_evnet: 2,9

[00:14:52.258][Info]: [SPP_AND_LE]app_key_evnet: 2,9

IPP
[00:14:52.408][Info]: [SPP_AND_LE]app_key_evnet: 2,9

[00:14:52.558][Info]: [SPP_AND_LE]app_key_evnet: 2,9

[00:14:52.708][Info]: [SPP_AND_LE]app_key_evnet: 2,9

IPP
[00:14:52.858][Info]: [SPP_AND_LE]app_key_evnet: 2,9

[00:14:53.008][Info]: [SPP_AND_LE]app_key_evnet: 2,9

[00:14:53.158][Info]: [SPP_AND_LE]app_key_evnet: 2,9

I
[00:14:53.308][Info]: [SPP_AND_LE]app_key_evnet: 2,9

PP
[00:14:53.458][Info]: [SPP_AND_LE]app_key_evnet: 2,9

[00:14:53.608][Info]: [SPP_AND_LE]app_key_evnet: 2,9

[00:14:53.758][Info]: [SPP_AND_LE]app_key_evnet: 2,9

IPP
[00:14:53.908][Info]: [SPP_AND_LE]app_key_evnet: 2,9

[00:14:54.058][Info]: [SPP_AND_LE]app_key_evnet: 2,9

[00:14:54.208][Info]: [SPP_AND_LE]app_key_evnet: 2,9

IPP
[00:14:54.358][Info]: [SPP_AND_LE]app_key_evnet: 2,9

[00:14:54.508][Info]: [SPP_AND_LE]app_key_evnet: 2,9

[00:14:54.658][Info]: [SPP_AND_LE]app_key_evnet: 2,9

I
[00:14:54.808][Info]: [SPP_AND_LE]app_key_evnet: 2,9

PP
[00:14:54.958][Info]: [SPP_AND_LE]app_key_evnet: 2,9

[00:14:55.108][Info]: [SPP_AND_LE]app_key_evnet: 2,9

[00:14:55.258][Info]: [SPP_AND_LE]app_key_evnet: 2,9

IPP
[00:14:55.408][Info]: [SPP_AND_LE]app_key_evnet: 2,9

[00:14:55.558][Info]: [SPP_AND_LE]app_key_evnet: 2,9

[00:14:55.708][Info]: [SPP_AND_LE]app_key_evnet: 2,9

IPP
[00:14:55.858][Info]: [SPP_AND_LE]app_key_evnet: 2,9

[00:14:56.008][Info]: [SPP_AND_LE]app_key_evnet: 2,9

[00:14:56.158][Info]: [SPP_AND_LE]app_key_evnet: 2,9

I
[00:14:56.308][Info]: [SPP_AND_LE]app_key_evnet: 2,9

PP
[00:14:56.458][Info]: [SPP_AND_LE]app_key_evnet: 2,9

[00:14:56.608][Info]: [SPP_AND_LE]app_key_evnet: 2,9

[00:14:56.758][Info]: [SPP_AND_LE]app_key_evnet: 2,9

IPP
[00:14:56.908][Info]: [SPP_AND_LE]app_key_evnet: 2,9

[00:14:57.058][Info]: [SPP_AND_LE]app_key_evnet: 2,9

[00:14:57.208][Info]: [SPP_AND_LE]app_key_evnet: 2,9

IPP
[00:14:57.358][Info]: [SPP_AND_LE]app_key_evnet: 2,9

[00:14:57.508][Info]: [SPP_AND_LE]app_key_evnet: 2,9

[00:14:57.658][Info]: [SPP_AND_LE]app_key_evnet: 2,9

I
[00:14:57.808][Info]: [SPP_AND_LE]app_key_evnet: 2,9

PP
[00:14:57.958][Info]: [SPP_AND_LE]app_key_evnet: 2,9

[00:14:58.108][Info]: [SPP_AND_LE]app_key_evnet: 2,9

[00:14:58.258][Info]: [SPP_AND_LE]app_key_evnet: 2,9

IPP
[00:14:58.408][Info]: [SPP_AND_LE]app_key_evnet: 2,9

[00:14:58.558][Info]: [SPP_AND_LE]app_key_evnet: 2,9

[00:14:58.708][Info]: [SPP_AND_LE]app_key_evnet: 2,9

IPP
[00:14:58.858][Info]: [SPP_AND_LE]app_key_evnet: 2,9

[00:14:59.008][Info]: [SPP_AND_LE]app_key_evnet: 2,9

[00:14:59.158][Info]: [SPP_AND_LE]app_key_evnet: 2,9

I
[00:14:59.308][Info]: [SPP_AND_LE]app_key_evnet: 2,9

PP
[00:14:59.458][Info]: [SPP_AND_LE]app_key_evnet: 2,9

[00:14:59.608][Info]: [SPP_AND_LE]app_key_evnet: 2,9

[00:14:59.758][Info]: [SPP_AND_LE]app_key_evnet: 2,9

IPP
[00:14:59.908][Info]: [SPP_AND_LE]app_key_evnet: 2,9

[00:15:00.058][Info]: [SPP_AND_LE]app_key_evnet: 2,9

[00:15:00.208][Info]: [SPP_AND_LE]app_key_evnet: 2,9

IPP
[00:15:00.357][Info]: [SPP_AND_LE]app_key_evnet: 2,9

[00:15:00.366][BLE_TRANS]WTYI dynamic name switch to: WTYI_BT_TEST
 
[00:15:00.368][Info]: [GATT_SERVER]adv_en:0

[00:15:00.368][Info]: [GATT_SERVER]server_work_st:20->2

[00:15:00.369][BLE_TRANS]server_state: handle=00,02
 
[00:15:00.371][Info]: [GATT_COMM]ble_comm_set_config_name

[00:15:00.372][Info]: [GATT_COMM]ble name(17): WTYI_BT_TEST(BLE) 

[00:15:00.373][BLE_TRANS]trans_adv_data(26): 
02 01 06 03 03 30 AF 12 09 57 54 59 49 5F 42 54 
5F 54 45 53 54 28 42 4C 45 29 
[00:15:00.375][BLE_TRANS]rsp_data(0): 
[00:15:00.376][Info]: [GATT_SERVER]__gatt_server_just_new_dev_adv

[00:15:00.376][Info]: [GATT_SERVER]new_dev_adv

[00:15:00.378][Info]: [GATT_SERVER]adv_en:1

[00:15:00.378][Info]: [GATT_SERVER]server_work_st:2->20

[00:15:00.379][BLE_TRANS]server_state: handle=00,20
 
[00:15:00.508][Info]: [SPP_AND_LE]app_key_evnet: 2,9

[00:15:00.658][Info]: [SPP_AND_LE]app_key_evnet: 2,9

I
[00:15:00.808][Info]: [SPP_AND_LE]app_key_evnet: 2,9

PP
[00:15:00.958][Info]: [SPP_AND_LE]app_key_evnet: 2,9

[00:15:01.108][Info]: [SPP_AND_LE]app_key_evnet: 2,9

[00:15:01.258][Info]: [SPP_AND_LE]app_key_evnet: 2,9

IPP
[00:15:01.408][Info]: [SPP_AND_LE]app_key_evnet: 2,9

[00:15:01.558][Info]: [SPP_AND_LE]app_key_evnet: 2,9

[00:15:01.708][Info]: [SPP_AND_LE]app_key_evnet: 2,9

IPP
[00:15:01.858][Info]: [SPP_AND_LE]app_key_evnet: 2,9

[00:15:02.008][Info]: [SPP_AND_LE]app_key_evnet: 2,9

[00:15:02.158][Info]: [SPP_AND_LE]app_key_evnet: 2,9

I
[00:15:02.308][Info]: [SPP_AND_LE]app_key_evnet: 2,9

PP
[00:15:02.458][Info]: [SPP_AND_LE]app_key_evnet: 2,9

[00:15:02.608][Info]: [SPP_AND_LE]app_key_evnet: 2,9

[00:15:02.758][Info]: [SPP_AND_LE]app_key_evnet: 2,9

IPP
[00:15:02.898][Info]: [SPP_AND_LE]app_key_evnet: 3,9

IPPIPPIPP
[00:15:04.548][Info]: [SPP_AND_LE]app_key_evnet: 1,9

[00:15:04.698][Info]: [SPP_AND_LE]app_key_evnet: 2,9

IPP
[00:15:04.848][Info]: [SPP_AND_LE]app_key_evnet: 2,9

[00:15:04.998][Info]: [SPP_AND_LE]app_key_evnet: 2,9

[00:15:05.148][Info]: [SPP_AND_LE]app_key_evnet: 2,9

[00:15:05.298][Info]: [SPP_AND_LE]app_key_evnet: 2,9

IPP
[00:15:05.448][Info]: [SPP_AND_LE]app_key_evnet: 2,9

[00:15:05.598][Info]: [SPP_AND_LE]app_key_evnet: 2,9

[00:15:05.748][Info]: [SPP_AND_LE]app_key_evnet: 2,9

IPP
[00:15:05.898][Info]: [SPP_AND_LE]app_key_evnet: 2,9

[00:15:06.048][Info]: [SPP_AND_LE]app_key_evnet: 2,9

[00:15:06.198][Info]: [SPP_AND_LE]app_key_evnet: 2,9

IPP
[00:15:06.348][Info]: [SPP_AND_LE]app_key_evnet: 2,9

[00:15:06.498][Info]: [SPP_AND_LE]app_key_evnet: 2,9

[00:15:06.648][Info]: [SPP_AND_LE]app_key_evnet: 2,9

[00:15:06.798][Info]: [SPP_AND_LE]app_key_evnet: 2,9

IPP
[00:15:06.948][Info]: [SPP_AND_LE]app_key_evnet: 2,9

[00:15:07.098][Info]: [SPP_AND_LE]app_key_evnet: 2,9

[00:15:07.248][Info]: [SPP_AND_LE]app_key_evnet: 2,9

IPP
[00:15:07.398][Info]: [SPP_AND_LE]app_key_evnet: 2,9

[00:15:07.548][Info]: [SPP_AND_LE]app_key_evnet: 2,9

[00:15:07.698][Info]: [SPP_AND_LE]app_key_evnet: 2,9

IPP
[00:15:07.848][Info]: [SPP_AND_LE]app_key_evnet: 2,9

[00:15:07.998][Info]: [SPP_AND_LE]app_key_evnet: 2,9

[00:15:08.148][Info]: [SPP_AND_LE]app_key_evnet: 2,9

[00:15:08.298][Info]: [SPP_AND_LE]app_key_evnet: 2,9

IPP
[00:15:08.448][Info]: [SPP_AND_LE]app_key_evnet: 2,9

[00:15:08.598][Info]: [SPP_AND_LE]app_key_evnet: 2,9

[00:15:08.748][Info]: [SPP_AND_LE]app_key_evnet: 2,9

IPP
[00:15:08.898][Info]: [SPP_AND_LE]app_key_evnet: 2,9

[00:15:09.048][Info]: [SPP_AND_LE]app_key_evnet: 2,9

[00:15:09.198][Info]: [SPP_AND_LE]app_key_evnet: 2,9

IPP
[00:15:09.348][Info]: [SPP_AND_LE]app_key_evnet: 2,9

[00:15:09.498][Info]: [SPP_AND_LE]app_key_evnet: 2,9

[00:15:09.648][Info]: [SPP_AND_LE]app_key_evnet: 2,9

[00:15:09.798][Info]: [SPP_AND_LE]app_key_evnet: 2,9

IPP
[00:15:09.948][Info]: [SPP_AND_LE]app_key_evnet: 2,9

[00:15:10.098][Info]: [SPP_AND_LE]app_key_evnet: 2,9

[00:15:10.248][Info]: [SPP_AND_LE]app_key_evnet: 2,9

IPP
[00:15:10.366][BLE_TRANS]WTYI dynamic name switch to: WTYI_BT_TEST_B
 
[00:15:10.368][Info]: [GATT_SERVER]adv_en:0

[00:15:10.368][Info]: [GATT_SERVER]server_work_st:20->2

[00:15:10.369][BLE_TRANS]server_state: handle=00,02
 
[00:15:10.371][Info]: [GATT_COMM]ble_comm_set_config_name

[00:15:10.372][Info]: [GATT_COMM]ble name(19): WTYI_BT_TEST_B(BLE) 

[00:15:10.373][BLE_TRANS]trans_adv_data(28): 
02 01 06 03 03 30 AF 14 09 57 54 59 49 5F 42 54 
5F 54 45 53 54 5F 42 28 42 4C 45 29 
[00:15:10.375][BLE_TRANS]rsp_data(0): 
[00:15:10.376][Info]: [GATT_SERVER]__gatt_server_just_new_dev_adv

[00:15:10.377][Info]: [GATT_SERVER]new_dev_adv

[00:15:10.378][Info]: [GATT_SERVER]adv_en:1

[00:15:10.378][Info]: [GATT_SERVER]server_work_st:2->20

[00:15:10.379][BLE_TRANS]server_state: handle=00,20
 
[00:15:10.398][Info]: [SPP_AND_LE]app_key_evnet: 2,9

[00:15:10.548][Info]: [SPP_AND_LE]app_key_evnet: 2,9

[00:15:10.698][Info]: [SPP_AND_LE]app_key_evnet: 2,9

IPP
[00:15:10.848][Info]: [SPP_AND_LE]app_key_evnet: 2,9

[00:15:10.998][Info]: [SPP_AND_LE]app_key_evnet: 2,9

[00:15:11.148][Info]: [SPP_AND_LE]app_key_evnet: 2,9

[00:15:11.298][Info]: [SPP_AND_LE]app_key_evnet: 2,9

IPP
[00:15:11.448][Info]: [SPP_AND_LE]app_key_evnet: 2,9

[00:15:11.598][Info]: [SPP_AND_LE]app_key_evnet: 2,9

[00:15:11.748][Info]: [SPP_AND_LE]app_key_evnet: 2,9

IPP
[00:15:11.898][Info]: [SPP_AND_LE]app_key_evnet: 2,9

[00:15:12.048][Info]: [SPP_AND_LE]app_key_evnet: 2,9

[00:15:12.198][Info]: [SPP_AND_LE]app_key_evnet: 2,9

IPP
[00:15:12.348][Info]: [SPP_AND_LE]app_key_evnet: 2,9

[00:15:12.498][Info]: [SPP_AND_LE]app_key_evnet: 2,9

[00:15:12.648][Info]: [SPP_AND_LE]app_key_evnet: 2,9

[00:15:12.798][Info]: [SPP_AND_LE]app_key_evnet: 2,9

IPP
[00:15:12.948][Info]: [SPP_AND_LE]app_key_evnet: 2,9

[00:15:13.098][Info]: [SPP_AND_LE]app_key_evnet: 2,9

[00:15:13.248][Info]: [SPP_AND_LE]app_key_evnet: 2,9

IPP
[00:15:13.398][Info]: [SPP_AND_LE]app_key_evnet: 2,9

[00:15:13.548][Info]: [SPP_AND_LE]app_key_evnet: 2,9

[00:15:13.698][Info]: [SPP_AND_LE]app_key_evnet: 2,9

IPP
[00:15:13.848][Info]: [SPP_AND_LE]app_key_evnet: 2,9

[00:15:13.998][Info]: [SPP_AND_LE]app_key_evnet: 2,9

[00:15:14.148][Info]: [SPP_AND_LE]app_key_evnet: 2,9

[00:15:14.298][Info]: [SPP_AND_LE]app_key_evnet: 2,9

IPP
[00:15:14.448][Info]: [SPP_AND_LE]app_key_evnet: 2,9

[00:15:14.598][Info]: [SPP_AND_LE]app_key_evnet: 2,9

[00:15:14.748][Info]: [SPP_AND_LE]app_key_evnet: 2,9

IPP
[00:15:14.898][Info]: [SPP_AND_LE]app_key_evnet: 2,9

[00:15:15.048][Info]: [SPP_AND_LE]app_key_evnet: 2,9

[00:15:15.198][Info]: [SPP_AND_LE]app_key_evnet: 2,9

IPP
[00:15:15.348][Info]: [SPP_AND_LE]app_key_evnet: 2,9

[00:15:15.498][Info]: [SPP_AND_LE]app_key_evnet: 2,9

[00:15:15.648][Info]: [SPP_AND_LE]app_key_evnet: 2,9

[00:15:15.798][Info]: [SPP_AND_LE]app_key_evnet: 2,9

IPP
[00:15:15.948][Info]: [SPP_AND_LE]app_key_evnet: 2,9

[00:15:16.098][Info]: [SPP_AND_LE]app_key_evnet: 2,9

[00:15:16.248][Info]: [SPP_AND_LE]app_key_evnet: 2,9

IPP
[00:15:16.398][Info]: [SPP_AND_LE]app_key_evnet: 2,9

[00:15:16.548][Info]: [SPP_AND_LE]app_key_evnet: 2,9

[00:15:16.698][Info]: [SPP_AND_LE]app_key_evnet: 2,9

IPP
[00:15:16.848][Info]: [SPP_AND_LE]app_key_evnet: 2,9

[00:15:16.998][Info]: [SPP_AND_LE]app_key_evnet: 2,9

[00:15:17.148][Info]: [SPP_AND_LE]app_key_evnet: 2,9

[00:15:17.298][Info]: [SPP_AND_LE]app_key_evnet: 2,9

IPP
[00:15:17.448][Info]: [SPP_AND_LE]app_key_evnet: 2,9

[00:15:17.598][Info]: [SPP_AND_LE]app_key_evnet: 2,9

[00:15:17.748][Info]: [SPP_AND_LE]app_key_evnet: 2,9

IPP
[00:15:17.898][Info]: [SPP_AND_LE]app_key_evnet: 2,9

[00:15:18.048][Info]: [SPP_AND_LE]app_key_evnet: 2,9

[00:15:18.198][Info]: [SPP_AND_LE]app_key_evnet: 2,9

IPP
[00:15:18.348][Info]: [SPP_AND_LE]app_key_evnet: 2,9

[00:15:18.498][Info]: [SPP_AND_LE]app_key_evnet: 2,9

[00:15:18.648][Info]: [SPP_AND_LE]app_key_evnet: 2,9

[00:15:18.798][Info]: [SPP_AND_LE]app_key_evnet: 2,9

IPP
[00:15:18.948][Info]: [SPP_AND_LE]app_key_evnet: 2,9

[00:15:19.098][Info]: [SPP_AND_LE]app_key_evnet: 2,9

[00:15:19.248][Info]: [SPP_AND_LE]app_key_evnet: 2,9

IPP
[00:15:19.398][Info]: [SPP_AND_LE]app_key_evnet: 2,9

[00:15:19.548][Info]: [SPP_AND_LE]app_key_evnet: 2,9

[00:15:19.698][Info]: [SPP_AND_LE]app_key_evnet: 2,9

IPP
[00:15:19.848][Info]: [SPP_AND_LE]app_key_evnet: 2,9

[00:15:19.998][Info]: [SPP_AND_LE]app_key_evnet: 2,9

[00:15:20.148][Info]: [SPP_AND_LE]app_key_evnet: 2,9

[00:15:20.298][Info]: [SPP_AND_LE]app_key_evnet: 2,9

IPP
[00:15:20.366][BLE_TRANS]WTYI dynamic name switch to: WTYI_BT_TEST
 
[00:15:20.368][Info]: [GATT_SERVER]adv_en:0

[00:15:20.368][Info]: [GATT_SERVER]server_work_st:20->2

[00:15:20.369][BLE_TRANS]server_state: handle=00,02
 
[00:15:20.371][Info]: [GATT_COMM]ble_comm_set_config_name

[00:15:20.372][Info]: [GATT_COMM]ble name(17): WTYI_BT_TEST(BLE) 

[00:15:20.373][BLE_TRANS]trans_adv_data(26): 
02 01 06 03 03 30 AF 12 09 57 54 59 49 5F 42 54 
5F 54 45 53 54 28 42 4C 45 29 
[00:15:20.375][BLE_TRANS]rsp_data(0): 
[00:15:20.376][Info]: [GATT_SERVER]__gatt_server_just_new_dev_adv

[00:15:20.377][Info]: [GATT_SERVER]new_dev_adv

[00:15:20.378][Info]: [GATT_SERVER]adv_en:1

[00:15:20.378][Info]: [GATT_SERVER]server_work_st:2->20

[00:15:20.379][BLE_TRANS]server_state: handle=00,20
 
[00:15:20.448][Info]: [SPP_AND_LE]app_key_evnet: 2,9

[00:15:20.598][Info]: [SPP_AND_LE]app_key_evnet: 2,9

[00:15:20.748][Info]: [SPP_AND_LE]app_key_evnet: 2,9

IPP
[00:15:20.898][Info]: [SPP_AND_LE]app_key_evnet: 2,9

[00:15:21.048][Info]: [SPP_AND_LE]app_key_evnet: 2,9

[00:15:21.198][Info]: [SPP_AND_LE]app_key_evnet: 2,9

IPP
[00:15:21.348][Info]: [SPP_AND_LE]app_key_evnet: 2,9

[00:15:21.498][Info]: [SPP_AND_LE]app_key_evnet: 2,9

[00:15:21.648][Info]: [SPP_AND_LE]app_key_evnet: 2,9

[00:15:21.798][Info]: [SPP_AND_LE]app_key_evnet: 2,9

IPP
[00:15:21.948][Info]: [SPP_AND_LE]app_key_evnet: 2,9

[00:15:22.098][Info]: [SPP_AND_LE]app_key_evnet: 2,9

[00:15:22.248][Info]: [SPP_AND_LE]app_key_evnet: 2,9

IPP
[00:15:22.398][Info]: [SPP_AND_LE]app_key_evnet: 2,9

[00:15:22.548][Info]: [SPP_AND_LE]app_key_evnet: 2,9

[00:15:22.698][Info]: [SPP_AND_LE]app_key_evnet: 2,9

IP
[00:15:22.848][Info]: [SPP_AND_LE]app_key_evnet: 2,9

P
[00:15:22.998][Info]: [SPP_AND_LE]app_key_evnet: 2,9

[00:15:23.148][Info]: [SPP_AND_LE]app_key_evnet: 2,9

[00:15:23.298][Info]: [SPP_AND_LE]app_key_evnet: 2,9

IPP
[00:15:23.448][Info]: [SPP_AND_LE]app_key_evnet: 2,9

[00:15:23.598][Info]: [SPP_AND_LE]app_key_evnet: 2,9

[00:15:23.748][Info]: [SPP_AND_LE]app_key_evnet: 2,9

IPP
[00:15:23.898][Info]: [SPP_AND_LE]app_key_evnet: 2,9

[00:15:24.048][Info]: [SPP_AND_LE]app_key_evnet: 2,9

[00:15:24.198][Info]: [SPP_AND_LE]app_key_evnet: 2,9

IP
[00:15:24.348][Info]: [SPP_AND_LE]app_key_evnet: 2,9

P
[00:15:24.498][Info]: [SPP_AND_LE]app_key_evnet: 2,9

[00:15:24.648][Info]: [SPP_AND_LE]app_key_evnet: 2,9

[00:15:24.798][Info]: [SPP_AND_LE]app_key_evnet: 2,9

IPP
[00:15:24.948][Info]: [SPP_AND_LE]app_key_evnet: 2,9

[00:15:25.098][Info]: [SPP_AND_LE]app_key_evnet: 2,9

[00:15:25.248][Info]: [SPP_AND_LE]app_key_evnet: 2,9

IPP
[00:15:25.398][Info]: [SPP_AND_LE]app_key_evnet: 2,9

[00:15:25.548][Info]: [SPP_AND_LE]app_key_evnet: 2,9

[00:15:25.698][Info]: [SPP_AND_LE]app_key_evnet: 2,9

IP
[00:15:25.848][Info]: [SPP_AND_LE]app_key_evnet: 2,9

P
[00:15:25.998][Info]: [SPP_AND_LE]app_key_evnet: 2,9

[00:15:26.148][Info]: [SPP_AND_LE]app_key_evnet: 2,9

[00:15:26.298][Info]: [SPP_AND_LE]app_key_evnet: 2,9

IPP
[00:15:26.448][Info]: [SPP_AND_LE]app_key_evnet: 2,9

[00:15:26.598][Info]: [SPP_AND_LE]app_key_evnet: 2,9

[00:15:26.748][Info]: [SPP_AND_LE]app_key_evnet: 2,9

IPP
[00:15:26.898][Info]: [SPP_AND_LE]app_key_evnet: 2,9

[00:15:27.048][Info]: [SPP_AND_LE]app_key_evnet: 2,9

[00:15:27.198][Info]: [SPP_AND_LE]app_key_evnet: 2,9

IP
[00:15:27.348][Info]: [SPP_AND_LE]app_key_evnet: 2,9

P
[00:15:27.498][Info]: [SPP_AND_LE]app_key_evnet: 2,9

[00:15:27.648][Info]: [SPP_AND_LE]app_key_evnet: 2,9

[00:15:27.798][Info]: [SPP_AND_LE]app_key_evnet: 2,9

IPP
[00:15:27.948][Info]: [SPP_AND_LE]app_key_evnet: 2,9

[00:15:28.098][Info]: [SPP_AND_LE]app_key_evnet: 2,9

[00:15:28.248][Info]: [SPP_AND_LE]app_key_evnet: 2,9

IPP
[00:15:28.398][Info]: [SPP_AND_LE]app_key_evnet: 2,9

[00:15:28.548][Info]: [SPP_AND_LE]app_key_evnet: 2,9

[00:15:28.698][Info]: [SPP_AND_LE]app_key_evnet: 2,9

IP
[00:15:28.848][Info]: [SPP_AND_LE]app_key_evnet: 2,9

P
[00:15:28.998][Info]: [SPP_AND_LE]app_key_evnet: 2,9

[00:15:29.148][Info]: [SPP_AND_LE]app_key_evnet: 2,9

[00:15:29.298][Info]: [SPP_AND_LE]app_key_evnet: 2,9

IPP
[00:15:29.448][Info]: [SPP_AND_LE]app_key_evnet: 2,9

[00:15:29.598][Info]: [SPP_AND_LE]app_key_evnet: 2,9

[00:15:29.748][Info]: [SPP_AND_LE]app_key_evnet: 2,9

IPP
[00:15:29.898][Info]: [SPP_AND_LE]app_key_evnet: 2,9

[00:15:30.048][Info]: [SPP_AND_LE]app_key_evnet: 2,9

[00:15:30.198][Info]: [SPP_AND_LE]app_key_evnet: 2,9

IP
[00:15:30.348][Info]: [SPP_AND_LE]app_key_evnet: 2,9

P
[00:15:30.366][BLE_TRANS]WTYI dynamic name switch to: WTYI_BT_TEST_B
 
[00:15:30.368][Info]: [GATT_SERVER]adv_en:0

[00:15:30.368][Info]: [GATT_SERVER]server_work_st:20->2

[00:15:30.369][BLE_TRANS]server_state: handle=00,02
 
[00:15:30.371][Info]: [GATT_COMM]ble_comm_set_config_name

[00:15:30.372][Info]: [GATT_COMM]ble name(19): WTYI_BT_TEST_B(BLE) 

[00:15:30.373][BLE_TRANS]trans_adv_data(28): 
02 01 06 03 03 30 AF 14 09 57 54 59 49 5F 42 54 
5F 54 45 53 54 5F 42 28 42 4C 45 29 
[00:15:30.375][BLE_TRANS]rsp_data(0): 
[00:15:30.376][Info]: [GATT_SERVER]__gatt_server_just_new_dev_adv

[00:15:30.377][Info]: [GATT_SERVER]new_dev_adv

[00:15:30.378][Info]: [GATT_SERVER]adv_en:1

[00:15:30.378][Info]: [GATT_SERVER]server_work_st:2->20

[00:15:30.379][BLE_TRANS]server_state: handle=00,20
 
[00:15:30.498][Info]: [SPP_AND_LE]app_key_evnet: 2,9

[00:15:30.648][Info]: [SPP_AND_LE]app_key_evnet: 2,9

[00:15:30.798][Info]: [SPP_AND_LE]app_key_evnet: 2,9

IPP
[00:15:30.948][Info]: [SPP_AND_LE]app_key_evnet: 2,9

[00:15:31.098][Info]: [SPP_AND_LE]app_key_evnet: 2,9

[00:15:31.248][Info]: [SPP_AND_LE]app_key_evnet: 2,9

IPP
[00:15:31.398][Info]: [SPP_AND_LE]app_key_evnet: 2,9

[00:15:31.548][Info]: [SPP_AND_LE]app_key_evnet: 2,9

[00:15:31.698][Info]: [SPP_AND_LE]app_key_evnet: 2,9

IP
[00:15:31.848][Info]: [SPP_AND_LE]app_key_evnet: 2,9

P
[00:15:31.998][Info]: [SPP_AND_LE]app_key_evnet: 2,9

[00:15:32.148][Info]: [SPP_AND_LE]app_key_evnet: 2,9

[00:15:32.298][Info]: [SPP_AND_LE]app_key_evnet: 2,9

IPP
[00:15:32.448][Info]: [SPP_AND_LE]app_key_evnet: 2,9

[00:15:32.598][Info]: [SPP_AND_LE]app_key_evnet: 2,9

[00:15:32.748][Info]: [SPP_AND_LE]app_key_evnet: 2,9

IPP
[00:15:32.898][Info]: [SPP_AND_LE]app_key_evnet: 2,9

[00:15:33.048][Info]: [SPP_AND_LE]app_key_evnet: 2,9

[00:15:33.198][Info]: [SPP_AND_LE]app_key_evnet: 2,9

IP
[00:15:33.348][Info]: [SPP_AND_LE]app_key_evnet: 2,9

P
[00:15:33.498][Info]: [SPP_AND_LE]app_key_evnet: 2,9

[00:15:33.648][Info]: [SPP_AND_LE]app_key_evnet: 2,9

[00:15:33.798][Info]: [SPP_AND_LE]app_key_evnet: 2,9

IPP
[00:15:33.948][Info]: [SPP_AND_LE]app_key_evnet: 2,9

[00:15:34.098][Info]: [SPP_AND_LE]app_key_evnet: 2,9

[00:15:34.248][Info]: [SPP_AND_LE]app_key_evnet: 2,9

IPP
[00:15:34.398][Info]: [SPP_AND_LE]app_key_evnet: 2,9

[00:15:34.548][Info]: [SPP_AND_LE]app_key_evnet: 2,9

[00:15:34.698][Info]: [SPP_AND_LE]app_key_evnet: 2,9

IP
[00:15:34.848][Info]: [SPP_AND_LE]app_key_evnet: 2,9

P
[00:15:34.998][Info]: [SPP_AND_LE]app_key_evnet: 2,9

[00:15:35.148][Info]: [SPP_AND_LE]app_key_evnet: 2,9

[00:15:35.298][Info]: [SPP_AND_LE]app_key_evnet: 2,9

IPP
[00:15:35.448][Info]: [SPP_AND_LE]app_key_evnet: 2,9

[00:15:35.598][Info]: [SPP_AND_LE]app_key_evnet: 2,9

[00:15:35.748][Info]: [SPP_AND_LE]app_key_evnet: 2,9

IPP
[00:15:35.898][Info]: [SPP_AND_LE]app_key_evnet: 2,9

[00:15:36.048][Info]: [SPP_AND_LE]app_key_evnet: 2,9

[00:15:36.198][Info]: [SPP_AND_LE]app_key_evnet: 2,9

IP
[00:15:36.348][Info]: [SPP_AND_LE]app_key_evnet: 2,9

P
[00:15:36.498][Info]: [SPP_AND_LE]app_key_evnet: 2,9

[00:15:36.648][Info]: [SPP_AND_LE]app_key_evnet: 2,9

[00:15:36.798][Info]: [SPP_AND_LE]app_key_evnet: 2,9

IPP
[00:15:36.948][Info]: [SPP_AND_LE]app_key_evnet: 2,9

[00:15:37.098][Info]: [SPP_AND_LE]app_key_evnet: 2,9

[00:15:37.248][Info]: [SPP_AND_LE]app_key_evnet: 2,9

IPP
[00:15:37.398][Info]: [SPP_AND_LE]app_key_evnet: 2,9

[00:15:37.548][Info]: [SPP_AND_LE]app_key_evnet: 2,9

[00:15:37.698][Info]: [SPP_AND_LE]app_key_evnet: 2,9

IP
[00:15:37.848][Info]: [SPP_AND_LE]app_key_evnet: 2,9

P
[00:15:37.998][Info]: [SPP_AND_LE]app_key_evnet: 2,9

[00:15:38.148][Info]: [SPP_AND_LE]app_key_evnet: 2,9

[00:15:38.298][Info]: [SPP_AND_LE]app_key_evnet: 2,9

IPP
[00:15:38.448][Info]: [SPP_AND_LE]app_key_evnet: 2,9

[00:15:38.598][Info]: [SPP_AND_LE]app_key_evnet: 2,9

[00:15:38.748][Info]: [SPP_AND_LE]app_key_evnet: 2,9

IPP
[00:15:38.898][Info]: [SPP_AND_LE]app_key_evnet: 2,9

[00:15:39.048][Info]: [SPP_AND_LE]app_key_evnet: 2,9

[00:15:39.198][Info]: [SPP_AND_LE]app_key_evnet: 2,9

IP
[00:15:39.348][Info]: [SPP_AND_LE]app_key_evnet: 2,9

P
[00:15:39.498][Info]: [SPP_AND_LE]app_key_evnet: 2,9

[00:15:39.648][Info]: [SPP_AND_LE]app_key_evnet: 2,9

[00:15:39.798][Info]: [SPP_AND_LE]app_key_evnet: 2,9

IPP
[00:15:39.948][Info]: [SPP_AND_LE]app_key_evnet: 2,9

[00:15:40.098][Info]: [SPP_AND_LE]app_key_evnet: 2,9

[00:15:40.248][Info]: [SPP_AND_LE]app_key_evnet: 2,9

IPP
[00:15:40.366][BLE_TRANS]WTYI dynamic name switch to: WTYI_BT_TEST
 
[00:15:40.368][Info]: [GATT_SERVER]adv_en:0

[00:15:40.368][Info]: [GATT_SERVER]server_work_st:20->2

[00:15:40.369][BLE_TRANS]server_state: handle=00,02
 
[00:15:40.371][Info]: [GATT_COMM]ble_comm_set_config_name

[00:15:40.372][Info]: [GATT_COMM]ble name(17): WTYI_BT_TEST(BLE) 

[00:15:40.373][BLE_TRANS]trans_adv_data(26): 
02 01 06 03 03 30 AF 12 09 57 54 59 49 5F 42 54 
5F 54 45 53 54 28 42 4C 45 29 
[00:15:40.375][BLE_TRANS]rsp_data(0): 
[00:15:40.376][Info]: [GATT_SERVER]__gatt_server_just_new_dev_adv

[00:15:40.377][Info]: [GATT_SERVER]new_dev_adv

[00:15:40.378][Info]: [GATT_SERVER]adv_en:1

[00:15:40.378][Info]: [GATT_SERVER]server_work_st:2->20

[00:15:40.379][BLE_TRANS]server_state: handle=00,20
 
[00:15:40.398][Info]: [SPP_AND_LE]app_key_evnet: 2,9

[00:15:40.548][Info]: [SPP_AND_LE]app_key_evnet: 2,9

[00:15:40.698][Info]: [SPP_AND_LE]app_key_evnet: 2,9

I
[00:15:40.848][Info]: [SPP_AND_LE]app_key_evnet: 2,9

PP
[00:15:40.998][Info]: [SPP_AND_LE]app_key_evnet: 2,9

[00:15:41.148][Info]: [SPP_AND_LE]app_key_evnet: 2,9

[00:15:41.298][Info]: [SPP_AND_LE]app_key_evnet: 2,9

IPP
[00:15:41.448][Info]: [SPP_AND_LE]app_key_evnet: 2,9

[00:15:41.598][Info]: [SPP_AND_LE]app_key_evnet: 2,9

[00:15:41.748][Info]: [SPP_AND_LE]app_key_evnet: 2,9

IPP
[00:15:41.898][Info]: [SPP_AND_LE]app_key_evnet: 2,9

[00:15:42.048][Info]: [SPP_AND_LE]app_key_evnet: 2,9

[00:15:42.198][Info]: [SPP_AND_LE]app_key_evnet: 2,9

I
[00:15:42.348][Info]: [SPP_AND_LE]app_key_evnet: 2,9

PP
[00:15:42.498][Info]: [SPP_AND_LE]app_key_evnet: 2,9

[00:15:42.648][Info]: [SPP_AND_LE]app_key_evnet: 2,9

[00:15:42.798][Info]: [SPP_AND_LE]app_key_evnet: 2,9

IPP
[00:15:42.948][Info]: [SPP_AND_LE]app_key_evnet: 2,9

[00:15:43.098][Info]: [SPP_AND_LE]app_key_evnet: 2,9

[00:15:43.248][Info]: [SPP_AND_LE]app_key_evnet: 2,9

IPP
[00:15:43.398][Info]: [SPP_AND_LE]app_key_evnet: 2,9

[00:15:43.548][Info]: [SPP_AND_LE]app_key_evnet: 2,9

[00:15:43.698][Info]: [SPP_AND_LE]app_key_evnet: 2,9

I
[00:15:43.848][Info]: [SPP_AND_LE]app_key_evnet: 2,9

PP
[00:15:43.998][Info]: [SPP_AND_LE]app_key_evnet: 2,9

[00:15:44.148][Info]: [SPP_AND_LE]app_key_evnet: 2,9

[00:15:44.298][Info]: [SPP_AND_LE]app_key_evnet: 2,9

IPP
[00:15:44.448][Info]: [SPP_AND_LE]app_key_evnet: 2,9

[00:15:44.598][Info]: [SPP_AND_LE]app_key_evnet: 2,9

[00:15:44.748][Info]: [SPP_AND_LE]app_key_evnet: 2,9

IPP
[00:15:44.898][Info]: [SPP_AND_LE]app_key_evnet: 2,9

[00:15:45.048][Info]: [SPP_AND_LE]app_key_evnet: 2,9

[00:15:45.198][Info]: [SPP_AND_LE]app_key_evnet: 2,9

I
[00:15:45.348][Info]: [SPP_AND_LE]app_key_evnet: 2,9

PP
[00:15:45.498][Info]: [SPP_AND_LE]app_key_evnet: 2,9

[00:15:45.648][Info]: [SPP_AND_LE]app_key_evnet: 2,9

[00:15:45.798][Info]: [SPP_AND_LE]app_key_evnet: 2,9

IPP
[00:15:45.948][Info]: [SPP_AND_LE]app_key_evnet: 2,9

[00:15:46.098][Info]: [SPP_AND_LE]app_key_evnet: 2,9

[00:15:46.248][Info]: [SPP_AND_LE]app_key_evnet: 2,9

IPP
[00:15:46.398][Info]: [SPP_AND_LE]app_key_evnet: 2,9

[00:15:46.548][Info]: [SPP_AND_LE]app_key_evnet: 2,9

[00:15:46.698][Info]: [SPP_AND_LE]app_key_evnet: 2,9

I
[00:15:46.848][Info]: [SPP_AND_LE]app_key_evnet: 2,9

PP
[00:15:46.998][Info]: [SPP_AND_LE]app_key_evnet: 2,9

[00:15:47.148][Info]: [SPP_AND_LE]app_key_evnet: 2,9

[00:15:47.298][Info]: [SPP_AND_LE]app_key_evnet: 2,9

IPP
[00:15:47.448][Info]: [SPP_AND_LE]app_key_evnet: 2,9

[00:15:47.598][Info]: [SPP_AND_LE]app_key_evnet: 2,9

[00:15:47.748][Info]: [SPP_AND_LE]app_key_evnet: 2,9

IPP
[00:15:47.898][Info]: [SPP_AND_LE]app_key_evnet: 2,9

[00:15:48.048][Info]: [SPP_AND_LE]app_key_evnet: 2,9

[00:15:48.198][Info]: [SPP_AND_LE]app_key_evnet: 2,9

I
[00:15:48.348][Info]: [SPP_AND_LE]app_key_evnet: 2,9

PP
[00:15:48.498][Info]: [SPP_AND_LE]app_key_evnet: 2,9

[00:15:48.648][Info]: [SPP_AND_LE]app_key_evnet: 2,9

[00:15:48.798][Info]: [SPP_AND_LE]app_key_evnet: 2,9

IPP
[00:15:48.948][Info]: [SPP_AND_LE]app_key_evnet: 2,9

[00:15:49.098][Info]: [SPP_AND_LE]app_key_evnet: 2,9

[00:15:49.248][Info]: [SPP_AND_LE]app_key_evnet: 2,9

IPP
[00:15:49.398][Info]: [SPP_AND_LE]app_key_evnet: 2,9

[00:15:49.548][Info]: [SPP_AND_LE]app_key_evnet: 2,9

[00:15:49.698][Info]: [SPP_AND_LE]app_key_evnet: 2,9

I
[00:15:49.848][Info]: [SPP_AND_LE]app_key_evnet: 2,9

PP
[00:15:49.998][Info]: [SPP_AND_LE]app_key_evnet: 2,9

[00:15:50.148][Info]: [SPP_AND_LE]app_key_evnet: 2,9

[00:15:50.298][Info]: [SPP_AND_LE]app_key_evnet: 2,9

IPP
[00:15:50.366][BLE_TRANS]WTYI dynamic name switch to: WTYI_BT_TEST_B
 
[00:15:50.368][Info]: [GATT_SERVER]adv_en:0

[00:15:50.368][Info]: [GATT_SERVER]server_work_st:20->2

[00:15:50.369][BLE_TRANS]server_state: handle=00,02
 
[00:15:50.371][Info]: [GATT_COMM]ble_comm_set_config_name

[00:15:50.372][Info]: [GATT_COMM]ble name(19): WTYI_BT_TEST_B(BLE) 

[00:15:50.373][BLE_TRANS]trans_adv_data(28): 
02 01 06 03 03 30 AF 14 09 57 54 59 49 5F 42 54 
5F 54 45 53 54 5F 42 28 42 4C 45 29 
[00:15:50.375][BLE_TRANS]rsp_data(0): 
[00:15:50.376][Info]: [GATT_SERVER]__gatt_server_just_new_dev_adv

[00:15:50.377][Info]: [GATT_SERVER]new_dev_adv

[00:15:50.378][Info]: [GATT_SERVER]adv_en:1

[00:15:50.379][Info]: [GATT_SERVER]server_work_st:2->20

[00:15:50.380][BLE_TRANS]server_state: handle=00,20
 
[00:15:50.448][Info]: [SPP_AND_LE]app_key_evnet: 2,9

[00:15:50.598][Info]: [SPP_AND_LE]app_key_evnet: 2,9

[00:15:50.748][Info]: [SPP_AND_LE]app_key_evnet: 2,9

IPP
[00:15:50.898][Info]: [SPP_AND_LE]app_key_evnet: 2,9

[00:15:51.048][Info]: [SPP_AND_LE]app_key_evnet: 2,9

[00:15:51.198][Info]: [SPP_AND_LE]app_key_evnet: 2,9

I
[00:15:51.348][Info]: [SPP_AND_LE]app_key_evnet: 2,9

PP
[00:15:51.498][Info]: [SPP_AND_LE]app_key_evnet: 2,9

[00:15:51.648][Info]: [SPP_AND_LE]app_key_evnet: 2,9

[00:15:51.798][Info]: [SPP_AND_LE]app_key_evnet: 2,9

IPP
[00:15:51.948][Info]: [SPP_AND_LE]app_key_evnet: 2,9

[00:15:52.098][Info]: [SPP_AND_LE]app_key_evnet: 2,9

[00:15:52.248][Info]: [SPP_AND_LE]app_key_evnet: 2,9

IPP
[00:15:52.398][Info]: [SPP_AND_LE]app_key_evnet: 2,9

[00:15:52.548][Info]: [SPP_AND_LE]app_key_evnet: 2,9

[00:15:52.698][Info]: [SPP_AND_LE]app_key_evnet: 2,9

I
[00:15:52.848][Info]: [SPP_AND_LE]app_key_evnet: 2,9

PP
[00:15:52.998][Info]: [SPP_AND_LE]app_key_evnet: 2,9

[00:15:53.148][Info]: [SPP_AND_LE]app_key_evnet: 2,9

[00:15:53.298][Info]: [SPP_AND_LE]app_key_evnet: 2,9

IPP
[00:15:53.448][Info]: [SPP_AND_LE]app_key_evnet: 2,9

[00:15:53.598][Info]: [SPP_AND_LE]app_key_evnet: 2,9

[00:15:53.748][Info]: [SPP_AND_LE]app_key_evnet: 2,9

IPP
[00:15:53.898][Info]: [SPP_AND_LE]app_key_evnet: 2,9

[00:15:54.048][Info]: [SPP_AND_LE]app_key_evnet: 2,9

[00:15:54.198][Info]: [SPP_AND_LE]app_key_evnet: 2,9

I
[00:15:54.348][Info]: [SPP_AND_LE]app_key_evnet: 2,9

PP
[00:15:54.498][Info]: [SPP_AND_LE]app_key_evnet: 2,9

[00:15:54.648][Info]: [SPP_AND_LE]app_key_evnet: 2,9

[00:15:54.798][Info]: [SPP_AND_LE]app_key_evnet: 2,9

IPP
[00:15:54.948][Info]: [SPP_AND_LE]app_key_evnet: 2,9

[00:15:55.098][Info]: [SPP_AND_LE]app_key_evnet: 2,9

[00:15:55.248][Info]: [SPP_AND_LE]app_key_evnet: 2,9

IPP
[00:15:55.398][Info]: [SPP_AND_LE]app_key_evnet: 2,9

[00:15:55.548][Info]: [SPP_AND_LE]app_key_evnet: 2,9

[00:15:55.698][Info]: [SPP_AND_LE]app_key_evnet: 2,9

I
[00:15:55.848][Info]: [SPP_AND_LE]app_key_evnet: 2,9

PP
[00:15:55.998][Info]: [SPP_AND_LE]app_key_evnet: 2,9

[00:15:56.148][Info]: [SPP_AND_LE]app_key_evnet: 2,9

[00:15:56.298][Info]: [SPP_AND_LE]app_key_evnet: 2,9

IPP
[00:15:56.448][Info]: [SPP_AND_LE]app_key_evnet: 2,9

[00:15:56.598][Info]: [SPP_AND_LE]app_key_evnet: 2,9

[00:15:56.748][Info]: [SPP_AND_LE]app_key_evnet: 2,9

IPP
[00:15:56.898][Info]: [SPP_AND_LE]app_key_evnet: 2,9

[00:15:57.048][Info]: [SPP_AND_LE]app_key_evnet: 2,9

[00:15:57.198][Info]: [SPP_AND_LE]app_key_evnet: 2,9

I
[00:15:57.348][Info]: [SPP_AND_LE]app_key_evnet: 2,9

PP
[00:15:57.498][Info]: [SPP_AND_LE]app_key_evnet: 2,9

[00:15:57.648][Info]: [SPP_AND_LE]app_key_evnet: 2,9

[00:15:57.798][Info]: [SPP_AND_LE]app_key_evnet: 2,9

IPP
[00:15:57.948][Info]: [SPP_AND_LE]app_key_evnet: 2,9

[00:15:58.098][Info]: [SPP_AND_LE]app_key_evnet: 2,9

[00:15:58.248][Info]: [SPP_AND_LE]app_key_evnet: 2,9

IPP
[00:15:58.398][Info]: [SPP_AND_LE]app_key_evnet: 2,9

[00:15:58.548][Info]: [SPP_AND_LE]app_key_evnet: 2,9

[00:15:58.698][Info]: [SPP_AND_LE]app_key_evnet: 2,9

I
[00:15:58.848][Info]: [SPP_AND_LE]app_key_evnet: 2,9

PP
[00:15:58.998][Info]: [SPP_AND_LE]app_key_evnet: 2,9

[00:15:59.148][Info]: [SPP_AND_LE]app_key_evnet: 2,9

[00:15:59.298][Info]: [SPP_AND_LE]app_key_evnet: 2,9

IPP
[00:15:59.448][Info]: [SPP_AND_LE]app_key_evnet: 2,9

[00:15:59.598][Info]: [SPP_AND_LE]app_key_evnet: 2,9

[00:15:59.748][Info]: [SPP_AND_LE]app_key_evnet: 2,9

IPP
[00:15:59.898][Info]: [SPP_AND_LE]app_key_evnet: 2,9

[00:16:00.048][Info]: [SPP_AND_LE]app_key_evnet: 2,9

[00:16:00.198][Info]: [SPP_AND_LE]app_key_evnet: 2,9

I
[00:16:00.348][Info]: [SPP_AND_LE]app_key_evnet: 2,9

P
[00:16:00.366][BLE_TRANS]WTYI dynamic name switch to: WTYI_BT_TEST
 
[00:16:00.368][Info]: [GATT_SERVER]adv_en:0

[00:16:00.368][Info]: [GATT_SERVER]server_work_st:20->2

P
[00:16:00.369][BLE_TRANS]server_state: handle=00,02
 
[00:16:00.371][Info]: [GATT_COMM]ble_comm_set_config_name

[00:16:00.372][Info]: [GATT_COMM]ble name(17): WTYI_BT_TEST(BLE) 

[00:16:00.373][BLE_TRANS]trans_adv_data(26): 
02 01 06 03 03 30 AF 12 09 57 54 59 49 5F 42 54 
5F 54 45 53 54 28 42 4C 45 29 
[00:16:00.375][BLE_TRANS]rsp_data(0): 
[00:16:00.376][Info]: [GATT_SERVER]__gatt_server_just_new_dev_adv

[00:16:00.377][Info]: [GATT_SERVER]new_dev_adv

[00:16:00.378][Info]: [GATT_SERVER]adv_en:1

[00:16:00.379][Info]: [GATT_SERVER]server_work_st:2->20

[00:16:00.379][BLE_TRANS]server_state: handle=00,20
 
[00:16:00.498][Info]: [SPP_AND_LE]app_key_evnet: 2,9

[00:16:00.648][Info]: [SPP_AND_LE]app_key_evnet: 2,9

[00:16:00.798][Info]: [SPP_AND_LE]app_key_evnet: 2,9

IPP
[00:16:00.948][Info]: [SPP_AND_LE]app_key_evnet: 2,9

[00:16:01.098][Info]: [SPP_AND_LE]app_key_evnet: 2,9

[00:16:01.248][Info]: [SPP_AND_LE]app_key_evnet: 2,9

IPP
[00:16:01.398][Info]: [SPP_AND_LE]app_key_evnet: 2,9

[00:16:01.548][Info]: [SPP_AND_LE]app_key_evnet: 2,9

[00:16:01.698][Info]: [SPP_AND_LE]app_key_evnet: 2,9

I
[00:16:01.848][Info]: [SPP_AND_LE]app_key_evnet: 2,9

PP
[00:16:01.998][Info]: [SPP_AND_LE]app_key_evnet: 2,9

[00:16:02.148][Info]: [SPP_AND_LE]app_key_evnet: 2,9

[00:16:02.298][Info]: [SPP_AND_LE]app_key_evnet: 2,9

IPP
[00:16:02.448][Info]: [SPP_AND_LE]app_key_evnet: 2,9

[00:16:02.598][Info]: [SPP_AND_LE]app_key_evnet: 2,9

[00:16:02.748][Info]: [SPP_AND_LE]app_key_evnet: 2,9

IPP
[00:16:02.898][Info]: [SPP_AND_LE]app_key_evnet: 2,9

[00:16:03.048][Info]: [SPP_AND_LE]app_key_evnet: 2,9

[00:16:03.198][Info]: [SPP_AND_LE]app_key_evnet: 2,9

I
[00:16:03.348][Info]: [SPP_AND_LE]app_key_evnet: 2,9

PP
[00:16:03.498][Info]: [SPP_AND_LE]app_key_evnet: 2,9

[00:16:03.648][Info]: [SPP_AND_LE]app_key_evnet: 2,9

[00:16:03.798][Info]: [SPP_AND_LE]app_key_evnet: 2,9

IPP
[00:16:03.948][Info]: [SPP_AND_LE]app_key_evnet: 2,9

[00:16:04.098][Info]: [SPP_AND_LE]app_key_evnet: 2,9

[00:16:04.248][Info]: [SPP_AND_LE]app_key_evnet: 2,9

IPP
[00:16:04.398][Info]: [SPP_AND_LE]app_key_evnet: 2,9

[00:16:04.548][Info]: [SPP_AND_LE]app_key_evnet: 2,9

[00:16:04.698][Info]: [SPP_AND_LE]app_key_evnet: 2,9

I
[00:16:04.848][Info]: [SPP_AND_LE]app_key_evnet: 2,9

PP
[00:16:04.998][Info]: [SPP_AND_LE]app_key_evnet: 2,9

[00:16:05.148][Info]: [SPP_AND_LE]app_key_evnet: 2,9

[00:16:05.298][Info]: [SPP_AND_LE]app_key_evnet: 2,9

IPP
[00:16:05.448][Info]: [SPP_AND_LE]app_key_evnet: 2,9

[00:16:05.598][Info]: [SPP_AND_LE]app_key_evnet: 2,9

[00:16:05.748][Info]: [SPP_AND_LE]app_key_evnet: 2,9

IPP
[00:16:05.898][Info]: [SPP_AND_LE]app_key_evnet: 2,9

[00:16:06.048][Info]: [SPP_AND_LE]app_key_evnet: 2,9

[00:16:06.198][Info]: [SPP_AND_LE]app_key_evnet: 2,9

I
[00:16:06.348][Info]: [SPP_AND_LE]app_key_evnet: 2,9

PP
[00:16:06.498][Info]: [SPP_AND_LE]app_key_evnet: 2,9

[00:16:06.648][Info]: [SPP_AND_LE]app_key_evnet: 2,9

[00:16:06.798][Info]: [SPP_AND_LE]app_key_evnet: 2,9

IPP
[00:16:06.948][Info]: [SPP_AND_LE]app_key_evnet: 2,9

[00:16:07.098][Info]: [SPP_AND_LE]app_key_evnet: 2,9

[00:16:07.248][Info]: [SPP_AND_LE]app_key_evnet: 2,9

IPP
[00:16:07.398][Info]: [SPP_AND_LE]app_key_evnet: 2,9

[00:16:07.548][Info]: [SPP_AND_LE]app_key_evnet: 2,9

[00:16:07.698][Info]: [SPP_AND_LE]app_key_evnet: 2,9

I
[00:16:07.848][Info]: [SPP_AND_LE]app_key_evnet: 2,9

PP
[00:16:07.998][Info]: [SPP_AND_LE]app_key_evnet: 2,9

[00:16:08.148][Info]: [SPP_AND_LE]app_key_evnet: 2,9

[00:16:08.298][Info]: [SPP_AND_LE]app_key_evnet: 2,9

IPP
[00:16:08.448][Info]: [SPP_AND_LE]app_key_evnet: 2,9

[00:16:08.598][Info]: [SPP_AND_LE]app_key_evnet: 2,9

[00:16:08.748][Info]: [SPP_AND_LE]app_key_evnet: 2,9

IPP
[00:16:08.898][Info]: [SPP_AND_LE]app_key_evnet: 2,9

[00:16:09.048][Info]: [SPP_AND_LE]app_key_evnet: 2,9

[00:16:09.198][Info]: [SPP_AND_LE]app_key_evnet: 2,9

I
[00:16:09.348][Info]: [SPP_AND_LE]app_key_evnet: 2,9

PP
[00:16:09.498][Info]: [SPP_AND_LE]app_key_evnet: 2,9

[00:16:09.648][Info]: [SPP_AND_LE]app_key_evnet: 2,9

[00:16:09.798][Info]: [SPP_AND_LE]app_key_evnet: 2,9

IPP
[00:16:09.948][Info]: [SPP_AND_LE]app_key_evnet: 2,9

[00:16:10.098][Info]: [SPP_AND_LE]app_key_evnet: 2,9

[00:16:10.248][Info]: [SPP_AND_LE]app_key_evnet: 2,9

IP
[00:16:10.366][BLE_TRANS]WTYI dynamic name switch to: WTYI_BT_TEST_B
 
[00:16:10.368][Info]: [GATT_SERVER]adv_en:0

[00:16:10.368][Info]: [GATT_SERVER]server_work_st:20->2

[00:16:10.369][BLE_TRANS]server_state: handle=00,02
 
[00:16:10.371][Info]: [GATT_COMM]ble_comm_set_config_name

[00:16:10.372][Info]: [GATT_COMM]ble name(19): WTYI_BT_TEST_B(BLE) 

[00:16:10.373][BLE_TRANS]trans_adv_data(28): P
02 01 06 03 03 30 AF 14 09 57 54 59 49 5F 42 54 
5F 54 45 53 54 5F 42 28 42 4C 45 29 
[00:16:10.375][BLE_TRANS]rsp_data(0): 
[00:16:10.376][Info]: [GATT_SERVER]__gatt_server_just_new_dev_adv

[00:16:10.377][Info]: [GATT_SERVER]new_dev_adv

[00:16:10.378][Info]: [GATT_SERVER]adv_en:1

[00:16:10.379][Info]: [GATT_SERVER]server_work_st:2->20

[00:16:10.379][BLE_TRANS]server_state: handle=00,20
 
[00:16:10.398][Info]: [SPP_AND_LE]app_key_evnet: 2,9

[00:16:10.548][Info]: [SPP_AND_LE]app_key_evnet: 2,9

[00:16:10.698][Info]: [SPP_AND_LE]app_key_evnet: 2,9

I
[00:16:10.848][Info]: [SPP_AND_LE]app_key_evnet: 2,9

PP
[00:16:10.998][Info]: [SPP_AND_LE]app_key_evnet: 2,9

[00:16:11.148][Info]: [SPP_AND_LE]app_key_evnet: 2,9

[00:16:11.298][Info]: [SPP_AND_LE]app_key_evnet: 2,9

IPP
[00:16:11.448][Info]: [SPP_AND_LE]app_key_evnet: 2,9

[00:16:11.598][Info]: [SPP_AND_LE]app_key_evnet: 2,9

[00:16:11.748][Info]: [SPP_AND_LE]app_key_evnet: 2,9

IPP
[00:16:11.898][Info]: [SPP_AND_LE]app_key_evnet: 2,9

[00:16:12.048][Info]: [SPP_AND_LE]app_key_evnet: 2,9

[00:16:12.198][Info]: [SPP_AND_LE]app_key_evnet: 2,9

I
[00:16:12.348][Info]: [SPP_AND_LE]app_key_evnet: 2,9

PP
[00:16:12.498][Info]: [SPP_AND_LE]app_key_evnet: 2,9

[00:16:12.648][Info]: [SPP_AND_LE]app_key_evnet: 2,9

[00:16:12.798][Info]: [SPP_AND_LE]app_key_evnet: 2,9

IPP
[00:16:12.948][Info]: [SPP_AND_LE]app_key_evnet: 2,9

[00:16:13.098][Info]: [SPP_AND_LE]app_key_evnet: 2,9

[00:16:13.248][Info]: [SPP_AND_LE]app_key_evnet: 2,9

IPP
[00:16:13.398][Info]: [SPP_AND_LE]app_key_evnet: 2,9

[00:16:13.548][Info]: [SPP_AND_LE]app_key_evnet: 2,9

[00:16:13.698][Info]: [SPP_AND_LE]app_key_evnet: 2,9

I
[00:16:13.848][Info]: [SPP_AND_LE]app_key_evnet: 2,9

PP
[00:16:13.998][Info]: [SPP_AND_LE]app_key_evnet: 2,9

[00:16:14.148][Info]: [SPP_AND_LE]app_key_evnet: 2,9

[00:16:14.298][Info]: [SPP_AND_LE]app_key_evnet: 2,9

IPP
[00:16:14.448][Info]: [SPP_AND_LE]app_key_evnet: 2,9

[00:16:14.598][Info]: [SPP_AND_LE]app_key_evnet: 2,9

[00:16:14.748][Info]: [SPP_AND_LE]app_key_evnet: 2,9

IPP
[00:16:14.898][Info]: [SPP_AND_LE]app_key_evnet: 2,9

[00:16:15.048][Info]: [SPP_AND_LE]app_key_evnet: 2,9

[00:16:15.198][Info]: [SPP_AND_LE]app_key_evnet: 2,9

I
[00:16:15.348][Info]: [SPP_AND_LE]app_key_evnet: 2,9

PP
[00:16:15.498][Info]: [SPP_AND_LE]app_key_evnet: 2,9

[00:16:15.648][Info]: [SPP_AND_LE]app_key_evnet: 2,9

[00:16:15.798][Info]: [SPP_AND_LE]app_key_evnet: 2,9

IPP
[00:16:15.948][Info]: [SPP_AND_LE]app_key_evnet: 2,9

[00:16:16.098][Info]: [SPP_AND_LE]app_key_evnet: 2,9

[00:16:16.248][Info]: [SPP_AND_LE]app_key_evnet: 2,9

IPP
[00:16:16.398][Info]: [SPP_AND_LE]app_key_evnet: 2,9

[00:16:16.548][Info]: [SPP_AND_LE]app_key_evnet: 2,9

[00:16:16.698][Info]: [SPP_AND_LE]app_key_evnet: 2,9

I
[00:16:16.848][Info]: [SPP_AND_LE]app_key_evnet: 2,9

PP
[00:16:16.998][Info]: [SPP_AND_LE]app_key_evnet: 2,9

[00:16:17.148][Info]: [SPP_AND_LE]app_key_evnet: 2,9

[00:16:17.298][Info]: [SPP_AND_LE]app_key_evnet: 2,9

IPP
[00:16:17.448][Info]: [SPP_AND_LE]app_key_evnet: 2,9

[00:16:17.598][Info]: [SPP_AND_LE]app_key_evnet: 2,9

[00:16:17.748][Info]: [SPP_AND_LE]app_key_evnet: 2,9

IPP
[00:16:17.898][Info]: [SPP_AND_LE]app_key_evnet: 2,9

[00:16:18.048][Info]: [SPP_AND_LE]app_key_evnet: 2,9

[00:16:18.198][Info]: [SPP_AND_LE]app_key_evnet: 2,9

[00:16:18.348][Info]: [SPP_AND_LE]app_key_evnet: 2,9

IPP
[00:16:18.498][Info]: [SPP_AND_LE]app_key_evnet: 2,9

[00:16:18.648][Info]: [SPP_AND_LE]app_key_evnet: 2,9

[00:16:18.798][Info]: [SPP_AND_LE]app_key_evnet: 2,9

IPP
[00:16:18.948][Info]: [SPP_AND_LE]app_key_evnet: 2,9

[00:16:19.098][Info]: [SPP_AND_LE]app_key_evnet: 2,9

[00:16:19.248][Info]: [SPP_AND_LE]app_key_evnet: 2,9

IPP
[00:16:19.398][Info]: [SPP_AND_LE]app_key_evnet: 2,9

[00:16:19.548][Info]: [SPP_AND_LE]app_key_evnet: 2,9

[00:16:19.698][Info]: [SPP_AND_LE]app_key_evnet: 2,9

[00:16:19.848][Info]: [SPP_AND_LE]app_key_evnet: 2,9

IPP
[00:16:19.998][Info]: [SPP_AND_LE]app_key_evnet: 2,9

[00:16:20.148][Info]: [SPP_AND_LE]app_key_evnet: 2,9

[00:16:20.298][Info]: [SPP_AND_LE]app_key_evnet: 2,9

I
[00:16:20.366][BLE_TRANS]WTYI dynamic name switch to: WTYI_BT_TEST
 
[00:16:20.368][Info]: [GATT_SERVER]adv_en:0

[00:16:20.368][Info]: [GATT_SERVER]server_work_st:20->2

[00:16:20.369][BLE_TRANS]server_state: handle=00,02
 P
[00:16:20.371][Info]: [GATT_COMM]ble_comm_set_config_name

[00:16:20.372][Info]: [GATT_COMM]ble name(17): WTYI_BT_TEST(BLE) 

[00:16:20.373][BLE_TRANS]trans_adv_data(26): 
02 01 06 03 03 30 AF 12 09 57 54 59 49 5F 42 54 
5F 54 45 53 54 28 42 4C 45 29 
[00:16:20.375][BLE_TRANS]rsp_data(0): 
[00:16:20.376][Info]: [GATT_SERVER]__gatt_server_just_new_dev_adv

[00:16:20.377][Info]: [GATT_SERVER]new_dev_adv

[00:16:20.378][Info]: [GATT_SERVER]adv_en:1

[00:16:20.379][Info]: [GATT_SERVER]server_work_st:2->20

P
[00:16:20.379][BLE_TRANS]server_state: handle=00,20
 
[00:16:20.448][Info]: [SPP_AND_LE]app_key_evnet: 2,9

[00:16:20.598][Info]: [SPP_AND_LE]app_key_evnet: 2,9

[00:16:20.748][Info]: [SPP_AND_LE]app_key_evnet: 2,9

IPP
[00:16:20.898][Info]: [SPP_AND_LE]app_key_evnet: 2,9

[00:16:21.048][Info]: [SPP_AND_LE]app_key_evnet: 2,9

[00:16:21.198][Info]: [SPP_AND_LE]app_key_evnet: 2,9

[00:16:21.348][Info]: [SPP_AND_LE]app_key_evnet: 2,9

IPP
[00:16:21.498][Info]: [SPP_AND_LE]app_key_evnet: 2,9

[00:16:21.648][Info]: [SPP_AND_LE]app_key_evnet: 2,9

[00:16:21.798][Info]: [SPP_AND_LE]app_key_evnet: 2,9

IPP
[00:16:21.948][Info]: [SPP_AND_LE]app_key_evnet: 2,9

[00:16:22.098][Info]: [SPP_AND_LE]app_key_evnet: 2,9

[00:16:22.248][Info]: [SPP_AND_LE]app_key_evnet: 2,9

IPP
[00:16:22.398][Info]: [SPP_AND_LE]app_key_evnet: 2,9

[00:16:22.548][Info]: [SPP_AND_LE]app_key_evnet: 2,9

[00:16:22.698][Info]: [SPP_AND_LE]app_key_evnet: 2,9

[00:16:22.848][Info]: [SPP_AND_LE]app_key_evnet: 2,9

IPP
[00:16:22.998][Info]: [SPP_AND_LE]app_key_evnet: 2,9

[00:16:23.148][Info]: [SPP_AND_LE]app_key_evnet: 2,9

[00:16:23.298][Info]: [SPP_AND_LE]app_key_evnet: 2,9

IPP
[00:16:23.448][Info]: [SPP_AND_LE]app_key_evnet: 2,9

[00:16:23.598][Info]: [SPP_AND_LE]app_key_evnet: 2,9

[00:16:23.748][Info]: [SPP_AND_LE]app_key_evnet: 2,9

IPP
[00:16:23.898][Info]: [SPP_AND_LE]app_key_evnet: 2,9

[00:16:24.048][Info]: [SPP_AND_LE]app_key_evnet: 2,9

[00:16:24.198][Info]: [SPP_AND_LE]app_key_evnet: 2,9

[00:16:24.348][Info]: [SPP_AND_LE]app_key_evnet: 2,9

IPP
[00:16:24.498][Info]: [SPP_AND_LE]app_key_evnet: 2,9

[00:16:24.648][Info]: [SPP_AND_LE]app_key_evnet: 2,9

[00:16:24.798][Info]: [SPP_AND_LE]app_key_evnet: 2,9

IPP
[00:16:24.948][Info]: [SPP_AND_LE]app_key_evnet: 2,9

[00:16:25.098][Info]: [SPP_AND_LE]app_key_evnet: 2,9

[00:16:25.248][Info]: [SPP_AND_LE]app_key_evnet: 2,9

IPP
[00:16:25.398][Info]: [SPP_AND_LE]app_key_evnet: 2,9

[00:16:25.548][Info]: [SPP_AND_LE]app_key_evnet: 2,9

[00:16:25.698][Info]: [SPP_AND_LE]app_key_evnet: 2,9

[00:16:25.848][Info]: [SPP_AND_LE]app_key_evnet: 2,9

IPP
[00:16:25.998][Info]: [SPP_AND_LE]app_key_evnet: 2,9

[00:16:26.148][Info]: [SPP_AND_LE]app_key_evnet: 2,9

[00:16:26.298][Info]: [SPP_AND_LE]app_key_evnet: 2,9

IPP
[00:16:26.448][Info]: [SPP_AND_LE]app_key_evnet: 2,9

[00:16:26.598][Info]: [SPP_AND_LE]app_key_evnet: 2,9

[00:16:26.748][Info]: [SPP_AND_LE]app_key_evnet: 2,9

IPP
[00:16:26.898][Info]: [SPP_AND_LE]app_key_evnet: 2,9

[00:16:27.048][Info]: [SPP_AND_LE]app_key_evnet: 2,9

[00:16:27.198][Info]: [SPP_AND_LE]app_key_evnet: 2,9

[00:16:27.348][Info]: [SPP_AND_LE]app_key_evnet: 2,9

IPP
[00:16:27.498][Info]: [SPP_AND_LE]app_key_evnet: 2,9

[00:16:27.648][Info]: [SPP_AND_LE]app_key_evnet: 2,9

[00:16:27.798][Info]: [SPP_AND_LE]app_key_evnet: 2,9

IPP
[00:16:27.948][Info]: [SPP_AND_LE]app_key_evnet: 2,9

[00:16:28.098][Info]: [SPP_AND_LE]app_key_evnet: 2,9

[00:16:28.248][Info]: [SPP_AND_LE]app_key_evnet: 2,9

IPP
[00:16:28.398][Info]: [SPP_AND_LE]app_key_evnet: 2,9

[00:16:28.548][Info]: [SPP_AND_LE]app_key_evnet: 2,9

[00:16:28.698][Info]: [SPP_AND_LE]app_key_evnet: 2,9

[00:16:28.848][Info]: [SPP_AND_LE]app_key_evnet: 2,9

IPP
[00:16:28.998][Info]: [SPP_AND_LE]app_key_evnet: 2,9

[00:16:29.148][Info]: [SPP_AND_LE]app_key_evnet: 2,9

[00:16:29.298][Info]: [SPP_AND_LE]app_key_evnet: 2,9

IPP
[00:16:29.448][Info]: [SPP_AND_LE]app_key_evnet: 2,9

[00:16:29.598][Info]: [SPP_AND_LE]app_key_evnet: 2,9

[00:16:29.748][Info]: [SPP_AND_LE]app_key_evnet: 2,9

IPP
[00:16:29.898][Info]: [SPP_AND_LE]app_key_evnet: 2,9

[00:16:30.048][Info]: [SPP_AND_LE]app_key_evnet: 2,9

[00:16:30.198][Info]: [SPP_AND_LE]app_key_evnet: 2,9

[00:16:30.348][Info]: [SPP_AND_LE]app_key_evnet: 2,9

I
[00:16:30.366][BLE_TRANS]WTYI dynamic name switch to: WTYI_BT_TEST_B
 
[00:16:30.368][Info]: [GATT_SERVER]adv_en:0

[00:16:30.368][Info]: [GATT_SERVER]server_work_st:20->2

[00:16:30.369][BLE_TRANS]server_state: handle=00,02
 
[00:16:30.371][Info]: [GATT_COMM]ble_comm_set_config_name

[00:16:30.372][Info]: [GATT_COMM]ble name(19): WTYI_BT_TEST_B(BLE) 

P
[00:16:30.373][BLE_TRANS]trans_adv_data(28): 
02 01 06 03 03 30 AF 14 09 57 54 59 49 5F 42 54 
5F 54 45 53 54 5F 42 28 42 4C 45 29 
[00:16:30.375][BLE_TRANS]rsp_data(0): 
[00:16:30.376][Info]: [GATT_SERVER]__gatt_server_just_new_dev_adv

[00:16:30.377][Info]: [GATT_SERVER]new_dev_adv

[00:16:30.378][Info]: [GATT_SERVER]adv_en:1

[00:16:30.379][Info]: [GATT_SERVER]server_work_st:2->20

[00:16:30.379][BLE_TRANS]server_state: handle=00,20
 P
[00:16:30.498][Info]: [SPP_AND_LE]app_key_evnet: 2,9

[00:16:30.648][Info]: [SPP_AND_LE]app_key_evnet: 2,9

[00:16:30.798][Info]: [SPP_AND_LE]app_key_evnet: 2,9

IPP
[00:16:30.948][Info]: [SPP_AND_LE]app_key_evnet: 2,9

[00:16:31.098][Info]: [SPP_AND_LE]app_key_evnet: 2,9

[00:16:31.248][Info]: [SPP_AND_LE]app_key_evnet: 2,9

IPP
[00:16:31.398][Info]: [SPP_AND_LE]app_key_evnet: 2,9

[00:16:31.548][Info]: [SPP_AND_LE]app_key_evnet: 2,9

[00:16:31.698][Info]: [SPP_AND_LE]app_key_evnet: 2,9

[00:16:31.848][Info]: [SPP_AND_LE]app_key_evnet: 2,9

IPP
[00:16:31.998][Info]: [SPP_AND_LE]app_key_evnet: 2,9

[00:16:32.148][Info]: [SPP_AND_LE]app_key_evnet: 2,9

[00:16:32.298][Info]: [SPP_AND_LE]app_key_evnet: 2,9

IPP
[00:16:32.448][Info]: [SPP_AND_LE]app_key_evnet: 2,9

[00:16:32.598][Info]: [SPP_AND_LE]app_key_evnet: 2,9

[00:16:32.748][Info]: [SPP_AND_LE]app_key_evnet: 2,9

IPP
[00:16:32.898][Info]: [SPP_AND_LE]app_key_evnet: 2,9

[00:16:33.048][Info]: [SPP_AND_LE]app_key_evnet: 2,9

[00:16:33.198][Info]: [SPP_AND_LE]app_key_evnet: 2,9

[00:16:33.348][Info]: [SPP_AND_LE]app_key_evnet: 2,9

IPP
[00:16:33.498][Info]: [SPP_AND_LE]app_key_evnet: 2,9

[00:16:33.648][Info]: [SPP_AND_LE]app_key_evnet: 2,9

[00:16:33.798][Info]: [SPP_AND_LE]app_key_evnet: 2,9

IPP
[00:16:33.948][Info]: [SPP_AND_LE]app_key_evnet: 2,9

[00:16:34.098][Info]: [SPP_AND_LE]app_key_evnet: 2,9

[00:16:34.248][Info]: [SPP_AND_LE]app_key_evnet: 2,9

IPP
[00:16:34.398][Info]: [SPP_AND_LE]app_key_evnet: 2,9

[00:16:34.548][Info]: [SPP_AND_LE]app_key_evnet: 2,9

[00:16:34.698][Info]: [SPP_AND_LE]app_key_evnet: 2,9

[00:16:34.848][Info]: [SPP_AND_LE]app_key_evnet: 2,9

IPP
[00:16:34.998][Info]: [SPP_AND_LE]app_key_evnet: 2,9

[00:16:35.148][Info]: [SPP_AND_LE]app_key_evnet: 2,9

[00:16:35.298][Info]: [SPP_AND_LE]app_key_evnet: 2,9

IPP
[00:16:35.448][Info]: [SPP_AND_LE]app_key_evnet: 2,9

[00:16:35.598][Info]: [SPP_AND_LE]app_key_evnet: 2,9

[00:16:35.748][Info]: [SPP_AND_LE]app_key_evnet: 2,9

IPP
[00:16:35.898][Info]: [SPP_AND_LE]app_key_evnet: 2,9

[00:16:36.048][Info]: [SPP_AND_LE]app_key_evnet: 2,9

[00:16:36.198][Info]: [SPP_AND_LE]app_key_evnet: 2,9

[00:16:36.348][Info]: [SPP_AND_LE]app_key_evnet: 2,9

IPP
[00:16:36.498][Info]: [SPP_AND_LE]app_key_evnet: 2,9

[00:16:36.648][Info]: [SPP_AND_LE]app_key_evnet: 2,9

[00:16:36.798][Info]: [SPP_AND_LE]app_key_evnet: 2,9

IPP
[00:16:36.948][Info]: [SPP_AND_LE]app_key_evnet: 2,9

[00:16:37.098][Info]: [SPP_AND_LE]app_key_evnet: 2,9

[00:16:37.248][Info]: [SPP_AND_LE]app_key_evnet: 2,9

IPP
[00:16:37.398][Info]: [SPP_AND_LE]app_key_evnet: 2,9

[00:16:37.548][Info]: [SPP_AND_LE]app_key_evnet: 2,9

[00:16:37.698][Info]: [SPP_AND_LE]app_key_evnet: 2,9

[00:16:37.848][Info]: [SPP_AND_LE]app_key_evnet: 2,9

IPP
[00:16:37.998][Info]: [SPP_AND_LE]app_key_evnet: 2,9

[00:16:38.148][Info]: [SPP_AND_LE]app_key_evnet: 2,9

[00:16:38.298][Info]: [SPP_AND_LE]app_key_evnet: 2,9

IPP
[00:16:38.448][Info]: [SPP_AND_LE]app_key_evnet: 2,9

[00:16:38.598][Info]: [SPP_AND_LE]app_key_evnet: 2,9

[00:16:38.748][Info]: [SPP_AND_LE]app_key_evnet: 2,9

IPP
[00:16:38.898][Info]: [SPP_AND_LE]app_key_evnet: 2,9

[00:16:39.048][Info]: [SPP_AND_LE]app_key_evnet: 2,9

[00:16:39.198][Info]: [SPP_AND_LE]app_key_evnet: 2,9

[00:16:39.348][Info]: [SPP_AND_LE]app_key_evnet: 2,9

IPP
[00:16:39.498][Info]: [SPP_AND_LE]app_key_evnet: 2,9

[00:16:39.648][Info]: [SPP_AND_LE]app_key_evnet: 2,9

[00:16:39.798][Info]: [SPP_AND_LE]app_key_evnet: 2,9

IPP
[00:16:39.948][Info]: [SPP_AND_LE]app_key_evnet: 2,9

[00:16:40.098][Info]: [SPP_AND_LE]app_key_evnet: 2,9

[00:16:40.248][Info]: [SPP_AND_LE]app_key_evnet: 2,9

I
[00:16:40.366][BLE_TRANS]WTYI dynamic name switch to: WTYI_BT_TEST
 
[00:16:40.368][Info]: [GATT_SERVER]adv_en:0

[00:16:40.368][Info]: [GATT_SERVER]server_work_st:20->2

[00:16:40.369][BLE_TRANS]server_state: handle=00,02
 
[00:16:40.371][Info]: [GATT_COMM]ble_comm_set_config_name

[00:16:40.372][Info]: [GATT_COMM]ble name(17): WTYI_BT_TEST(BLE) 

[00:16:40.373][BLE_TRANS]trans_adv_data(26): 
02 01 06 03 03 30 AF 12 09 57 54 59 49 5F 42 54 
5F 54 45 53 54 28 42 4C 45 29 
[00:16:40.375][BLE_TRANS]rsp_data(0): 
[00:16:40.376][Info]: [GATT_SERVER]__gatt_server_just_new_dev_adv

[00:16:40.377][Info]: [GATT_SERVER]new_dev_adv

[00:16:40.378][Info]: [GATT_SERVER]adv_en:1

[00:16:40.378][Info]: [GATT_SERVER]server_work_st:2->20

P
[00:16:40.379][BLE_TRANS]server_state: handle=00,20
 P
[00:16:40.398][Info]: [SPP_AND_LE]app_key_evnet: 2,9

[00:16:40.548][Info]: [SPP_AND_LE]app_key_evnet: 2,9

[00:16:40.698][Info]: [SPP_AND_LE]app_key_evnet: 2,9

[00:16:40.848][Info]: [SPP_AND_LE]app_key_evnet: 2,9

IPP
[00:16:40.998][Info]: [SPP_AND_LE]app_key_evnet: 2,9

[00:16:41.148][Info]: [SPP_AND_LE]app_key_evnet: 2,9

[00:16:41.298][Info]: [SPP_AND_LE]app_key_evnet: 2,9

IPP
[00:16:41.448][Info]: [SPP_AND_LE]app_key_evnet: 2,9

[00:16:41.598][Info]: [SPP_AND_LE]app_key_evnet: 2,9

[00:16:41.748][Info]: [SPP_AND_LE]app_key_evnet: 2,9

IPP
[00:16:41.898][Info]: [SPP_AND_LE]app_key_evnet: 2,9

[00:16:42.048][Info]: [SPP_AND_LE]app_key_evnet: 2,9

[00:16:42.198][Info]: [SPP_AND_LE]app_key_evnet: 2,9

[00:16:42.348][Info]: [SPP_AND_LE]app_key_evnet: 2,9

IPP
[00:16:42.498][Info]: [SPP_AND_LE]app_key_evnet: 2,9

[00:16:42.648][Info]: [SPP_AND_LE]app_key_evnet: 2,9

[00:16:42.798][Info]: [SPP_AND_LE]app_key_evnet: 2,9

IPP
[00:16:42.948][Info]: [SPP_AND_LE]app_key_evnet: 2,9

[00:16:43.098][Info]: [SPP_AND_LE]app_key_evnet: 2,9

[00:16:43.248][Info]: [SPP_AND_LE]app_key_evnet: 2,9

IPP
[00:16:43.398][Info]: [SPP_AND_LE]app_key_evnet: 2,9

[00:16:43.548][Info]: [SPP_AND_LE]app_key_evnet: 2,9

[00:16:43.698][Info]: [SPP_AND_LE]app_key_evnet: 2,9

[00:16:43.848][Info]: [SPP_AND_LE]app_key_evnet: 2,9

IPP
[00:16:43.998][Info]: [SPP_AND_LE]app_key_evnet: 2,9

[00:16:44.148][Info]: [SPP_AND_LE]app_key_evnet: 2,9

[00:16:44.298][Info]: [SPP_AND_LE]app_key_evnet: 2,9

IPP
[00:16:44.448][Info]: [SPP_AND_LE]app_key_evnet: 2,9

[00:16:44.598][Info]: [SPP_AND_LE]app_key_evnet: 2,9

[00:16:44.748][Info]: [SPP_AND_LE]app_key_evnet: 2,9

IPP
[00:16:44.898][Info]: [SPP_AND_LE]app_key_evnet: 2,9

[00:16:45.048][Info]: [SPP_AND_LE]app_key_evnet: 2,9

[00:16:45.198][Info]: [SPP_AND_LE]app_key_evnet: 2,9

[00:16:45.348][Info]: [SPP_AND_LE]app_key_evnet: 2,9

IPP
[00:16:45.498][Info]: [SPP_AND_LE]app_key_evnet: 2,9

[00:16:45.648][Info]: [SPP_AND_LE]app_key_evnet: 2,9

[00:16:45.798][Info]: [SPP_AND_LE]app_key_evnet: 2,9

IPP
[00:16:45.948][Info]: [SPP_AND_LE]app_key_evnet: 2,9

[00:16:46.098][Info]: [SPP_AND_LE]app_key_evnet: 2,9

[00:16:46.248][Info]: [SPP_AND_LE]app_key_evnet: 2,9

[00:16:46.298][Info]: [SPP_AND_LE]app_key_evnet: 3,9

IPPIPPIPP
[00:16:47.458][Info]: [SPP_AND_LE]app_key_evnet: 1,9

[00:16:47.608][Info]: [SPP_AND_LE]app_key_evnet: 2,9

[00:16:47.758][Info]: [SPP_AND_LE]app_key_evnet: 2,9

IPP
[00:16:47.908][Info]: [SPP_AND_LE]app_key_evnet: 2,9

[00:16:48.058][Info]: [SPP_AND_LE]app_key_evnet: 2,9

[00:16:48.208][Info]: [SPP_AND_LE]app_key_evnet: 2,9

[00:16:48.298][Info]: [SPP_AND_LE]app_key_evnet: 3,9

IPPIPPIPP
[00:16:49.458][Info]: [SPP_AND_LE]app_key_evnet: 1,9

[00:16:49.608][Info]: [SPP_AND_LE]app_key_evnet: 2,9

[00:16:49.758][Info]: [SPP_AND_LE]app_key_evnet: 2,9

IPP
[00:16:49.908][Info]: [SPP_AND_LE]app_key_evnet: 2,9

[00:16:50.058][Info]: [SPP_AND_LE]app_key_evnet: 2,9

[00:16:50.208][Info]: [SPP_AND_LE]app_key_evnet: 2,9

[00:16:50.357][Info]: [SPP_AND_LE]app_key_evnet: 2,9

I
[00:16:50.366][BLE_TRANS]WTYI dynamic name switch to: WTYI_BT_TEST_B
 
[00:16:50.368][Info]: [GATT_SERVER]adv_en:0

[00:16:50.368][Info]: [GATT_SERVER]server_work_st:20->2

[00:16:50.369][BLE_TRANS]server_state: handle=00,02
 
[00:16:50.371][Info]: [GATT_COMM]ble_comm_set_config_name

[00:16:50.372][Info]: [GATT_COMM]ble name(19): WTYI_BT_TEST_B(BLE) 

[00:16:50.373][BLE_TRANS]trans_adv_data(28): 
02 01 06 03 03 30 AF 14 09 57 54 59 49 5F 42 54 
5F 54 45 53 54 5F 42 28 42 4C 45 29 
[00:16:50.375][BLE_TRANS]rsp_data(0): 
[00:16:50.376][Info]: [GATT_SERVER]__gatt_server_just_new_dev_adv

[00:16:50.377][Info]: [GATT_SERVER]new_dev_adv

[00:16:50.378][Info]: [GATT_SERVER]adv_en:1

[00:16:50.378][Info]: [GATT_SERVER]server_work_st:2->20

[00:16:50.379][BLE_TRANS]server_state: handle=00,20
 PP
[00:16:50.508][Info]: [SPP_AND_LE]app_key_evnet: 2,9

[00:16:50.658][Info]: [SPP_AND_LE]app_key_evnet: 2,9

[00:16:50.808][Info]: [SPP_AND_LE]app_key_evnet: 2,9

IPP
[00:16:50.958][Info]: [SPP_AND_LE]app_key_evnet: 2,9

[00:16:51.108][Info]: [SPP_AND_LE]app_key_evnet: 2,9

[00:16:51.258][Info]: [SPP_AND_LE]app_key_evnet: 2,9

IPP
[00:16:51.408][Info]: [SPP_AND_LE]app_key_evnet: 2,9

[00:16:51.558][Info]: [SPP_AND_LE]app_key_evnet: 2,9

[00:16:51.708][Info]: [SPP_AND_LE]app_key_evnet: 2,9

[00:16:51.858][Info]: [SPP_AND_LE]app_key_evnet: 2,9

IPP
[00:16:52.008][Info]: [SPP_AND_LE]app_key_evnet: 2,9

[00:16:52.158][Info]: [SPP_AND_LE]app_key_evnet: 2,9

[00:16:52.308][Info]: [SPP_AND_LE]app_key_evnet: 2,9

IPP
[00:16:52.458][Info]: [SPP_AND_LE]app_key_evnet: 2,9

[00:16:52.608][Info]: [SPP_AND_LE]app_key_evnet: 2,9

[00:16:52.758][Info]: [SPP_AND_LE]app_key_evnet: 2,9

IPP
[00:16:52.908][Info]: [SPP_AND_LE]app_key_evnet: 2,9

[00:16:53.058][Info]: [SPP_AND_LE]app_key_evnet: 2,9

[00:16:53.208][Info]: [SPP_AND_LE]app_key_evnet: 2,9

[00:16:53.358][Info]: [SPP_AND_LE]app_key_evnet: 2,9

IPP
[00:16:53.508][Info]: [SPP_AND_LE]app_key_evnet: 2,9

[00:16:53.658][Info]: [SPP_AND_LE]app_key_evnet: 2,9

[00:16:53.808][Info]: [SPP_AND_LE]app_key_evnet: 2,9

IPP
[00:16:53.958][Info]: [SPP_AND_LE]app_key_evnet: 2,9

[00:16:54.108][Info]: [SPP_AND_LE]app_key_evnet: 2,9

[00:16:54.258][Info]: [SPP_AND_LE]app_key_evnet: 2,9

IPP
[00:16:54.408][Info]: [SPP_AND_LE]app_key_evnet: 2,9

[00:16:54.558][Info]: [SPP_AND_LE]app_key_evnet: 2,9

[00:16:54.708][Info]: [SPP_AND_LE]app_key_evnet: 2,9

[00:16:54.858][Info]: [SPP_AND_LE]app_key_evnet: 2,9

IPP
[00:16:55.008][Info]: [SPP_AND_LE]app_key_evnet: 2,9

[00:16:55.158][Info]: [SPP_AND_LE]app_key_evnet: 2,9

IPPIPP
[00:16:56.108][Info]: [SPP_AND_LE]app_key_evnet: 1,9

[00:16:56.258][Info]: [SPP_AND_LE]app_key_evnet: 2,9

IPP
[00:16:56.408][Info]: [SPP_AND_LE]app_key_evnet: 2,9

[00:16:56.558][Info]: [SPP_AND_LE]app_key_evnet: 2,9

[00:16:56.708][Info]: [SPP_AND_LE]app_key_evnet: 2,9

[00:16:56.858][Info]: [SPP_AND_LE]app_key_evnet: 2,9

IPP
[00:16:57.008][Info]: [SPP_AND_LE]app_key_evnet: 2,9

[00:16:57.158][Info]: [SPP_AND_LE]app_key_evnet: 2,9

[00:16:57.308][Info]: [SPP_AND_LE]app_key_evnet: 2,9

IPP
[00:16:57.458][Info]: [SPP_AND_LE]app_key_evnet: 2,9

[00:16:57.608][Info]: [SPP_AND_LE]app_key_evnet: 2,9

[00:16:57.758][Info]: [SPP_AND_LE]app_key_evnet: 2,9

IPP
[00:16:57.908][Info]: [SPP_AND_LE]app_key_evnet: 2,9

[00:16:58.058][Info]: [SPP_AND_LE]app_key_evnet: 2,9

[00:16:58.208][Info]: [SPP_AND_LE]app_key_evnet: 2,9

[00:16:58.358][Info]: [SPP_AND_LE]app_key_evnet: 2,9

IPP
[00:16:58.508][Info]: [SPP_AND_LE]app_key_evnet: 2,9

[00:16:58.658][Info]: [SPP_AND_LE]app_key_evnet: 2,9

[00:16:58.808][Info]: [SPP_AND_LE]app_key_evnet: 2,9

IPP
[00:16:58.958][Info]: [SPP_AND_LE]app_key_evnet: 2,9

[00:16:59.108][Info]: [SPP_AND_LE]app_key_evnet: 2,9

[00:16:59.258][Info]: [SPP_AND_LE]app_key_evnet: 2,9

IPP
[00:16:59.408][Info]: [SPP_AND_LE]app_key_evnet: 2,9

[00:16:59.558][Info]: [SPP_AND_LE]app_key_evnet: 2,9

[00:16:59.708][Info]: [SPP_AND_LE]app_key_evnet: 2,9

[00:16:59.858][Info]: [SPP_AND_LE]app_key_evnet: 2,9

IPP
[00:17:00.008][Info]: [SPP_AND_LE]app_key_evnet: 2,9

[00:17:00.158][Info]: [SPP_AND_LE]app_key_evnet: 2,9

[00:17:00.308][Info]: [SPP_AND_LE]app_key_evnet: 2,9

[00:17:00.366][BLE_TRANS]WTYI dynamic name switch to: WTYI_BT_TEST
 
[00:17:00.368][Info]: [GATT_SERVER]adv_en:0

[00:17:00.368][Info]: [GATT_SERVER]server_work_st:20->2

I
[00:17:00.369][BLE_TRANS]server_state: handle=00,02
 
[00:17:00.371][Info]: [GATT_COMM]ble_comm_set_config_name

[00:17:00.372][Info]: [GATT_COMM]ble name(17): WTYI_BT_TEST(BLE) 

[00:17:00.373][BLE_TRANS]trans_adv_data(26): 
02 01 06 03 03 30 AF 12 09 57 54 59 49 5F 42 54 
5F 54 45 53 54 28 42 4C 45 29 
[00:17:00.375][BLE_TRANS]rsp_data(0): 
[00:17:00.376][Info]: [GATT_SERVER]__gatt_server_just_new_dev_adv

[00:17:00.377][Info]: [GATT_SERVER]new_dev_adv

[00:17:00.378][Info]: [GATT_SERVER]adv_en:1

[00:17:00.378][Info]: [GATT_SERVER]server_work_st:2->20

[00:17:00.379][BLE_TRANS]server_state: handle=00,20
 PP
[00:17:00.458][Info]: [SPP_AND_LE]app_key_evnet: 2,9

[00:17:00.608][Info]: [SPP_AND_LE]app_key_evnet: 2,9

[00:17:00.758][Info]: [SPP_AND_LE]app_key_evnet: 2,9

IPP
[00:17:00.908][Info]: [SPP_AND_LE]app_key_evnet: 2,9

[00:17:01.058][Info]: [SPP_AND_LE]app_key_evnet: 2,9

[00:17:01.208][Info]: [SPP_AND_LE]app_key_evnet: 2,9

[00:17:01.358][Info]: [SPP_AND_LE]app_key_evnet: 2,9

IPP
[00:17:01.508][Info]: [SPP_AND_LE]app_key_evnet: 2,9

[00:17:01.658][Info]: [SPP_AND_LE]app_key_evnet: 2,9

[00:17:01.808][Info]: [SPP_AND_LE]app_key_evnet: 2,9

IPP
[00:17:01.958][Info]: [SPP_AND_LE]app_key_evnet: 2,9

[00:17:02.108][Info]: [SPP_AND_LE]app_key_evnet: 2,9

[00:17:02.258][Info]: [SPP_AND_LE]app_key_evnet: 2,9

IPP
[00:17:02.408][Info]: [SPP_AND_LE]app_key_evnet: 2,9

[00:17:02.558][Info]: [SPP_AND_LE]app_key_evnet: 2,9

[00:17:02.708][Info]: [SPP_AND_LE]app_key_evnet: 2,9

[00:17:02.858][Info]: [SPP_AND_LE]app_key_evnet: 2,9

IPP
[00:17:03.008][Info]: [SPP_AND_LE]app_key_evnet: 2,9

[00:17:03.158][Info]: [SPP_AND_LE]app_key_evnet: 2,9

[00:17:03.308][Info]: [SPP_AND_LE]app_key_evnet: 2,9

IPP
[00:17:03.458][Info]: [SPP_AND_LE]app_key_evnet: 2,9

[00:17:03.608][Info]: [SPP_AND_LE]app_key_evnet: 2,9

[00:17:03.758][Info]: [SPP_AND_LE]app_key_evnet: 2,9

IPP
[00:17:03.908][Info]: [SPP_AND_LE]app_key_evnet: 2,9

[00:17:04.058][Info]: [SPP_AND_LE]app_key_evnet: 2,9

[00:17:04.208][Info]: [SPP_AND_LE]app_key_evnet: 2,9

[00:17:04.358][Info]: [SPP_AND_LE]app_key_evnet: 2,9

IPP
[00:17:04.508][Info]: [SPP_AND_LE]app_key_evnet: 2,9

[00:17:04.658][Info]: [SPP_AND_LE]app_key_evnet: 2,9

[00:17:04.808][Info]: [SPP_AND_LE]app_key_evnet: 2,9

IPP
[00:17:04.958][Info]: [SPP_AND_LE]app_key_evnet: 2,9

[00:17:05.108][Info]: [SPP_AND_LE]app_key_evnet: 2,9

[00:17:05.258][Info]: [SPP_AND_LE]app_key_evnet: 2,9

IPP
[00:17:05.408][Info]: [SPP_AND_LE]app_key_evnet: 2,9

[00:17:05.558][Info]: [SPP_AND_LE]app_key_evnet: 2,9

[00:17:05.708][Info]: [SPP_AND_LE]app_key_evnet: 2,9

[00:17:05.858][Info]: [SPP_AND_LE]app_key_evnet: 2,9

IPP
[00:17:06.008][Info]: [SPP_AND_LE]app_key_evnet: 2,9

[00:17:06.158][Info]: [SPP_AND_LE]app_key_evnet: 2,9

[00:17:06.308][Info]: [SPP_AND_LE]app_key_evnet: 2,9

IPP
[00:17:06.458][Info]: [SPP_AND_LE]app_key_evnet: 2,9

[00:17:06.608][Info]: [SPP_AND_LE]app_key_evnet: 2,9

IPPIPP
[00:17:07.758][Info]: [SPP_AND_LE]app_key_evnet: 1,9

IPP
[00:17:07.908][Info]: [SPP_AND_LE]app_key_evnet: 2,9

[00:17:08.058][Info]: [SPP_AND_LE]app_key_evnet: 2,9

[00:17:08.208][Info]: [SPP_AND_LE]app_key_evnet: 2,9

[00:17:08.358][Info]: [SPP_AND_LE]app_key_evnet: 2,9

IPP
[00:17:08.508][Info]: [SPP_AND_LE]app_key_evnet: 2,9

[00:17:08.658][Info]: [SPP_AND_LE]app_key_evnet: 2,9

IPPIPPIPP
[00:17:09.948][Info]: [SPP_AND_LE]app_key_evnet: 1,9

[00:17:10.098][Info]: [SPP_AND_LE]app_key_evnet: 2,9

[00:17:10.248][Info]: [SPP_AND_LE]app_key_evnet: 2,9

[00:17:10.366][BLE_TRANS]WTYI dynamic name switch to: WTYI_BT_TEST_B
 
[00:17:10.368][Info]: [GATT_SERVER]adv_en:0

[00:17:10.368][Info]: [GATT_SERVER]server_work_st:20->2

[00:17:10.369][BLE_TRANS]server_state: handle=00,02
 
[00:17:10.371][Info]: [GATT_COMM]ble_comm_set_config_name

[00:17:10.372][Info]: [GATT_COMM]ble name(19): WTYI_BT_TEST_B(BLE) 

[00:17:10.373][BLE_TRANS]trans_adv_data(28): 
02 01 06 03 03 30 AF 14 09 57 54 59 49 5F 42 54 
5F 54 45 53 54 5F 42 28 42 4C 45 29 
I
[00:17:10.375][BLE_TRANS]rsp_data(0): 
[00:17:10.376][Info]: [GATT_SERVER]__gatt_server_just_new_dev_adv

[00:17:10.377][Info]: [GATT_SERVER]new_dev_adv

[00:17:10.378][Info]: [GATT_SERVER]adv_en:1

[00:17:10.379][Info]: [GATT_SERVER]server_work_st:2->20

[00:17:10.379][BLE_TRANS]server_state: handle=00,20
 P
[00:17:10.398][Info]: [SPP_AND_LE]app_key_evnet: 2,9

P
[00:17:10.548][Info]: [SPP_AND_LE]app_key_evnet: 2,9

IPPIPPIPP
[00:17:11.998][Info]: [SPP_AND_LE]app_key_evnet: 1,9

[00:17:12.148][Info]: [SPP_AND_LE]app_key_evnet: 2,9

[00:17:12.298][Info]: [SPP_AND_LE]app_key_evnet: 2,9

IPP
[00:17:12.448][Info]: [SPP_AND_LE]app_key_evnet: 2,9

[00:17:12.598][Info]: [SPP_AND_LE]app_key_evnet: 2,9

IPPIPP
[00:17:13.518][Info]: [SPP_AND_LE]app_key_evnet: 1,9

[00:17:13.668][Info]: [SPP_AND_LE]app_key_evnet: 2,9

[00:17:13.818][Info]: [SPP_AND_LE]app_key_evnet: 2,9

IPP
[00:17:13.968][Info]: [SPP_AND_LE]app_key_evnet: 2,9

[00:17:14.118][Info]: [SPP_AND_LE]app_key_evnet: 2,9

[00:17:14.268][Info]: [SPP_AND_LE]app_key_evnet: 2,9

IPP
[00:17:14.418][Info]: [SPP_AND_LE]app_key_evnet: 2,9

[00:17:14.568][Info]: [SPP_AND_LE]app_key_evnet: 2,9

[00:17:14.718][Info]: [SPP_AND_LE]app_key_evnet: 2,9

[00:17:14.868][Info]: [SPP_AND_LE]app_key_evnet: 2,9

IPP
[00:17:15.018][Info]: [SPP_AND_LE]app_key_evnet: 2,9

[00:17:15.168][Info]: [SPP_AND_LE]app_key_evnet: 2,9

IPP
[00:17:15.418][Info]: [SPP_AND_LE]app_key_evnet: 2,9

IPPIPPIPPIPPIPPIPP
[00:17:18.508][Info]: [SPP_AND_LE]app_key_evnet: 0,9

IPPIPPIPP
[00:17:20.366][BLE_TRANS]WTYI dynamic name switch to: WTYI_BT_TEST
 
[00:17:20.368][Info]: [GATT_SERVER]adv_en:0

[00:17:20.368][Info]: [GATT_SERVER]server_work_st:20->2

[00:17:20.369][BLE_TRANS]server_state: handle=00,02
 
[00:17:20.371][Info]: [GATT_COMM]ble_comm_set_config_name

[00:17:20.372][Info]: [GATT_COMM]ble name(17): WTYI_BT_TEST(BLE) 

[00:17:20.373][BLE_TRANS]trans_adv_data(26): 
02 01 06 03 03 30 AF 12 09 57 54 59 49 5F 42 54 
5F 54 45 53 54 28 42 4C 45 29 
[00:17:20.375][BLE_TRANS]rsp_data(0): 
[00:17:20.376][Info]: [GATT_SERVER]__gatt_server_just_new_dev_adv

[00:17:20.377][Info]: [GATT_SERVER]new_dev_adv

[00:17:20.378][Info]: [GATT_SERVER]adv_en:1

[00:17:20.378][Info]: [GATT_SERVER]server_work_st:2->20

I
[00:17:20.379][BLE_TRANS]server_state: handle=00,20
 PP
[00:17:20.448][Info]: [SPP_AND_LE]app_key_evnet: 0,9

IPPIPPIPPIPP
[00:17:22.428][Info]: [SPP_AND_LE]app_key_evnet: 0,9

IPPIPPIPP
[00:17:23.948][Info]: [SPP_AND_LE]app_key_evnet: 1,8

[00:17:24.098][Info]: [SPP_AND_LE]app_key_evnet: 2,8

IPPIPP
[00:17:24.958][Info]: [SPP_AND_LE]app_key_evnet: 1,9

[00:17:25.108][Info]: [SPP_AND_LE]app_key_evnet: 2,9

IPPIPPIPPIPP
[00:17:26.958][Info]: [SPP_AND_LE]app_key_evnet: 1,9

[00:17:27.108][Info]: [SPP_AND_LE]app_key_evnet: 2,9

[00:17:27.258][Info]: [SPP_AND_LE]app_key_evnet: 2,9

IP
[00:17:27.408][Info]: [SPP_AND_LE]app_key_evnet: 2,9

P
[00:17:27.558][Info]: [SPP_AND_LE]app_key_evnet: 2,9

IPPIPPIPP
[00:17:28.948][Info]: [SPP_AND_LE]app_key_evnet: 0,9

IPPIPP
[00:17:30.366][BLE_TRANS]WTYI dynamic name switch to: WTYI_BT_TEST_B
 
[00:17:30.368][Info]: [GATT_SERVER]adv_en:0

[00:17:30.368][Info]: [GATT_SERVER]server_work_st:20->2

[00:17:30.369][BLE_TRANS]server_state: handle=00,02
 
[00:17:30.371][Info]: [GATT_COMM]ble_comm_set_config_name

[00:17:30.372][Info]: [GATT_COMM]ble name(19): WTYI_BT_TEST_B(BLE) 

[00:17:30.373][BLE_TRANS]trans_adv_data(28): 
02 01 06 03 03 30 AF 14 09 57 54 59 49 5F 42 54 
5F 54 45 53 54 5F 42 28 42 4C 45 29 
[00:17:30.375][BLE_TRANS]rsp_data(0): 
[00:17:30.376][Info]: [GATT_SERVER]__gatt_server_just_new_dev_adv

[00:17:30.377][Info]: [GATT_SERVER]new_dev_adv

[00:17:30.378][Info]: [GATT_SERVER]adv_en:1

[00:17:30.378][Info]: [GATT_SERVER]server_work_st:2->20

[00:17:30.379][BLE_TRANS]server_state: handle=00,20
 IPPIPPIPP
[00:17:31.418][Info]: [SPP_AND_LE]app_key_evnet: 1,9

[00:17:31.568][Info]: [SPP_AND_LE]app_key_evnet: 2,9

IPPIPP
[00:17:32.548][Info]: [SPP_AND_LE]app_key_evnet: 1,9

[00:17:32.698][Info]: [SPP_AND_LE]app_key_evnet: 2,9

[00:17:32.848][Info]: [SPP_AND_LE]app_key_evnet: 2,9

IPP
[00:17:32.998][Info]: [SPP_AND_LE]app_key_evnet: 2,9

[00:17:33.148][Info]: [SPP_AND_LE]app_key_evnet: 2,9

[00:17:33.298][Info]: [SPP_AND_LE]app_key_evnet: 2,9

IPP
[00:17:33.448][Info]: [SPP_AND_LE]app_key_evnet: 2,9

[00:17:33.598][Info]: [SPP_AND_LE]app_key_evnet: 2,9

[00:17:33.748][Info]: [SPP_AND_LE]app_key_evnet: 2,9

I
[00:17:33.898][Info]: [SPP_AND_LE]app_key_evnet: 2,9

PP
[00:17:34.048][Info]: [SPP_AND_LE]app_key_evnet: 2,9

[00:17:34.198][Info]: [SPP_AND_LE]app_key_evnet: 2,9

[00:17:34.348][Info]: [SPP_AND_LE]app_key_evnet: 2,9

IPP
[00:17:34.498][Info]: [SPP_AND_LE]app_key_evnet: 2,9

[00:17:34.648][Info]: [SPP_AND_LE]app_key_evnet: 2,9

[00:17:34.798][Info]: [SPP_AND_LE]app_key_evnet: 2,9

IPP
[00:17:34.948][Info]: [SPP_AND_LE]app_key_evnet: 2,9

[00:17:35.098][Info]: [SPP_AND_LE]app_key_evnet: 2,9

[00:17:35.248][Info]: [SPP_AND_LE]app_key_evnet: 2,9

[00:17:35.288][Info]: [SPP_AND_LE]app_key_evnet: 3,9

IPPIPPIPPIPPIPP
[00:17:37.458][Info]: [SPP_AND_LE]app_key_evnet: 1,9

[00:17:37.608][Info]: [SPP_AND_LE]app_key_evnet: 2,9

[00:17:37.758][Info]: [SPP_AND_LE]app_key_evnet: 2,9

I
[00:17:37.908][Info]: [SPP_AND_LE]app_key_evnet: 2,9

PP
[00:17:38.058][Info]: [SPP_AND_LE]app_key_evnet: 2,9

[00:17:38.258][Info]: [SPP_AND_LE]app_key_evnet: 2,9

I
[00:17:38.408][Info]: [SPP_AND_LE]app_key_evnet: 2,9

PP
[00:17:38.558][Info]: [SPP_AND_LE]app_key_evnet: 2,9

[00:17:38.708][Info]: [SPP_AND_LE]app_key_evnet: 2,9

[00:17:38.858][Info]: [SPP_AND_LE]app_key_evnet: 2,9

IPP
[00:17:39.008][Info]: [SPP_AND_LE]app_key_evnet: 2,9

[00:17:39.158][Info]: [SPP_AND_LE]app_key_evnet: 2,9

[00:17:39.308][Info]: [SPP_AND_LE]app_key_evnet: 2,9

IPP
[00:17:39.458][Info]: [SPP_AND_LE]app_key_evnet: 2,9

[00:17:39.608][Info]: [SPP_AND_LE]app_key_evnet: 2,9

[00:17:39.758][Info]: [SPP_AND_LE]app_key_evnet: 2,9

I
[00:17:39.908][Info]: [SPP_AND_LE]app_key_evnet: 2,9

PP
[00:17:40.058][Info]: [SPP_AND_LE]app_key_evnet: 2,9

[00:17:40.208][Info]: [SPP_AND_LE]app_key_evnet: 2,9

[00:17:40.357][Info]: [SPP_AND_LE]app_key_evnet: 2,9

[00:17:40.366][BLE_TRANS]WTYI dynamic name switch to: WTYI_BT_TEST
 
[00:17:40.368][Info]: [GATT_SERVER]adv_en:0

[00:17:40.368][Info]: [GATT_SERVER]server_work_st:20->2

[00:17:40.369][BLE_TRANS]server_state: handle=00,02
 
[00:17:40.371][Info]: [GATT_COMM]ble_comm_set_config_name

[00:17:40.372][Info]: [GATT_COMM]ble name(17): WTYI_BT_TEST(BLE) 

[00:17:40.373][BLE_TRANS]trans_adv_data(26): 
02 01 06 03 03 30 AF 12 09 57 54 59 49 5F 42 54 
5F 54 45 53 54 28 42 4C 45 29 
[00:17:40.375][BLE_TRANS]rsp_data(0): 
[00:17:40.376][Info]: [GATT_SERVER]__gatt_server_just_new_dev_adv

[00:17:40.377][Info]: [GATT_SERVER]new_dev_adv

[00:17:40.378][Info]: [GATT_SERVER]adv_en:1

[00:17:40.378][Info]: [GATT_SERVER]server_work_st:2->20

[00:17:40.379][BLE_TRANS]server_state: handle=00,20
 IPP
[00:17:40.508][Info]: [SPP_AND_LE]app_key_evnet: 2,9

[00:17:40.658][Info]: [SPP_AND_LE]app_key_evnet: 2,9

[00:17:40.808][Info]: [SPP_AND_LE]app_key_evnet: 2,9

IPP
[00:17:40.958][Info]: [SPP_AND_LE]app_key_evnet: 2,9

[00:17:41.108][Info]: [SPP_AND_LE]app_key_evnet: 2,9

[00:17:41.258][Info]: [SPP_AND_LE]app_key_evnet: 2,9

I
[00:17:41.408][Info]: [SPP_AND_LE]app_key_evnet: 2,9

PP
[00:17:41.558][Info]: [SPP_AND_LE]app_key_evnet: 2,9

[00:17:41.708][Info]: [SPP_AND_LE]app_key_evnet: 2,9

[00:17:41.788][Info]: [SPP_AND_LE]app_key_evnet: 3,9

IPPIPPIPPIPPIPP
[00:17:43.948][Info]: [SPP_AND_LE]app_key_evnet: 1,9

[00:17:44.098][Info]: [SPP_AND_LE]app_key_evnet: 2,9

[00:17:44.248][Info]: [SPP_AND_LE]app_key_evnet: 2,9

I
[00:17:44.398][Info]: [SPP_AND_LE]app_key_evnet: 2,9

PP
[00:17:44.548][Info]: [SPP_AND_LE]app_key_evnet: 2,9

IPPIPP
[00:17:45.498][Info]: [SPP_AND_LE]app_key_evnet: 1,9

[00:17:45.648][Info]: [SPP_AND_LE]app_key_evnet: 2,9

[00:17:45.798][Info]: [SPP_AND_LE]app_key_evnet: 2,9

IPP
[00:17:45.948][Info]: [SPP_AND_LE]app_key_evnet: 2,9

[00:17:46.098][Info]: [SPP_AND_LE]app_key_evnet: 2,9

[00:17:46.248][Info]: [SPP_AND_LE]app_key_evnet: 2,9

I
[00:17:46.398][Info]: [SPP_AND_LE]app_key_evnet: 2,9

PP
[00:17:46.548][Info]: [SPP_AND_LE]app_key_evnet: 2,9

[00:17:46.698][Info]: [SPP_AND_LE]app_key_evnet: 2,9

[00:17:46.848][Info]: [SPP_AND_LE]app_key_evnet: 2,9

IPP
[00:17:46.998][Info]: [SPP_AND_LE]app_key_evnet: 2,9

[00:17:47.148][Info]: [SPP_AND_LE]app_key_evnet: 2,9

[00:17:47.298][Info]: [SPP_AND_LE]app_key_evnet: 2,9

IPP
[00:17:47.448][Info]: [SPP_AND_LE]app_key_evnet: 2,9

[00:17:47.598][Info]: [SPP_AND_LE]app_key_evnet: 2,9

[00:17:47.748][Info]: [SPP_AND_LE]app_key_evnet: 2,9

I
[00:17:47.898][Info]: [SPP_AND_LE]app_key_evnet: 2,9

PP
[00:17:48.048][Info]: [SPP_AND_LE]app_key_evnet: 2,9

[00:17:48.198][Info]: [SPP_AND_LE]app_key_evnet: 2,9

[00:17:48.348][Info]: [SPP_AND_LE]app_key_evnet: 2,9

I
[00:17:48.398][Info]: [SPP_AND_LE]app_key_evnet: 3,9

PPIPPIPPIPP
[00:17:50.366][BLE_TRANS]WTYI dynamic name switch to: WTYI_BT_TEST_B
 
[00:17:50.368][Info]: [GATT_SERVER]adv_en:0

[00:17:50.368][Info]: [GATT_SERVER]server_work_st:20->2

[00:17:50.369][BLE_TRANS]server_state: handle=00,02
 
[00:17:50.371][Info]: [GATT_COMM]ble_comm_set_config_name

[00:17:50.372][Info]: [GATT_COMM]ble name(19): WTYI_BT_TEST_B(BLE) 

[00:17:50.373][BLE_TRANS]trans_adv_data(28): 
02 01 06 03 03 30 AF 14 09 57 54 59 49 5F 42 54 
5F 54 45 53 54 5F 42 28 42 4C 45 29 
[00:17:50.375][BLE_TRANS]rsp_data(0): 
[00:17:50.376][Info]: [GATT_SERVER]__gatt_server_just_new_dev_adv

[00:17:50.377][Info]: [GATT_SERVER]new_dev_adv

[00:17:50.378][Info]: [GATT_SERVER]adv_en:1

[00:17:50.378][Info]: [GATT_SERVER]server_work_st:2->20

[00:17:50.379][BLE_TRANS]server_state: handle=00,20
 IPP
[00:17:50.468][Info]: [SPP_AND_LE]app_key_evnet: 0,9

IPPIPPIPP
[00:17:52.008][Info]: [SPP_AND_LE]app_key_evnet: 1,9

[00:17:52.158][Info]: [SPP_AND_LE]app_key_evnet: 2,9

[00:17:52.308][Info]: [SPP_AND_LE]app_key_evnet: 2,9

IPP
[00:17:52.458][Info]: [SPP_AND_LE]app_key_evnet: 2,9

[00:17:52.608][Info]: [SPP_AND_LE]app_key_evnet: 2,9

[00:17:52.758][Info]: [SPP_AND_LE]app_key_evnet: 2,9

I
[00:17:52.908][Info]: [SPP_AND_LE]app_key_evnet: 2,9

PP
[00:17:53.058][Info]: [SPP_AND_LE]app_key_evnet: 2,9

[00:17:53.208][Info]: [SPP_AND_LE]app_key_evnet: 2,9

[00:17:53.358][Info]: [SPP_AND_LE]app_key_evnet: 2,9

IPP
[00:17:53.508][Info]: [SPP_AND_LE]app_key_evnet: 2,9

[00:17:53.658][Info]: [SPP_AND_LE]app_key_evnet: 2,9

[00:17:53.808][Info]: [SPP_AND_LE]app_key_evnet: 2,9

IPP
[00:17:53.958][Info]: [SPP_AND_LE]app_key_evnet: 2,9

[00:17:54.108][Info]: [SPP_AND_LE]app_key_evnet: 2,9

[00:17:54.258][Info]: [SPP_AND_LE]app_key_evnet: 2,9

I
[00:17:54.408][Info]: [SPP_AND_LE]app_key_evnet: 2,9

PP
[00:17:54.558][Info]: [SPP_AND_LE]app_key_evnet: 2,9

[00:17:54.708][Info]: [SPP_AND_LE]app_key_evnet: 2,9

[00:17:54.858][Info]: [SPP_AND_LE]app_key_evnet: 2,9

IPP
[00:17:55.008][Info]: [SPP_AND_LE]app_key_evnet: 2,9

[00:17:55.158][Info]: [SPP_AND_LE]app_key_evnet: 2,9

[00:17:55.308][Info]: [SPP_AND_LE]app_key_evnet: 2,9

IPP
[00:17:55.458][Info]: [SPP_AND_LE]app_key_evnet: 2,9

[00:17:55.608][Info]: [SPP_AND_LE]app_key_evnet: 2,9

[00:17:55.758][Info]: [SPP_AND_LE]app_key_evnet: 2,9

I
[00:17:55.908][Info]: [SPP_AND_LE]app_key_evnet: 2,9

PP
[00:17:56.058][Info]: [SPP_AND_LE]app_key_evnet: 2,9

[00:17:56.208][Info]: [SPP_AND_LE]app_key_evnet: 2,9

[00:17:56.358][Info]: [SPP_AND_LE]app_key_evnet: 2,9

IPP
[00:17:56.508][Info]: [SPP_AND_LE]app_key_evnet: 2,9

[00:17:56.658][Info]: [SPP_AND_LE]app_key_evnet: 2,9

[00:17:56.808][Info]: [SPP_AND_LE]app_key_evnet: 2,9

IPP
[00:17:56.958][Info]: [SPP_AND_LE]app_key_evnet: 2,9

[00:17:57.108][Info]: [SPP_AND_LE]app_key_evnet: 2,9

[00:17:57.258][Info]: [SPP_AND_LE]app_key_evnet: 2,9

I
[00:17:57.408][Info]: [SPP_AND_LE]app_key_evnet: 2,9

PP
[00:17:57.558][Info]: [SPP_AND_LE]app_key_evnet: 2,9

[00:17:57.708][Info]: [SPP_AND_LE]app_key_evnet: 2,9

[00:17:57.858][Info]: [SPP_AND_LE]app_key_evnet: 2,9

IPP
[00:17:58.008][Info]: [SPP_AND_LE]app_key_evnet: 2,9

[00:17:58.158][Info]: [SPP_AND_LE]app_key_evnet: 2,9

[00:17:58.308][Info]: [SPP_AND_LE]app_key_evnet: 2,9

IPP
[00:17:58.458][Info]: [SPP_AND_LE]app_key_evnet: 2,9

[00:17:58.608][Info]: [SPP_AND_LE]app_key_evnet: 2,9

[00:17:58.778][Info]: [SPP_AND_LE]app_key_evnet: 3,9

IPPIPPIPP
[00:18:00.366][BLE_TRANS]WTYI dynamic name switch to: WTYI_BT_TEST
 
[00:18:00.368][Info]: [GATT_SERVER]adv_en:0

[00:18:00.368][Info]: [GATT_SERVER]server_work_st:20->2

[00:18:00.369][BLE_TRANS]server_state: handle=00,02
 
[00:18:00.371][Info]: [GATT_COMM]ble_comm_set_config_name

[00:18:00.372][Info]: [GATT_COMM]ble name(17): WTYI_BT_TEST(BLE) 

[00:18:00.373][BLE_TRANS]trans_adv_data(26): 
02 01 06 03 03 30 AF 12 09 57 54 59 49 5F 42 54 
5F 54 45 53 54 28 42 4C 45 29 
[00:18:00.375][BLE_TRANS]rsp_data(0): 
[00:18:00.376][Info]: [GATT_SERVER]__gatt_server_just_new_dev_adv

[00:18:00.377][Info]: [GATT_SERVER]new_dev_adv

[00:18:00.378][Info]: [GATT_SERVER]adv_en:1

[00:18:00.378][Info]: [GATT_SERVER]server_work_st:2->20

[00:18:00.379][BLE_TRANS]server_state: handle=00,20
 IPP
[00:18:00.708][Info]: [SPP_AND_LE]app_key_evnet: 1,9

[00:18:00.858][Info]: [SPP_AND_LE]app_key_evnet: 2,9

IPP
[00:18:01.008][Info]: [SPP_AND_LE]app_key_evnet: 2,9

[00:18:01.158][Info]: [SPP_AND_LE]app_key_evnet: 2,9

[00:18:01.308][Info]: [SPP_AND_LE]app_key_evnet: 2,9

IPP
[00:18:01.458][Info]: [SPP_AND_LE]app_key_evnet: 2,9

[00:18:01.608][Info]: [SPP_AND_LE]app_key_evnet: 2,9

[00:18:01.808][Info]: [SPP_AND_LE]app_key_evnet: 2,9

IPP
[00:18:01.958][Info]: [SPP_AND_LE]app_key_evnet: 2,9

[00:18:02.108][Info]: [SPP_AND_LE]app_key_evnet: 2,9

[00:18:02.258][Info]: [SPP_AND_LE]app_key_evnet: 2,9

I
[00:18:02.408][Info]: [SPP_AND_LE]app_key_evnet: 2,9

PP
[00:18:02.558][Info]: [SPP_AND_LE]app_key_evnet: 2,9

[00:18:02.708][Info]: [SPP_AND_LE]app_key_evnet: 2,9

[00:18:02.858][Info]: [SPP_AND_LE]app_key_evnet: 2,9

IPP
[00:18:03.008][Info]: [SPP_AND_LE]app_key_evnet: 2,9

[00:18:03.158][Info]: [SPP_AND_LE]app_key_evnet: 2,9

[00:18:03.308][Info]: [SPP_AND_LE]app_key_evnet: 2,9

IPP
[00:18:03.458][Info]: [SPP_AND_LE]app_key_evnet: 2,9

[00:18:03.608][Info]: [SPP_AND_LE]app_key_evnet: 2,9

[00:18:03.758][Info]: [SPP_AND_LE]app_key_evnet: 2,9

I
[00:18:03.908][Info]: [SPP_AND_LE]app_key_evnet: 2,9

PP
[00:18:04.058][Info]: [SPP_AND_LE]app_key_evnet: 2,9

[00:18:04.208][Info]: [SPP_AND_LE]app_key_evnet: 2,9

[00:18:04.358][Info]: [SPP_AND_LE]app_key_evnet: 2,9

IPP
[00:18:04.508][Info]: [SPP_AND_LE]app_key_evnet: 2,9

[00:18:04.658][Info]: [SPP_AND_LE]app_key_evnet: 2,9

[00:18:04.808][Info]: [SPP_AND_LE]app_key_evnet: 2,9

IPP
[00:18:04.958][Info]: [SPP_AND_LE]app_key_evnet: 2,9

[00:18:05.108][Info]: [SPP_AND_LE]app_key_evnet: 2,9

[00:18:05.258][Info]: [SPP_AND_LE]app_key_evnet: 2,9

I
[00:18:05.408][Info]: [SPP_AND_LE]app_key_evnet: 2,9

PP
[00:18:05.558][Info]: [SPP_AND_LE]app_key_evnet: 2,9

[00:18:05.708][Info]: [SPP_AND_LE]app_key_evnet: 2,9

[00:18:05.858][Info]: [SPP_AND_LE]app_key_evnet: 2,9

IPP
[00:18:06.008][Info]: [SPP_AND_LE]app_key_evnet: 2,9

[00:18:06.158][Info]: [SPP_AND_LE]app_key_evnet: 2,9

[00:18:06.308][Info]: [SPP_AND_LE]app_key_evnet: 2,9

IPP
[00:18:06.458][Info]: [SPP_AND_LE]app_key_evnet: 2,9

[00:18:06.608][Info]: [SPP_AND_LE]app_key_evnet: 2,9

[00:18:06.758][Info]: [SPP_AND_LE]app_key_evnet: 2,9

I
[00:18:06.908][Info]: [SPP_AND_LE]app_key_evnet: 2,9

PP
[00:18:07.058][Info]: [SPP_AND_LE]app_key_evnet: 2,9

[00:18:07.208][Info]: [SPP_AND_LE]app_key_evnet: 2,9

[00:18:07.308][Info]: [SPP_AND_LE]app_key_evnet: 3,9

IPPIPPIPPIPP
[00:18:08.998][Info]: [SPP_AND_LE]app_key_evnet: 1,9

[00:18:09.148][Info]: [SPP_AND_LE]app_key_evnet: 2,9

[00:18:09.268][Info]: [SPP_AND_LE]app_key_evnet: 3,9

IPPIPP
[00:18:10.366][BLE_TRANS]WTYI dynamic name switch to: WTYI_BT_TEST_B
 
[00:18:10.368][Info]: [GATT_SERVER]adv_en:0

[00:18:10.368][Info]: [GATT_SERVER]server_work_st:20->2

[00:18:10.369][BLE_TRANS]server_state: handle=00,02
 
[00:18:10.371][Info]: [GATT_COMM]ble_comm_set_config_name

[00:18:10.372][Info]: [GATT_COMM]ble name(19): WTYI_BT_TEST_B(BLE) 

[00:18:10.373][BLE_TRANS]trans_adv_data(28): 
02 01 06 03 03 30 AF 14 09 57 54 59 49 5F 42 54 
5F 54 45 53 54 5F 42 28 42 4C 45 29 
[00:18:10.375][BLE_TRANS]rsp_data(0): 
[00:18:10.376][Info]: [GATT_SERVER]__gatt_server_just_new_dev_adv

[00:18:10.377][Info]: [GATT_SERVER]new_dev_adv

[00:18:10.378][Info]: [GATT_SERVER]adv_en:1

[00:18:10.378][Info]: [GATT_SERVER]server_work_st:2->20

[00:18:10.379][BLE_TRANS]server_state: handle=00,20
 IPPIPPIPPIPPIPP