2026-07-10 15:46:22.478   Log opened. (Time zone: UTC+08:00)
2026-07-10 15:46:22.478   Setup version: Inno Setup version 5.6.1 (u)
2026-07-10 15:46:22.478   Original Setup EXE: D:\23178\JL\tools\installers\jieli-windows-toolchains-latest.exe
2026-07-10 15:46:22.478   Setup command line: /SL5="$708DA,52383144,121344,D:\23178\JL\tools\installers\jieli-windows-toolchains-latest.exe" /SPAWNWND=$7117E /NOTIFYWND=$F13F4 /SP- /VERYSILENT /SUPPRESSMSGBOXES /NORESTART /CURRENTUSER /DIR=D:\23178\JL\tools\JieliToolchain /LOG=D:\23178\JL\logs\jieli_toolchain_install_final.log
2026-07-10 15:46:22.478   Windows version: 10.0.26200  (NT platform: Yes)
2026-07-10 15:46:22.478   64-bit Windows: Yes
2026-07-10 15:46:22.478   Processor architecture: x64
2026-07-10 15:46:22.478   User privileges: Administrative
2026-07-10 15:46:22.484   64-bit install mode: No
2026-07-10 15:46:22.490   Created temporary directory: C:\Users\23178\AppData\Local\Temp\is-8NNUT.tmp
2026-07-10 15:46:22.498   -- DLL function import --
2026-07-10 15:46:22.498   Function name: IsModuleLoaded
2026-07-10 15:46:22.498   DLL name: files:psvince.dll
2026-07-10 15:46:22.498   Extracting temporary file: C:\Users\23178\AppData\Local\Temp\is-8NNUT.tmp\psvince.dll
2026-07-10 15:46:22.502   Dest DLL name: C:\Users\23178\AppData\Local\Temp\is-8NNUT.tmp\psvince.dll
2026-07-10 15:46:22.502   Importing the DLL function.
2026-07-10 15:46:22.503   Successfully imported the DLL function. Delay loaded? No
2026-07-10 15:46:22.503   -- DLL function import --
2026-07-10 15:46:22.503   Function name: IsModuleLoaded2
2026-07-10 15:46:22.503   DLL name: files:psvince.dll
2026-07-10 15:46:22.503   Dest DLL name: C:\Users\23178\AppData\Local\Temp\is-8NNUT.tmp\psvince.dll
2026-07-10 15:46:22.503   Importing the DLL function.
2026-07-10 15:46:22.503   Successfully imported the DLL function. Delay loaded? No
2026-07-10 15:46:22.503   Message box (OK):
                          本安装只对当前用户有效、请确保已经打开并关闭过CodeBlocks（见说明书），否则安装可能失败
2026-07-10 15:46:55.833   User chose OK.
2026-07-10 15:46:55.853   Message box (OK):
                          请确保已经关闭CodeBlocks（见说明书），否则安装可能失败
2026-07-10 15:46:56.675   User chose OK.
2026-07-10 15:46:56.694   Message box (OK):
                          请确保已经关闭CodeBlocks（见说明书），否则安装可能失败
2026-07-10 15:46:57.047   User chose OK.
2026-07-10 15:46:57.066   Message box (OK):
                          请确保已经关闭CodeBlocks（见说明书），否则安装可能失败
2026-07-10 15:46:57.256   User chose OK.
2026-07-10 15:46:57.276   Message box (OK):
                          请确保已经关闭CodeBlocks（见说明书），否则安装可能失败
2026-07-10 15:46:57.456   User chose OK.
2026-07-10 15:46:57.475   Message box (OK):
                          请确保已经关闭CodeBlocks（见说明书），否则安装可能失败
2026-07-10 15:46:57.639   User chose OK.
2026-07-10 15:46:57.660   Message box (OK):
                          请确保已经关闭CodeBlocks（见说明书），否则安装可能失败
2026-07-10 15:46:57.854   User chose OK.
2026-07-10 15:46:57.876   Message box (OK):
                          请确保已经关闭CodeBlocks（见说明书），否则安装可能失败
2026-07-10 15:46:58.054   User chose OK.
2026-07-10 15:46:58.074   Message box (OK):
                          请确保已经关闭CodeBlocks（见说明书），否则安装可能失败
2026-07-10 15:46:58.276   User chose OK.
2026-07-10 15:46:58.300   Message box (OK):
                          请确保已经关闭CodeBlocks（见说明书），否则安装可能失败
2026-07-10 15:47:06.568   User chose OK.
2026-07-10 15:47:06.588   Message box (OK):
                          请确保已经关闭CodeBlocks（见说明书），否则安装可能失败
2026-07-10 15:49:10.498   User chose OK.
2026-07-10 15:49:10.519   Message box (OK):
                          安装完毕后，会有更新说明弹出，请注意查看
2026-07-10 15:49:11.708   User chose OK.
2026-07-10 15:49:12.131   Starting the installation process.
2026-07-10 15:49:12.137   Creating directory: D:\23178\JL\tools\JieliToolchain
2026-07-10 15:49:12.137   Creating directory: C:\JL
2026-07-10 15:49:12.138   Creating directory: C:\JL\mc
2026-07-10 15:49:12.138   Creating directory: C:\JL\mc\lib
2026-07-10 15:49:12.138   Creating directory: C:\JL\mc\lib\output
2026-07-10 15:49:12.138   Creating directory: C:\JL\mc\man
2026-07-10 15:49:12.139   Creating directory: C:\JL\mc\new
2026-07-10 15:49:12.139   Creating directory: C:\JL\mc\new\lib
2026-07-10 15:49:12.139   Creating directory: C:\JL\mc\share
2026-07-10 15:49:12.139   Creating directory: C:\JL\mc\share\gdb
2026-07-10 15:49:12.139   Creating directory: C:\JL\mc\share\gdb\python
2026-07-10 15:49:12.140   Creating directory: C:\JL\mc\share\gdb\python\gdb
2026-07-10 15:49:12.140   Creating directory: C:\JL\pi32
2026-07-10 15:49:12.140   Creating directory: C:\JL\pi32\include
2026-07-10 15:49:12.140   Creating directory: C:\JL\pi32\include\libc
2026-07-10 15:49:12.140   Creating directory: C:\JL\pi32\include\libc\bits
2026-07-10 15:49:12.141   Creating directory: C:\JL\pi32\pi32v2-include
2026-07-10 15:49:12.141   Creating directory: C:\JL\pi32\pi32v2-include\bits
2026-07-10 15:49:12.141   Creating directory: C:\JL\pi32\pi32v2-include\rpc
2026-07-10 15:49:12.141   Creating directory: C:\JL\pi32\q32s-include
2026-07-10 15:49:12.142   Creating directory: C:\JL\pi32\q32s-include\bits
2026-07-10 15:49:12.142   Creating directory: C:\JL\pi32\q32s-include\rpc
2026-07-10 15:49:12.142   Directory for uninstall files: D:\23178\JL\tools\JieliToolchain
2026-07-10 15:49:12.142   Creating new uninstall log: D:\23178\JL\tools\JieliToolchain\unins000.dat
2026-07-10 15:49:12.151   -- File entry --
2026-07-10 15:49:12.152   Dest filename: D:\23178\JL\tools\JieliToolchain\unins000.exe
2026-07-10 15:49:12.154   Time stamp of our file: 2026-07-10 15:46:22.411
2026-07-10 15:49:12.154   Installing the file.
2026-07-10 15:49:12.156   Uninstaller requires administrator: Yes
2026-07-10 15:49:12.164   Successfully installed the file.
2026-07-10 15:49:12.164   -- File entry --
2026-07-10 15:49:12.164   Dest filename: C:\JL\mc\info.rar
2026-07-10 15:49:12.164   Time stamp of our file: 2013-06-24 14:20:26.000
2026-07-10 15:49:12.164   Installing the file.
2026-07-10 15:49:12.231   Successfully installed the file.
2026-07-10 15:49:12.231   -- File entry --
2026-07-10 15:49:12.231   Dest filename: C:\JL\mc\mc-uclinux-gcc-3.4.4
2026-07-10 15:49:12.232   Time stamp of our file: 2008-02-25 13:33:24.000
2026-07-10 15:49:12.232   Installing the file.
2026-07-10 15:49:12.238   Successfully installed the file.
2026-07-10 15:49:12.238   -- File entry --
2026-07-10 15:49:12.238   Dest filename: C:\JL\mc\bin\bin2bin.exe
2026-07-10 15:49:12.238   Time stamp of our file: 2012-05-30 16:17:24.000
2026-07-10 15:49:12.238   Installing the file.
2026-07-10 15:49:12.238   Creating directory: C:\JL\mc\bin
2026-07-10 15:49:12.240   Successfully installed the file.
2026-07-10 15:49:12.240   -- File entry --
2026-07-10 15:49:12.240   Dest filename: C:\JL\mc\bin\bin2hex.com
2026-07-10 15:49:12.240   Time stamp of our file: 2012-05-25 09:49:44.000
2026-07-10 15:49:12.240   Installing the file.
2026-07-10 15:49:12.243   Successfully installed the file.
2026-07-10 15:49:12.243   -- File entry --
2026-07-10 15:49:12.243   Dest filename: C:\JL\mc\bin\bin2hex.exe
2026-07-10 15:49:12.244   Time stamp of our file: 2012-11-23 16:49:02.000
2026-07-10 15:49:12.244   Installing the file.
2026-07-10 15:49:12.246   Successfully installed the file.
2026-07-10 15:49:12.246   -- File entry --
2026-07-10 15:49:12.246   Dest filename: C:\JL\mc\bin\bsp.exe
2026-07-10 15:49:12.246   Time stamp of our file: 2012-09-13 17:52:06.000
2026-07-10 15:49:12.246   Installing the file.
2026-07-10 15:49:12.248   Successfully installed the file.
2026-07-10 15:49:12.248   -- File entry --
2026-07-10 15:49:12.248   Dest filename: C:\JL\mc\bin\crt0.o
2026-07-10 15:49:12.248   Time stamp of our file: 2012-05-15 12:52:56.000
2026-07-10 15:49:12.249   Installing the file.
2026-07-10 15:49:12.249   Successfully installed the file.
2026-07-10 15:49:12.249   -- File entry --
2026-07-10 15:49:12.250   Dest filename: C:\JL\mc\bin\crti.o
2026-07-10 15:49:12.250   Time stamp of our file: 2012-05-15 12:52:56.000
2026-07-10 15:49:12.250   Installing the file.
2026-07-10 15:49:12.251   Successfully installed the file.
2026-07-10 15:49:12.251   -- File entry --
2026-07-10 15:49:12.252   Dest filename: C:\JL\mc\bin\crtn.o
2026-07-10 15:49:12.252   Time stamp of our file: 2012-05-15 12:52:56.000
2026-07-10 15:49:12.252   Installing the file.
2026-07-10 15:49:12.253   Successfully installed the file.
2026-07-10 15:49:12.253   -- File entry --
2026-07-10 15:49:12.254   Dest filename: C:\JL\mc\bin\cut_bin.exe
2026-07-10 15:49:12.254   Time stamp of our file: 2012-10-10 11:14:14.000
2026-07-10 15:49:12.254   Installing the file.
2026-07-10 15:49:12.255   Successfully installed the file.
2026-07-10 15:49:12.255   -- File entry --
2026-07-10 15:49:12.255   Dest filename: C:\JL\mc\bin\cygiconv-2.dll
2026-07-10 15:49:12.255   Time stamp of our file: 2006-10-22 15:44:56.000
2026-07-10 15:49:12.255   Installing the file.
2026-07-10 15:49:12.294   Successfully installed the file.
2026-07-10 15:49:12.294   -- File entry --
2026-07-10 15:49:12.294   Dest filename: C:\JL\mc\bin\cygintl-8.dll
2026-07-10 15:49:12.294   Time stamp of our file: 2006-10-22 16:23:10.000
2026-07-10 15:49:12.294   Installing the file.
2026-07-10 15:49:12.296   Successfully installed the file.
2026-07-10 15:49:12.296   -- File entry --
2026-07-10 15:49:12.296   Dest filename: C:\JL\mc\bin\cygwin1.dll
2026-07-10 15:49:12.296   Time stamp of our file: 2007-01-31 02:33:56.000
2026-07-10 15:49:12.296   Installing the file.
2026-07-10 15:49:12.338   Successfully installed the file.
2026-07-10 15:49:12.338   -- File entry --
2026-07-10 15:49:12.338   Dest filename: C:\JL\mc\bin\Hex.exe
2026-07-10 15:49:12.339   Time stamp of our file: 2012-04-10 14:00:52.000
2026-07-10 15:49:12.339   Installing the file.
2026-07-10 15:49:12.341   Successfully installed the file.
2026-07-10 15:49:12.341   -- File entry --
2026-07-10 15:49:12.341   Dest filename: C:\JL\mc\bin\JtagFimware.app
2026-07-10 15:49:12.341   Time stamp of our file: 2014-11-06 09:59:00.000
2026-07-10 15:49:12.341   Installing the file.
2026-07-10 15:49:12.342   Successfully installed the file.
2026-07-10 15:49:12.342   -- File entry --
2026-07-10 15:49:12.342   Dest filename: C:\JL\mc\bin\load.exe
2026-07-10 15:49:12.342   Time stamp of our file: 2012-12-13 17:50:16.000
2026-07-10 15:49:12.342   Installing the file.
2026-07-10 15:49:12.344   Successfully installed the file.
2026-07-10 15:49:12.345   -- File entry --
2026-07-10 15:49:12.345   Dest filename: C:\JL\mc\bin\make.exe
2026-07-10 15:49:12.345   Time stamp of our file: 2005-01-29 14:38:10.000
2026-07-10 15:49:12.345   Installing the file.
2026-07-10 15:49:12.363   Successfully installed the file.
2026-07-10 15:49:12.363   -- File entry --
2026-07-10 15:49:12.363   Dest filename: C:\JL\mc\bin\Maker.exe
2026-07-10 15:49:12.364   Time stamp of our file: 2015-09-08 15:54:32.000
2026-07-10 15:49:12.364   Installing the file.
2026-07-10 15:49:12.365   Successfully installed the file.
2026-07-10 15:49:12.365   -- File entry --
2026-07-10 15:49:12.365   Dest filename: C:\JL\mc\bin\mc-download.exe
2026-07-10 15:49:12.367   Time stamp of our file: 2014-09-10 10:03:14.000
2026-07-10 15:49:12.367   Installing the file.
2026-07-10 15:49:12.370   Successfully installed the file.
2026-07-10 15:49:12.370   -- File entry --
2026-07-10 15:49:12.370   Dest filename: C:\JL\mc\bin\mc-elf-run.exe
2026-07-10 15:49:12.371   Time stamp of our file: 2012-06-18 19:56:00.000
2026-07-10 15:49:12.371   Installing the file.
2026-07-10 15:49:12.438   Successfully installed the file.
2026-07-10 15:49:12.438   -- File entry --
2026-07-10 15:49:12.438   Dest filename: C:\JL\mc\bin\mc-uclinux-addr2line.exe
2026-07-10 15:49:12.438   Time stamp of our file: 2008-02-25 11:44:54.000
2026-07-10 15:49:12.438   Installing the file.
2026-07-10 15:49:12.464   Successfully installed the file.
2026-07-10 15:49:12.465   -- File entry --
2026-07-10 15:49:12.465   Dest filename: C:\JL\mc\bin\mc-uclinux-ar.exe
2026-07-10 15:49:12.465   Time stamp of our file: 2008-02-25 11:44:48.000
2026-07-10 15:49:12.465   Installing the file.
2026-07-10 15:49:12.482   Successfully installed the file.
2026-07-10 15:49:12.482   -- File entry --
2026-07-10 15:49:12.482   Dest filename: C:\JL\mc\bin\mc-uclinux-as.exe
2026-07-10 15:49:12.482   Time stamp of our file: 2008-02-25 11:45:10.000
2026-07-10 15:49:12.482   Installing the file.
2026-07-10 15:49:12.508   Successfully installed the file.
2026-07-10 15:49:12.508   -- File entry --
2026-07-10 15:49:12.508   Dest filename: C:\JL\mc\bin\mc-uclinux-c++filt.exe
2026-07-10 15:49:12.509   Time stamp of our file: 2008-02-25 11:45:00.000
2026-07-10 15:49:12.509   Installing the file.
2026-07-10 15:49:12.527   Successfully installed the file.
2026-07-10 15:49:12.527   -- File entry --
2026-07-10 15:49:12.527   Dest filename: C:\JL\mc\bin\mc-uclinux-cpp.exe
2026-07-10 15:49:12.527   Time stamp of our file: 2008-02-25 13:33:14.000
2026-07-10 15:49:12.527   Installing the file.
2026-07-10 15:49:12.533   Successfully installed the file.
2026-07-10 15:49:12.533   -- File entry --
2026-07-10 15:49:12.535   Dest filename: C:\JL\mc\bin\mc-uclinux-gcc.exe
2026-07-10 15:49:12.535   Time stamp of our file: 2008-02-25 13:33:24.000
2026-07-10 15:49:12.535   Installing the file.
2026-07-10 15:49:12.538   Successfully installed the file.
2026-07-10 15:49:12.538   -- File entry --
2026-07-10 15:49:12.538   Dest filename: C:\JL\mc\bin\mc-uclinux-gccbug
2026-07-10 15:49:12.539   Time stamp of our file: 2008-02-25 13:33:10.000
2026-07-10 15:49:12.539   Installing the file.
2026-07-10 15:49:12.540   Successfully installed the file.
2026-07-10 15:49:12.540   -- File entry --
2026-07-10 15:49:12.541   Dest filename: C:\JL\mc\bin\mc-uclinux-gcov.exe
2026-07-10 15:49:12.541   Time stamp of our file: 2008-02-25 13:33:10.000
2026-07-10 15:49:12.541   Installing the file.
2026-07-10 15:49:12.544   Successfully installed the file.
2026-07-10 15:49:12.545   -- File entry --
2026-07-10 15:49:12.545   Dest filename: C:\JL\mc\bin\mc-uclinux-ld.exe
2026-07-10 15:49:12.545   Time stamp of our file: 2008-05-26 11:39:00.000
2026-07-10 15:49:12.545   Installing the file.
2026-07-10 15:49:12.571   Successfully installed the file.
2026-07-10 15:49:12.571   -- File entry --
2026-07-10 15:49:12.572   Dest filename: C:\JL\mc\bin\mc-uclinux-nm.exe
2026-07-10 15:49:12.572   Time stamp of our file: 2008-02-25 11:44:56.000
2026-07-10 15:49:12.572   Installing the file.
2026-07-10 15:49:12.586   Successfully installed the file.
2026-07-10 15:49:12.586   -- File entry --
2026-07-10 15:49:12.587   Dest filename: C:\JL\mc\bin\mc-uclinux-objcopy.exe
2026-07-10 15:49:12.587   Time stamp of our file: 2008-02-25 11:44:52.000
2026-07-10 15:49:12.587   Installing the file.
2026-07-10 15:49:12.611   Successfully installed the file.
2026-07-10 15:49:12.612   -- File entry --
2026-07-10 15:49:12.612   Dest filename: C:\JL\mc\bin\mc-uclinux-objdump.exe
2026-07-10 15:49:12.612   Time stamp of our file: 2008-02-25 11:44:46.000
2026-07-10 15:49:12.612   Installing the file.
2026-07-10 15:49:12.632   Successfully installed the file.
2026-07-10 15:49:12.632   -- File entry --
2026-07-10 15:49:12.632   Dest filename: C:\JL\mc\bin\mc-uclinux-ranlib.exe
2026-07-10 15:49:12.633   Time stamp of our file: 2008-02-25 11:44:50.000
2026-07-10 15:49:12.633   Installing the file.
2026-07-10 15:49:12.644   Successfully installed the file.
2026-07-10 15:49:12.644   -- File entry --
2026-07-10 15:49:12.644   Dest filename: C:\JL\mc\bin\mc-uclinux-readelf.exe
2026-07-10 15:49:12.644   Time stamp of our file: 2008-02-25 11:44:56.000
2026-07-10 15:49:12.644   Installing the file.
2026-07-10 15:49:12.657   Successfully installed the file.
2026-07-10 15:49:12.657   -- File entry --
2026-07-10 15:49:12.657   Dest filename: C:\JL\mc\bin\mc-uclinux-size.exe
2026-07-10 15:49:12.657   Time stamp of our file: 2008-02-25 11:44:44.000
2026-07-10 15:49:12.657   Installing the file.
2026-07-10 15:49:12.668   Successfully installed the file.
2026-07-10 15:49:12.669   -- File entry --
2026-07-10 15:49:12.669   Dest filename: C:\JL\mc\bin\mc-uclinux-strings.exe
2026-07-10 15:49:12.669   Time stamp of our file: 2008-02-25 11:44:50.000
2026-07-10 15:49:12.669   Installing the file.
2026-07-10 15:49:12.680   Successfully installed the file.
2026-07-10 15:49:12.680   -- File entry --
2026-07-10 15:49:12.680   Dest filename: C:\JL\mc\bin\mc-uclinux-strip.exe
2026-07-10 15:49:12.681   Time stamp of our file: 2008-02-25 11:44:58.000
2026-07-10 15:49:12.681   Installing the file.
2026-07-10 15:49:12.693   Successfully installed the file.
2026-07-10 15:49:12.693   -- File entry --
2026-07-10 15:49:12.694   Dest filename: C:\JL\mc\include\a.out.h
2026-07-10 15:49:12.694   Time stamp of our file: 2001-09-09 23:43:48.000
2026-07-10 15:49:12.694   Installing the file.
2026-07-10 15:49:12.694   Creating directory: C:\JL\mc\include
2026-07-10 15:49:12.696   Successfully installed the file.
2026-07-10 15:49:12.696   -- File entry --
2026-07-10 15:49:12.696   Dest filename: C:\JL\mc\include\ansidecl.h
2026-07-10 15:49:12.697   Time stamp of our file: 2001-09-09 23:43:48.000
2026-07-10 15:49:12.697   Installing the file.
2026-07-10 15:49:12.697   Successfully installed the file.
2026-07-10 15:49:12.697   -- File entry --
2026-07-10 15:49:12.698   Dest filename: C:\JL\mc\include\ar.h
2026-07-10 15:49:12.698   Time stamp of our file: 2001-09-09 23:43:48.000
2026-07-10 15:49:12.698   Installing the file.
2026-07-10 15:49:12.700   Successfully installed the file.
2026-07-10 15:49:12.700   -- File entry --
2026-07-10 15:49:12.700   Dest filename: C:\JL\mc\include\assert.h
2026-07-10 15:49:12.700   Time stamp of our file: 2001-09-09 23:43:48.000
2026-07-10 15:49:12.700   Installing the file.
2026-07-10 15:49:12.701   Successfully installed the file.
2026-07-10 15:49:12.701   -- File entry --
2026-07-10 15:49:12.701   Dest filename: C:\JL\mc\include\bytesex.h
2026-07-10 15:49:12.701   Time stamp of our file: 2001-09-09 23:43:48.000
2026-07-10 15:49:12.701   Installing the file.
2026-07-10 15:49:12.702   Successfully installed the file.
2026-07-10 15:49:12.702   -- File entry --
2026-07-10 15:49:12.702   Dest filename: C:\JL\mc\include\ctype.h
2026-07-10 15:49:12.702   Time stamp of our file: 2001-09-09 23:43:48.000
2026-07-10 15:49:12.702   Installing the file.
2026-07-10 15:49:12.703   Successfully installed the file.
2026-07-10 15:49:12.703   -- File entry --
2026-07-10 15:49:12.703   Dest filename: C:\JL\mc\include\dirent.h
2026-07-10 15:49:12.703   Time stamp of our file: 2001-09-09 23:43:48.000
2026-07-10 15:49:12.703   Installing the file.
2026-07-10 15:49:12.704   Successfully installed the file.
2026-07-10 15:49:12.704   -- File entry --
2026-07-10 15:49:12.704   Dest filename: C:\JL\mc\include\dos.h
2026-07-10 15:49:12.704   Time stamp of our file: 2001-09-09 23:43:48.000
2026-07-10 15:49:12.704   Installing the file.
2026-07-10 15:49:12.705   Successfully installed the file.
2026-07-10 15:49:12.705   -- File entry --
2026-07-10 15:49:12.705   Dest filename: C:\JL\mc\include\endian.h
2026-07-10 15:49:12.707   Time stamp of our file: 2001-09-09 23:43:48.000
2026-07-10 15:49:12.707   Installing the file.
2026-07-10 15:49:12.707   Successfully installed the file.
2026-07-10 15:49:12.707   -- File entry --
2026-07-10 15:49:12.707   Dest filename: C:\JL\mc\include\errno.h
2026-07-10 15:49:12.708   Time stamp of our file: 2001-09-09 23:43:48.000
2026-07-10 15:49:12.708   Installing the file.
2026-07-10 15:49:12.708   Successfully installed the file.
2026-07-10 15:49:12.708   -- File entry --
2026-07-10 15:49:12.708   Dest filename: C:\JL\mc\include\fcntl.h
2026-07-10 15:49:12.708   Time stamp of our file: 2001-09-09 23:43:48.000
2026-07-10 15:49:12.708   Installing the file.
2026-07-10 15:49:12.710   Successfully installed the file.
2026-07-10 15:49:12.710   -- File entry --
2026-07-10 15:49:12.710   Dest filename: C:\JL\mc\include\features.h
2026-07-10 15:49:12.710   Time stamp of our file: 2007-12-27 00:49:40.000
2026-07-10 15:49:12.710   Installing the file.
2026-07-10 15:49:12.711   Successfully installed the file.
2026-07-10 15:49:12.711   -- File entry --
2026-07-10 15:49:12.711   Dest filename: C:\JL\mc\include\getopt.h
2026-07-10 15:49:12.712   Time stamp of our file: 2001-09-09 23:43:48.000
2026-07-10 15:49:12.712   Installing the file.
2026-07-10 15:49:12.713   Successfully installed the file.
2026-07-10 15:49:12.713   -- File entry --
2026-07-10 15:49:12.713   Dest filename: C:\JL\mc\include\grp.h
2026-07-10 15:49:12.713   Time stamp of our file: 2001-09-09 23:43:48.000
2026-07-10 15:49:12.713   Installing the file.
2026-07-10 15:49:12.714   Successfully installed the file.
2026-07-10 15:49:12.714   -- File entry --
2026-07-10 15:49:12.714   Dest filename: C:\JL\mc\include\limits.h
2026-07-10 15:49:12.714   Time stamp of our file: 2001-09-09 23:43:48.000
2026-07-10 15:49:12.714   Installing the file.
2026-07-10 15:49:12.715   Successfully installed the file.
2026-07-10 15:49:12.715   -- File entry --
2026-07-10 15:49:12.715   Dest filename: C:\JL\mc\include\malloc.h
2026-07-10 15:49:12.716   Time stamp of our file: 2001-09-09 23:43:48.000
2026-07-10 15:49:12.716   Installing the file.
2026-07-10 15:49:12.717   Successfully installed the file.
2026-07-10 15:49:12.717   -- File entry --
2026-07-10 15:49:12.717   Dest filename: C:\JL\mc\include\math.h
2026-07-10 15:49:12.717   Time stamp of our file: 2007-12-26 00:50:06.000
2026-07-10 15:49:12.717   Installing the file.
2026-07-10 15:49:12.718   Successfully installed the file.
2026-07-10 15:49:12.718   -- File entry --
2026-07-10 15:49:12.718   Dest filename: C:\JL\mc\include\memory.h
2026-07-10 15:49:12.718   Time stamp of our file: 2001-09-09 23:43:48.000
2026-07-10 15:49:12.718   Installing the file.
2026-07-10 15:49:12.719   Successfully installed the file.
2026-07-10 15:49:12.719   -- File entry --
2026-07-10 15:49:12.719   Dest filename: C:\JL\mc\include\mntent.h
2026-07-10 15:49:12.719   Time stamp of our file: 2001-09-09 23:43:48.000
2026-07-10 15:49:12.719   Installing the file.
2026-07-10 15:49:12.720   Successfully installed the file.
2026-07-10 15:49:12.720   -- File entry --
2026-07-10 15:49:12.720   Dest filename: C:\JL\mc\include\netdb.h
2026-07-10 15:49:12.721   Time stamp of our file: 2001-09-09 23:43:48.000
2026-07-10 15:49:12.721   Installing the file.
2026-07-10 15:49:12.722   Successfully installed the file.
2026-07-10 15:49:12.722   -- File entry --
2026-07-10 15:49:12.722   Dest filename: C:\JL\mc\include\paths.h
2026-07-10 15:49:12.722   Time stamp of our file: 2001-09-09 23:43:48.000
2026-07-10 15:49:12.722   Installing the file.
2026-07-10 15:49:12.723   Successfully installed the file.
2026-07-10 15:49:12.723   -- File entry --
2026-07-10 15:49:12.723   Dest filename: C:\JL\mc\include\pwd.h
2026-07-10 15:49:12.724   Time stamp of our file: 2001-09-09 23:43:48.000
2026-07-10 15:49:12.724   Installing the file.
2026-07-10 15:49:12.724   Successfully installed the file.
2026-07-10 15:49:12.724   -- File entry --
2026-07-10 15:49:12.724   Dest filename: C:\JL\mc\include\regexp.h
2026-07-10 15:49:12.725   Time stamp of our file: 2001-09-09 23:43:48.000
2026-07-10 15:49:12.725   Installing the file.
2026-07-10 15:49:12.731   Successfully installed the file.
2026-07-10 15:49:12.732   -- File entry --
2026-07-10 15:49:12.732   Dest filename: C:\JL\mc\include\regmagic.h
2026-07-10 15:49:12.732   Time stamp of our file: 2001-09-09 23:43:48.000
2026-07-10 15:49:12.732   Installing the file.
2026-07-10 15:49:12.733   Successfully installed the file.
2026-07-10 15:49:12.734   -- File entry --
2026-07-10 15:49:12.734   Dest filename: C:\JL\mc\include\search.h
2026-07-10 15:49:12.735   Time stamp of our file: 2001-09-09 23:43:48.000
2026-07-10 15:49:12.735   Installing the file.
2026-07-10 15:49:12.736   Successfully installed the file.
2026-07-10 15:49:12.736   -- File entry --
2026-07-10 15:49:12.736   Dest filename: C:\JL\mc\include\setjmp.h
2026-07-10 15:49:12.736   Time stamp of our file: 2001-09-09 23:43:48.000
2026-07-10 15:49:12.736   Installing the file.
2026-07-10 15:49:12.737   Successfully installed the file.
2026-07-10 15:49:12.737   -- File entry --
2026-07-10 15:49:12.737   Dest filename: C:\JL\mc\include\signal.h
2026-07-10 15:49:12.738   Time stamp of our file: 2001-09-09 23:43:48.000
2026-07-10 15:49:12.738   Installing the file.
2026-07-10 15:49:12.739   Successfully installed the file.
2026-07-10 15:49:12.739   -- File entry --
2026-07-10 15:49:12.739   Dest filename: C:\JL\mc\include\signal.h.save
2026-07-10 15:49:12.739   Time stamp of our file: 2001-09-09 23:43:48.000
2026-07-10 15:49:12.739   Installing the file.
2026-07-10 15:49:12.740   Successfully installed the file.
2026-07-10 15:49:12.740   -- File entry --
2026-07-10 15:49:12.740   Dest filename: C:\JL\mc\include\stdarg.h
2026-07-10 15:49:12.741   Time stamp of our file: 2001-09-09 23:43:48.000
2026-07-10 15:49:12.741   Installing the file.
2026-07-10 15:49:12.741   Successfully installed the file.
2026-07-10 15:49:12.743   -- File entry --
2026-07-10 15:49:12.743   Dest filename: C:\JL\mc\include\stddef.h
2026-07-10 15:49:12.743   Time stamp of our file: 2001-09-09 23:43:48.000
2026-07-10 15:49:12.743   Installing the file.
2026-07-10 15:49:12.744   Successfully installed the file.
2026-07-10 15:49:12.744   -- File entry --
2026-07-10 15:49:12.744   Dest filename: C:\JL\mc\include\stdio.h
2026-07-10 15:49:12.745   Time stamp of our file: 2008-01-14 10:14:12.000
2026-07-10 15:49:12.745   Installing the file.
2026-07-10 15:49:12.746   Successfully installed the file.
2026-07-10 15:49:12.746   -- File entry --
2026-07-10 15:49:12.746   Dest filename: C:\JL\mc\include\stdlib.h
2026-07-10 15:49:12.746   Time stamp of our file: 2001-09-09 23:43:48.000
2026-07-10 15:49:12.746   Installing the file.
2026-07-10 15:49:12.748   Successfully installed the file.
2026-07-10 15:49:12.748   -- File entry --
2026-07-10 15:49:12.748   Dest filename: C:\JL\mc\include\string.h
2026-07-10 15:49:12.748   Time stamp of our file: 2001-09-09 23:43:48.000
2026-07-10 15:49:12.748   Installing the file.
2026-07-10 15:49:12.750   Successfully installed the file.
2026-07-10 15:49:12.750   -- File entry --
2026-07-10 15:49:12.750   Dest filename: C:\JL\mc\include\strings.h
2026-07-10 15:49:12.751   Time stamp of our file: 2001-09-09 23:43:48.000
2026-07-10 15:49:12.751   Installing the file.
2026-07-10 15:49:12.752   Successfully installed the file.
2026-07-10 15:49:12.753   -- File entry --
2026-07-10 15:49:12.753   Dest filename: C:\JL\mc\include\syscall.h
2026-07-10 15:49:12.753   Time stamp of our file: 2001-09-09 23:43:48.000
2026-07-10 15:49:12.753   Installing the file.
2026-07-10 15:49:12.755   Successfully installed the file.
2026-07-10 15:49:12.755   -- File entry --
2026-07-10 15:49:12.755   Dest filename: C:\JL\mc\include\syslog.h
2026-07-10 15:49:12.755   Time stamp of our file: 2001-09-09 23:43:48.000
2026-07-10 15:49:12.755   Installing the file.
2026-07-10 15:49:12.756   Successfully installed the file.
2026-07-10 15:49:12.756   -- File entry --
2026-07-10 15:49:12.756   Dest filename: C:\JL\mc\include\termcap.h
2026-07-10 15:49:12.757   Time stamp of our file: 2001-09-09 23:43:48.000
2026-07-10 15:49:12.757   Installing the file.
2026-07-10 15:49:12.759   Successfully installed the file.
2026-07-10 15:49:12.759   -- File entry --
2026-07-10 15:49:12.759   Dest filename: C:\JL\mc\include\termio.h
2026-07-10 15:49:12.759   Time stamp of our file: 2001-09-09 23:43:48.000
2026-07-10 15:49:12.759   Installing the file.
2026-07-10 15:49:12.761   Successfully installed the file.
2026-07-10 15:49:12.761   -- File entry --
2026-07-10 15:49:12.761   Dest filename: C:\JL\mc\include\termios.h
2026-07-10 15:49:12.761   Time stamp of our file: 2001-09-09 23:43:48.000
2026-07-10 15:49:12.761   Installing the file.
2026-07-10 15:49:12.762   Successfully installed the file.
2026-07-10 15:49:12.762   -- File entry --
2026-07-10 15:49:12.762   Dest filename: C:\JL\mc\include\time.h
2026-07-10 15:49:12.763   Time stamp of our file: 2001-09-09 23:43:48.000
2026-07-10 15:49:12.763   Installing the file.
2026-07-10 15:49:12.764   Successfully installed the file.
2026-07-10 15:49:12.764   -- File entry --
2026-07-10 15:49:12.764   Dest filename: C:\JL\mc\include\unistd.h
2026-07-10 15:49:12.764   Time stamp of our file: 2001-09-09 23:43:48.000
2026-07-10 15:49:12.764   Installing the file.
2026-07-10 15:49:12.765   Successfully installed the file.
2026-07-10 15:49:12.765   -- File entry --
2026-07-10 15:49:12.765   Dest filename: C:\JL\mc\include\utime.h
2026-07-10 15:49:12.765   Time stamp of our file: 2001-09-09 23:43:48.000
2026-07-10 15:49:12.765   Installing the file.
2026-07-10 15:49:12.766   Successfully installed the file.
2026-07-10 15:49:12.766   -- File entry --
2026-07-10 15:49:12.766   Dest filename: C:\JL\mc\include\utmp.h
2026-07-10 15:49:12.767   Time stamp of our file: 2001-09-09 23:43:48.000
2026-07-10 15:49:12.767   Installing the file.
2026-07-10 15:49:12.768   Successfully installed the file.
2026-07-10 15:49:12.768   -- File entry --
2026-07-10 15:49:12.768   Dest filename: C:\JL\mc\include\varargs.h
2026-07-10 15:49:12.768   Time stamp of our file: 2001-09-09 23:43:48.000
2026-07-10 15:49:12.768   Installing the file.
2026-07-10 15:49:12.770   Successfully installed the file.
2026-07-10 15:49:12.770   -- File entry --
2026-07-10 15:49:12.770   Dest filename: C:\JL\mc\include\wait.h
2026-07-10 15:49:12.771   Time stamp of our file: 2001-09-09 23:43:48.000
2026-07-10 15:49:12.771   Installing the file.
2026-07-10 15:49:12.771   Successfully installed the file.
2026-07-10 15:49:12.771   -- File entry --
2026-07-10 15:49:12.771   Dest filename: C:\JL\mc\include\waitflags.h
2026-07-10 15:49:12.772   Time stamp of our file: 2001-09-09 23:43:48.000
2026-07-10 15:49:12.772   Installing the file.
2026-07-10 15:49:12.773   Successfully installed the file.
2026-07-10 15:49:12.773   -- File entry --
2026-07-10 15:49:12.773   Dest filename: C:\JL\mc\include\waitstatus.h
2026-07-10 15:49:12.773   Time stamp of our file: 2001-09-09 23:43:48.000
2026-07-10 15:49:12.773   Installing the file.
2026-07-10 15:49:12.774   Successfully installed the file.
2026-07-10 15:49:12.774   -- File entry --
2026-07-10 15:49:12.774   Dest filename: C:\JL\mc\include\zmath.h
2026-07-10 15:49:12.775   Time stamp of our file: 2007-12-26 03:39:12.000
2026-07-10 15:49:12.775   Installing the file.
2026-07-10 15:49:12.776   Successfully installed the file.
2026-07-10 15:49:12.776   -- File entry --
2026-07-10 15:49:12.776   Dest filename: C:\JL\mc\include\_ansi.h
2026-07-10 15:49:12.776   Time stamp of our file: 2000-08-30 10:58:34.000
2026-07-10 15:49:12.776   Installing the file.
2026-07-10 15:49:12.778   Successfully installed the file.
2026-07-10 15:49:12.778   -- File entry --
2026-07-10 15:49:12.778   Dest filename: C:\JL\mc\include\arpa\inet.h
2026-07-10 15:49:12.778   Time stamp of our file: 2001-09-09 23:43:48.000
2026-07-10 15:49:12.778   Installing the file.
2026-07-10 15:49:12.778   Creating directory: C:\JL\mc\include\arpa
2026-07-10 15:49:12.779   Successfully installed the file.
2026-07-10 15:49:12.780   -- File entry --
2026-07-10 15:49:12.780   Dest filename: C:\JL\mc\include\arpa\nameser.h
2026-07-10 15:49:12.780   Time stamp of our file: 2001-09-09 23:43:48.000
2026-07-10 15:49:12.780   Installing the file.
2026-07-10 15:49:12.781   Successfully installed the file.
2026-07-10 15:49:12.781   -- File entry --
2026-07-10 15:49:12.781   Dest filename: C:\JL\mc\include\arpa\telnet.h
2026-07-10 15:49:12.782   Time stamp of our file: 2001-09-09 23:43:48.000
2026-07-10 15:49:12.782   Installing the file.
2026-07-10 15:49:12.783   Successfully installed the file.
2026-07-10 15:49:12.783   -- File entry --
2026-07-10 15:49:12.783   Dest filename: C:\JL\mc\include\arpa\tftp.h
2026-07-10 15:49:12.783   Time stamp of our file: 2001-09-09 23:43:48.000
2026-07-10 15:49:12.783   Installing the file.
2026-07-10 15:49:12.784   Successfully installed the file.
2026-07-10 15:49:12.784   -- File entry --
2026-07-10 15:49:12.784   Dest filename: C:\JL\mc\include\arpa\CVS\Entries
2026-07-10 15:49:12.784   Time stamp of our file: 2007-05-29 18:54:28.000
2026-07-10 15:49:12.784   Installing the file.
2026-07-10 15:49:12.785   Creating directory: C:\JL\mc\include\arpa\CVS
2026-07-10 15:49:12.786   Successfully installed the file.
2026-07-10 15:49:12.786   -- File entry --
2026-07-10 15:49:12.786   Dest filename: C:\JL\mc\include\arpa\CVS\Repository
2026-07-10 15:49:12.786   Time stamp of our file: 2007-05-29 18:54:28.000
2026-07-10 15:49:12.786   Installing the file.
2026-07-10 15:49:12.787   Successfully installed the file.
2026-07-10 15:49:12.787   -- File entry --
2026-07-10 15:49:12.788   Dest filename: C:\JL\mc\include\arpa\CVS\Root
2026-07-10 15:49:12.788   Time stamp of our file: 2007-05-29 18:54:28.000
2026-07-10 15:49:12.788   Installing the file.
2026-07-10 15:49:12.789   Successfully installed the file.
2026-07-10 15:49:12.789   -- File entry --
2026-07-10 15:49:12.789   Dest filename: C:\JL\mc\include\asm\a.out.h
2026-07-10 15:49:12.789   Time stamp of our file: 2001-09-09 23:43:48.000
2026-07-10 15:49:12.789   Installing the file.
2026-07-10 15:49:12.790   Creating directory: C:\JL\mc\include\asm
2026-07-10 15:49:12.791   Successfully installed the file.
2026-07-10 15:49:12.791   -- File entry --
2026-07-10 15:49:12.791   Dest filename: C:\JL\mc\include\asm\anchor.h
2026-07-10 15:49:12.791   Time stamp of our file: 2001-09-09 23:43:48.000
2026-07-10 15:49:12.791   Installing the file.
2026-07-10 15:49:12.794   Successfully installed the file.
2026-07-10 15:49:12.794   -- File entry --
2026-07-10 15:49:12.794   Dest filename: C:\JL\mc\include\asm\asm.lnk
2026-07-10 15:49:12.794   Time stamp of our file: 2007-12-24 18:53:12.000
2026-07-10 15:49:12.794   Installing the file.
2026-07-10 15:49:12.795   Successfully installed the file.
2026-07-10 15:49:12.796   -- File entry --
2026-07-10 15:49:12.796   Dest filename: C:\JL\mc\include\asm\atomic.h
2026-07-10 15:49:12.796   Time stamp of our file: 2001-09-09 23:43:48.000
2026-07-10 15:49:12.796   Installing the file.
2026-07-10 15:49:12.797   Successfully installed the file.
2026-07-10 15:49:12.797   -- File entry --
2026-07-10 15:49:12.798   Dest filename: C:\JL\mc\include\asm\bitops.h
2026-07-10 15:49:12.798   Time stamp of our file: 2001-09-09 23:43:48.000
2026-07-10 15:49:12.798   Installing the file.
2026-07-10 15:49:12.799   Successfully installed the file.
2026-07-10 15:49:12.800   -- File entry --
2026-07-10 15:49:12.800   Dest filename: C:\JL\mc\include\asm\bootinfo.h
2026-07-10 15:49:12.800   Time stamp of our file: 2001-09-09 23:43:48.000
2026-07-10 15:49:12.800   Installing the file.
2026-07-10 15:49:12.801   Successfully installed the file.
2026-07-10 15:49:12.801   -- File entry --
2026-07-10 15:49:12.801   Dest filename: C:\JL\mc\include\asm\bugs.h
2026-07-10 15:49:12.801   Time stamp of our file: 2001-09-09 23:43:48.000
2026-07-10 15:49:12.801   Installing the file.
2026-07-10 15:49:12.802   Successfully installed the file.
2026-07-10 15:49:12.802   -- File entry --
2026-07-10 15:49:12.802   Dest filename: C:\JL\mc\include\asm\byteorder.h
2026-07-10 15:49:12.803   Time stamp of our file: 2001-09-09 23:43:48.000
2026-07-10 15:49:12.803   Installing the file.
2026-07-10 15:49:12.804   Successfully installed the file.
2026-07-10 15:49:12.804   -- File entry --
2026-07-10 15:49:12.805   Dest filename: C:\JL\mc\include\asm\checksum.h
2026-07-10 15:49:12.805   Time stamp of our file: 2001-09-09 23:43:48.000
2026-07-10 15:49:12.805   Installing the file.
2026-07-10 15:49:12.806   Successfully installed the file.
2026-07-10 15:49:12.807   -- File entry --
2026-07-10 15:49:12.807   Dest filename: C:\JL\mc\include\asm\coldfire.h
2026-07-10 15:49:12.807   Time stamp of our file: 2001-09-09 23:43:48.000
2026-07-10 15:49:12.807   Installing the file.
2026-07-10 15:49:12.808   Successfully installed the file.
2026-07-10 15:49:12.808   -- File entry --
2026-07-10 15:49:12.808   Dest filename: C:\JL\mc\include\asm\delay.h
2026-07-10 15:49:12.808   Time stamp of our file: 2001-09-09 23:43:48.000
2026-07-10 15:49:12.808   Installing the file.
2026-07-10 15:49:12.810   Successfully installed the file.
2026-07-10 15:49:12.810   -- File entry --
2026-07-10 15:49:12.810   Dest filename: C:\JL\mc\include\asm\dma.h
2026-07-10 15:49:12.810   Time stamp of our file: 2001-09-09 23:43:48.000
2026-07-10 15:49:12.810   Installing the file.
2026-07-10 15:49:12.811   Successfully installed the file.
2026-07-10 15:49:12.811   -- File entry --
2026-07-10 15:49:12.811   Dest filename: C:\JL\mc\include\asm\elf.h
2026-07-10 15:49:12.811   Time stamp of our file: 2001-09-09 23:43:48.000
2026-07-10 15:49:12.811   Installing the file.
2026-07-10 15:49:12.812   Successfully installed the file.
2026-07-10 15:49:12.812   -- File entry --
2026-07-10 15:49:12.812   Dest filename: C:\JL\mc\include\asm\elia.h
2026-07-10 15:49:12.813   Time stamp of our file: 2001-09-09 23:43:48.000
2026-07-10 15:49:12.813   Installing the file.
2026-07-10 15:49:12.814   Successfully installed the file.
2026-07-10 15:49:12.814   -- File entry --
2026-07-10 15:49:12.814   Dest filename: C:\JL\mc\include\asm\errno.h
2026-07-10 15:49:12.814   Time stamp of our file: 2001-09-09 23:43:48.000
2026-07-10 15:49:12.814   Installing the file.
2026-07-10 15:49:12.815   Successfully installed the file.
2026-07-10 15:49:12.815   -- File entry --
2026-07-10 15:49:12.815   Dest filename: C:\JL\mc\include\asm\fcntl.h
2026-07-10 15:49:12.816   Time stamp of our file: 2001-09-09 23:43:48.000
2026-07-10 15:49:12.816   Installing the file.
2026-07-10 15:49:12.817   Successfully installed the file.
2026-07-10 15:49:12.817   -- File entry --
2026-07-10 15:49:12.817   Dest filename: C:\JL\mc\include\asm\flat.h
2026-07-10 15:49:12.817   Time stamp of our file: 2001-09-09 23:43:48.000
2026-07-10 15:49:12.817   Installing the file.
2026-07-10 15:49:12.818   Successfully installed the file.
2026-07-10 15:49:12.818   -- File entry --
2026-07-10 15:49:12.819   Dest filename: C:\JL\mc\include\asm\font.h
2026-07-10 15:49:12.819   Time stamp of our file: 2001-09-09 23:43:48.000
2026-07-10 15:49:12.819   Installing the file.
2026-07-10 15:49:12.820   Successfully installed the file.
2026-07-10 15:49:12.820   -- File entry --
2026-07-10 15:49:12.820   Dest filename: C:\JL\mc\include\asm\io.h
2026-07-10 15:49:12.820   Time stamp of our file: 2001-09-09 23:43:48.000
2026-07-10 15:49:12.820   Installing the file.
2026-07-10 15:49:12.822   Successfully installed the file.
2026-07-10 15:49:12.822   -- File entry --
2026-07-10 15:49:12.822   Dest filename: C:\JL\mc\include\asm\ioctl.h
2026-07-10 15:49:12.822   Time stamp of our file: 2001-09-09 23:43:48.000
2026-07-10 15:49:12.822   Installing the file.
2026-07-10 15:49:12.823   Successfully installed the file.
2026-07-10 15:49:12.823   -- File entry --
2026-07-10 15:49:12.824   Dest filename: C:\JL\mc\include\asm\ioctls.h
2026-07-10 15:49:12.824   Time stamp of our file: 2001-09-09 23:43:48.000
2026-07-10 15:49:12.824   Installing the file.
2026-07-10 15:49:12.825   Successfully installed the file.
2026-07-10 15:49:12.825   -- File entry --
2026-07-10 15:49:12.825   Dest filename: C:\JL\mc\include\asm\io_hw_swap.h
2026-07-10 15:49:12.825   Time stamp of our file: 2001-09-09 23:43:48.000
2026-07-10 15:49:12.825   Installing the file.
2026-07-10 15:49:12.826   Successfully installed the file.
2026-07-10 15:49:12.826   -- File entry --
2026-07-10 15:49:12.826   Dest filename: C:\JL\mc\include\asm\irq.h
2026-07-10 15:49:12.826   Time stamp of our file: 2001-09-09 23:43:48.000
2026-07-10 15:49:12.826   Installing the file.
2026-07-10 15:49:12.828   Successfully installed the file.
2026-07-10 15:49:12.828   -- File entry --
2026-07-10 15:49:12.828   Dest filename: C:\JL\mc\include\asm\m5204sim.h
2026-07-10 15:49:12.829   Time stamp of our file: 2001-09-09 23:43:48.000
2026-07-10 15:49:12.829   Installing the file.
2026-07-10 15:49:12.829   Successfully installed the file.
2026-07-10 15:49:12.830   -- File entry --
2026-07-10 15:49:12.830   Dest filename: C:\JL\mc\include\asm\m5206sim.h
2026-07-10 15:49:12.830   Time stamp of our file: 2001-09-09 23:43:48.000
2026-07-10 15:49:12.830   Installing the file.
2026-07-10 15:49:12.831   Successfully installed the file.
2026-07-10 15:49:12.831   -- File entry --
2026-07-10 15:49:12.831   Dest filename: C:\JL\mc\include\asm\m5307dma.h
2026-07-10 15:49:12.832   Time stamp of our file: 2001-09-09 23:43:48.000
2026-07-10 15:49:12.832   Installing the file.
2026-07-10 15:49:12.833   Successfully installed the file.
2026-07-10 15:49:12.834   -- File entry --
2026-07-10 15:49:12.834   Dest filename: C:\JL\mc\include\asm\m5307sim.h
2026-07-10 15:49:12.834   Time stamp of our file: 2001-09-09 23:43:48.000
2026-07-10 15:49:12.834   Installing the file.
2026-07-10 15:49:12.836   Successfully installed the file.
2026-07-10 15:49:12.837   -- File entry --
2026-07-10 15:49:12.837   Dest filename: C:\JL\mc\include\asm\m68302.h
2026-07-10 15:49:12.837   Time stamp of our file: 2001-09-09 23:43:48.000
2026-07-10 15:49:12.837   Installing the file.
2026-07-10 15:49:12.839   Successfully installed the file.
2026-07-10 15:49:12.839   -- File entry --
2026-07-10 15:49:12.840   Dest filename: C:\JL\mc\include\asm\m68en302.h
2026-07-10 15:49:12.840   Time stamp of our file: 2001-09-09 23:43:48.000
2026-07-10 15:49:12.840   Installing the file.
2026-07-10 15:49:12.842   Successfully installed the file.
2026-07-10 15:49:12.842   -- File entry --
2026-07-10 15:49:12.842   Dest filename: C:\JL\mc\include\asm\machdep.h
2026-07-10 15:49:12.843   Time stamp of our file: 2001-09-09 23:43:48.000
2026-07-10 15:49:12.843   Installing the file.
2026-07-10 15:49:12.845   Successfully installed the file.
2026-07-10 15:49:12.845   -- File entry --
2026-07-10 15:49:12.845   Dest filename: C:\JL\mc\include\asm\MC68328.h
2026-07-10 15:49:12.845   Time stamp of our file: 2001-09-09 23:43:48.000
2026-07-10 15:49:12.845   Installing the file.
2026-07-10 15:49:12.847   Successfully installed the file.
2026-07-10 15:49:12.847   -- File entry --
2026-07-10 15:49:12.848   Dest filename: C:\JL\mc\include\asm\MC68332.h
2026-07-10 15:49:12.848   Time stamp of our file: 2001-09-09 23:43:48.000
2026-07-10 15:49:12.848   Installing the file.
2026-07-10 15:49:12.849   Successfully installed the file.
2026-07-10 15:49:12.849   -- File entry --
2026-07-10 15:49:12.851   Dest filename: C:\JL\mc\include\asm\MC68EZ328.h
2026-07-10 15:49:12.851   Time stamp of our file: 2001-09-09 23:43:48.000
2026-07-10 15:49:12.851   Installing the file.
2026-07-10 15:49:12.853   Successfully installed the file.
2026-07-10 15:49:12.853   -- File entry --
2026-07-10 15:49:12.854   Dest filename: C:\JL\mc\include\asm\mcfdma.h
2026-07-10 15:49:12.854   Time stamp of our file: 2001-09-09 23:43:48.000
2026-07-10 15:49:12.854   Installing the file.
2026-07-10 15:49:12.855   Successfully installed the file.
2026-07-10 15:49:12.855   -- File entry --
2026-07-10 15:49:12.855   Dest filename: C:\JL\mc\include\asm\mcfmbus.h
2026-07-10 15:49:12.856   Time stamp of our file: 2001-09-09 23:43:48.000
2026-07-10 15:49:12.856   Installing the file.
2026-07-10 15:49:12.857   Successfully installed the file.
2026-07-10 15:49:12.857   -- File entry --
2026-07-10 15:49:12.857   Dest filename: C:\JL\mc\include\asm\mcfne.h
2026-07-10 15:49:12.857   Time stamp of our file: 2001-09-09 23:43:48.000
2026-07-10 15:49:12.857   Installing the file.
2026-07-10 15:49:12.859   Successfully installed the file.
2026-07-10 15:49:12.859   -- File entry --
2026-07-10 15:49:12.859   Dest filename: C:\JL\mc\include\asm\mcfpci.h
2026-07-10 15:49:12.859   Time stamp of our file: 2001-09-09 23:43:48.000
2026-07-10 15:49:12.859   Installing the file.
2026-07-10 15:49:12.860   Successfully installed the file.
2026-07-10 15:49:12.860   -- File entry --
2026-07-10 15:49:12.862   Dest filename: C:\JL\mc\include\asm\mcfsim.h
2026-07-10 15:49:12.862   Time stamp of our file: 2001-09-09 23:43:48.000
2026-07-10 15:49:12.862   Installing the file.
2026-07-10 15:49:12.863   Successfully installed the file.
2026-07-10 15:49:12.863   -- File entry --
2026-07-10 15:49:12.863   Dest filename: C:\JL\mc\include\asm\mcfsmc.h
2026-07-10 15:49:12.864   Time stamp of our file: 2001-09-09 23:43:48.000
2026-07-10 15:49:12.864   Installing the file.
2026-07-10 15:49:12.865   Successfully installed the file.
2026-07-10 15:49:12.866   -- File entry --
2026-07-10 15:49:12.866   Dest filename: C:\JL\mc\include\asm\mcftimer.h
2026-07-10 15:49:12.867   Time stamp of our file: 2001-09-09 23:43:48.000
2026-07-10 15:49:12.867   Installing the file.
2026-07-10 15:49:12.868   Successfully installed the file.
2026-07-10 15:49:12.868   -- File entry --
2026-07-10 15:49:12.869   Dest filename: C:\JL\mc\include\asm\mcfuart.h
2026-07-10 15:49:12.869   Time stamp of our file: 2001-09-09 23:43:48.000
2026-07-10 15:49:12.869   Installing the file.
2026-07-10 15:49:12.870   Successfully installed the file.
2026-07-10 15:49:12.870   -- File entry --
2026-07-10 15:49:12.870   Dest filename: C:\JL\mc\include\asm\mman.h
2026-07-10 15:49:12.871   Time stamp of our file: 2001-09-09 23:43:48.000
2026-07-10 15:49:12.871   Installing the file.
2026-07-10 15:49:12.872   Successfully installed the file.
2026-07-10 15:49:12.872   -- File entry --
2026-07-10 15:49:12.872   Dest filename: C:\JL\mc\include\asm\mmu_context.h
2026-07-10 15:49:12.872   Time stamp of our file: 2001-09-09 23:43:48.000
2026-07-10 15:49:12.872   Installing the file.
2026-07-10 15:49:12.873   Successfully installed the file.
2026-07-10 15:49:12.873   -- File entry --
2026-07-10 15:49:12.873   Dest filename: C:\JL\mc\include\asm\nettel.h
2026-07-10 15:49:12.874   Time stamp of our file: 2001-09-09 23:43:48.000
2026-07-10 15:49:12.874   Installing the file.
2026-07-10 15:49:12.875   Successfully installed the file.
2026-07-10 15:49:12.875   -- File entry --
2026-07-10 15:49:12.875   Dest filename: C:\JL\mc\include\asm\or1k.h
2026-07-10 15:49:12.875   Time stamp of our file: 2001-09-09 23:43:48.000
2026-07-10 15:49:12.875   Installing the file.
2026-07-10 15:49:12.877   Successfully installed the file.
2026-07-10 15:49:12.878   -- File entry --
2026-07-10 15:49:12.878   Dest filename: C:\JL\mc\include\asm\page.h
2026-07-10 15:49:12.878   Time stamp of our file: 2001-09-09 23:43:48.000
2026-07-10 15:49:12.878   Installing the file.
2026-07-10 15:49:12.879   Successfully installed the file.
2026-07-10 15:49:12.879   -- File entry --
2026-07-10 15:49:12.879   Dest filename: C:\JL\mc\include\asm\param.h
2026-07-10 15:49:12.879   Time stamp of our file: 2001-09-09 23:43:48.000
2026-07-10 15:49:12.879   Installing the file.
2026-07-10 15:49:12.880   Successfully installed the file.
2026-07-10 15:49:12.880   -- File entry --
2026-07-10 15:49:12.880   Dest filename: C:\JL\mc\include\asm\pgtable.h
2026-07-10 15:49:12.880   Time stamp of our file: 2001-09-09 23:43:48.000
2026-07-10 15:49:12.881   Installing the file.
2026-07-10 15:49:12.882   Successfully installed the file.
2026-07-10 15:49:12.882   -- File entry --
2026-07-10 15:49:12.882   Dest filename: C:\JL\mc\include\asm\posix_types.h
2026-07-10 15:49:12.882   Time stamp of our file: 2001-09-09 23:43:48.000
2026-07-10 15:49:12.882   Installing the file.
2026-07-10 15:49:12.883   Successfully installed the file.
2026-07-10 15:49:12.883   -- File entry --
2026-07-10 15:49:12.884   Dest filename: C:\JL\mc\include\asm\processor.h
2026-07-10 15:49:12.884   Time stamp of our file: 2001-09-09 23:43:48.000
2026-07-10 15:49:12.884   Installing the file.
2026-07-10 15:49:12.885   Successfully installed the file.
2026-07-10 15:49:12.885   -- File entry --
2026-07-10 15:49:12.885   Dest filename: C:\JL\mc\include\asm\ptrace.h
2026-07-10 15:49:12.885   Time stamp of our file: 2001-09-09 23:43:48.000
2026-07-10 15:49:12.885   Installing the file.
2026-07-10 15:49:12.886   Successfully installed the file.
2026-07-10 15:49:12.886   -- File entry --
2026-07-10 15:49:12.886   Dest filename: C:\JL\mc\include\asm\resource.h
2026-07-10 15:49:12.887   Time stamp of our file: 2001-09-09 23:43:48.000
2026-07-10 15:49:12.887   Installing the file.
2026-07-10 15:49:12.888   Successfully installed the file.
2026-07-10 15:49:12.888   -- File entry --
2026-07-10 15:49:12.888   Dest filename: C:\JL\mc\include\asm\segment.h
2026-07-10 15:49:12.888   Time stamp of our file: 2001-09-09 23:43:48.000
2026-07-10 15:49:12.888   Installing the file.
2026-07-10 15:49:12.890   Successfully installed the file.
2026-07-10 15:49:12.890   -- File entry --
2026-07-10 15:49:12.890   Dest filename: C:\JL\mc\include\asm\semaphore.h
2026-07-10 15:49:12.890   Time stamp of our file: 2001-09-09 23:43:48.000
2026-07-10 15:49:12.890   Installing the file.
2026-07-10 15:49:12.893   Successfully installed the file.
2026-07-10 15:49:12.893   -- File entry --
2026-07-10 15:49:12.893   Dest filename: C:\JL\mc\include\asm\setup.h
2026-07-10 15:49:12.893   Time stamp of our file: 2001-09-09 23:43:48.000
2026-07-10 15:49:12.893   Installing the file.
2026-07-10 15:49:12.895   Successfully installed the file.
2026-07-10 15:49:12.895   -- File entry --
2026-07-10 15:49:12.895   Dest filename: C:\JL\mc\include\asm\shglcore.h
2026-07-10 15:49:12.895   Time stamp of our file: 2001-09-09 23:43:48.000
2026-07-10 15:49:12.895   Installing the file.
2026-07-10 15:49:12.896   Successfully installed the file.
2026-07-10 15:49:12.897   -- File entry --
2026-07-10 15:49:12.897   Dest filename: C:\JL\mc\include\asm\shglports.h
2026-07-10 15:49:12.897   Time stamp of our file: 2001-09-09 23:43:48.000
2026-07-10 15:49:12.897   Installing the file.
2026-07-10 15:49:12.900   Successfully installed the file.
2026-07-10 15:49:12.900   -- File entry --
2026-07-10 15:49:12.900   Dest filename: C:\JL\mc\include\asm\shm.h
2026-07-10 15:49:12.900   Time stamp of our file: 2001-09-09 23:43:48.000
2026-07-10 15:49:12.900   Installing the file.
2026-07-10 15:49:12.901   Successfully installed the file.
2026-07-10 15:49:12.901   -- File entry --
2026-07-10 15:49:12.901   Dest filename: C:\JL\mc\include\asm\shmparam.h
2026-07-10 15:49:12.902   Time stamp of our file: 2001-09-09 23:43:48.000
2026-07-10 15:49:12.902   Installing the file.
2026-07-10 15:49:12.903   Successfully installed the file.
2026-07-10 15:49:12.903   -- File entry --
2026-07-10 15:49:12.903   Dest filename: C:\JL\mc\include\asm\sigcontext.h
2026-07-10 15:49:12.903   Time stamp of our file: 2001-09-09 23:43:48.000
2026-07-10 15:49:12.903   Installing the file.
2026-07-10 15:49:12.905   Successfully installed the file.
2026-07-10 15:49:12.905   -- File entry --
2026-07-10 15:49:12.905   Dest filename: C:\JL\mc\include\asm\signal.h
2026-07-10 15:49:12.905   Time stamp of our file: 2001-09-09 23:43:48.000
2026-07-10 15:49:12.905   Installing the file.
2026-07-10 15:49:12.906   Successfully installed the file.
2026-07-10 15:49:12.908   -- File entry --
2026-07-10 15:49:12.908   Dest filename: C:\JL\mc\include\asm\socket.h
2026-07-10 15:49:12.908   Time stamp of our file: 2001-09-09 23:43:48.000
2026-07-10 15:49:12.908   Installing the file.
2026-07-10 15:49:12.909   Successfully installed the file.
2026-07-10 15:49:12.909   -- File entry --
2026-07-10 15:49:12.909   Dest filename: C:\JL\mc\include\asm\sockios.h
2026-07-10 15:49:12.909   Time stamp of our file: 2001-09-09 23:43:48.000
2026-07-10 15:49:12.909   Installing the file.
2026-07-10 15:49:12.911   Successfully installed the file.
2026-07-10 15:49:12.911   -- File entry --
2026-07-10 15:49:12.911   Dest filename: C:\JL\mc\include\asm\spr_defs.h
2026-07-10 15:49:12.911   Time stamp of our file: 2001-09-09 23:43:48.000
2026-07-10 15:49:12.911   Installing the file.
2026-07-10 15:49:12.914   Successfully installed the file.
2026-07-10 15:49:12.914   -- File entry --
2026-07-10 15:49:12.914   Dest filename: C:\JL\mc\include\asm\stat.h
2026-07-10 15:49:12.914   Time stamp of our file: 2001-09-09 23:43:48.000
2026-07-10 15:49:12.914   Installing the file.
2026-07-10 15:49:12.916   Successfully installed the file.
2026-07-10 15:49:12.916   -- File entry --
2026-07-10 15:49:12.916   Dest filename: C:\JL\mc\include\asm\statfs.h
2026-07-10 15:49:12.916   Time stamp of our file: 2001-09-09 23:43:48.000
2026-07-10 15:49:12.916   Installing the file.
2026-07-10 15:49:12.917   Successfully installed the file.
2026-07-10 15:49:12.918   -- File entry --
2026-07-10 15:49:12.918   Dest filename: C:\JL\mc\include\asm\string.h
2026-07-10 15:49:12.918   Time stamp of our file: 2001-09-09 23:43:48.000
2026-07-10 15:49:12.918   Installing the file.
2026-07-10 15:49:12.919   Successfully installed the file.
2026-07-10 15:49:12.920   -- File entry --
2026-07-10 15:49:12.920   Dest filename: C:\JL\mc\include\asm\system.h
2026-07-10 15:49:12.920   Time stamp of our file: 2001-09-09 23:43:48.000
2026-07-10 15:49:12.920   Installing the file.
2026-07-10 15:49:12.921   Successfully installed the file.
2026-07-10 15:49:12.921   -- File entry --
2026-07-10 15:49:12.921   Dest filename: C:\JL\mc\include\asm\termbits.h
2026-07-10 15:49:12.922   Time stamp of our file: 2001-09-09 23:43:48.000
2026-07-10 15:49:12.922   Installing the file.
2026-07-10 15:49:12.923   Successfully installed the file.
2026-07-10 15:49:12.923   -- File entry --
2026-07-10 15:49:12.923   Dest filename: C:\JL\mc\include\asm\termios.h
2026-07-10 15:49:12.923   Time stamp of our file: 2001-09-09 23:43:48.000
2026-07-10 15:49:12.923   Installing the file.
2026-07-10 15:49:12.925   Successfully installed the file.
2026-07-10 15:49:12.925   -- File entry --
2026-07-10 15:49:12.925   Dest filename: C:\JL\mc\include\asm\traps.h
2026-07-10 15:49:12.926   Time stamp of our file: 2001-09-09 23:43:48.000
2026-07-10 15:49:12.926   Installing the file.
2026-07-10 15:49:12.927   Successfully installed the file.
2026-07-10 15:49:12.927   -- File entry --
2026-07-10 15:49:12.927   Dest filename: C:\JL\mc\include\asm\types.h
2026-07-10 15:49:12.927   Time stamp of our file: 2001-09-09 23:43:48.000
2026-07-10 15:49:12.927   Installing the file.
2026-07-10 15:49:12.929   Successfully installed the file.
2026-07-10 15:49:12.929   -- File entry --
2026-07-10 15:49:12.929   Dest filename: C:\JL\mc\include\asm\unaligned.h
2026-07-10 15:49:12.929   Time stamp of our file: 2001-09-09 23:43:48.000
2026-07-10 15:49:12.929   Installing the file.
2026-07-10 15:49:12.930   Successfully installed the file.
2026-07-10 15:49:12.930   -- File entry --
2026-07-10 15:49:12.931   Dest filename: C:\JL\mc\include\asm\unistd.h
2026-07-10 15:49:12.931   Time stamp of our file: 2001-09-09 23:43:48.000
2026-07-10 15:49:12.931   Installing the file.
2026-07-10 15:49:12.932   Successfully installed the file.
2026-07-10 15:49:12.932   -- File entry --
2026-07-10 15:49:12.932   Dest filename: C:\JL\mc\include\asm\user.h
2026-07-10 15:49:12.932   Time stamp of our file: 2001-09-09 23:43:48.000
2026-07-10 15:49:12.932   Installing the file.
2026-07-10 15:49:12.933   Successfully installed the file.
2026-07-10 15:49:12.934   -- File entry --
2026-07-10 15:49:12.934   Dest filename: C:\JL\mc\include\asm\CVS\Entries
2026-07-10 15:49:12.934   Time stamp of our file: 2007-05-29 18:54:28.000
2026-07-10 15:49:12.934   Installing the file.
2026-07-10 15:49:12.934   Creating directory: C:\JL\mc\include\asm\CVS
2026-07-10 15:49:12.935   Successfully installed the file.
2026-07-10 15:49:12.936   -- File entry --
2026-07-10 15:49:12.936   Dest filename: C:\JL\mc\include\asm\CVS\Repository
2026-07-10 15:49:12.936   Time stamp of our file: 2007-05-29 18:54:28.000
2026-07-10 15:49:12.936   Installing the file.
2026-07-10 15:49:12.937   Successfully installed the file.
2026-07-10 15:49:12.937   -- File entry --
2026-07-10 15:49:12.938   Dest filename: C:\JL\mc\include\asm\CVS\Root
2026-07-10 15:49:12.938   Time stamp of our file: 2007-05-29 18:54:28.000
2026-07-10 15:49:12.938   Installing the file.
2026-07-10 15:49:12.939   Successfully installed the file.
2026-07-10 15:49:12.940   -- File entry --
2026-07-10 15:49:12.940   Dest filename: C:\JL\mc\include\bsd\bsd.h
2026-07-10 15:49:12.940   Time stamp of our file: 2001-09-09 23:43:48.000
2026-07-10 15:49:12.940   Installing the file.
2026-07-10 15:49:12.940   Creating directory: C:\JL\mc\include\bsd
2026-07-10 15:49:12.942   Successfully installed the file.
2026-07-10 15:49:12.942   -- File entry --
2026-07-10 15:49:12.942   Dest filename: C:\JL\mc\include\bsd\errno.h
2026-07-10 15:49:12.943   Time stamp of our file: 2001-09-09 23:43:48.000
2026-07-10 15:49:12.943   Installing the file.
2026-07-10 15:49:12.944   Successfully installed the file.
2026-07-10 15:49:12.944   -- File entry --
2026-07-10 15:49:12.944   Dest filename: C:\JL\mc\include\bsd\sgtty.h
2026-07-10 15:49:12.944   Time stamp of our file: 2001-09-09 23:43:48.000
2026-07-10 15:49:12.944   Installing the file.
2026-07-10 15:49:12.946   Successfully installed the file.
2026-07-10 15:49:12.946   -- File entry --
2026-07-10 15:49:12.946   Dest filename: C:\JL\mc\include\bsd\signal.h
2026-07-10 15:49:12.946   Time stamp of our file: 2001-09-09 23:43:48.000
2026-07-10 15:49:12.946   Installing the file.
2026-07-10 15:49:12.948   Successfully installed the file.
2026-07-10 15:49:12.948   -- File entry --
2026-07-10 15:49:12.948   Dest filename: C:\JL\mc\include\bsd\stdlib.h
2026-07-10 15:49:12.948   Time stamp of our file: 2001-09-09 23:43:48.000
2026-07-10 15:49:12.948   Installing the file.
2026-07-10 15:49:12.950   Successfully installed the file.
2026-07-10 15:49:12.950   -- File entry --
2026-07-10 15:49:12.950   Dest filename: C:\JL\mc\include\bsd\tzfile.h
2026-07-10 15:49:12.950   Time stamp of our file: 2001-09-09 23:43:48.000
2026-07-10 15:49:12.950   Installing the file.
2026-07-10 15:49:12.951   Successfully installed the file.
2026-07-10 15:49:12.951   -- File entry --
2026-07-10 15:49:12.952   Dest filename: C:\JL\mc\include\bsd\unistd.h
2026-07-10 15:49:12.952   Time stamp of our file: 2001-09-09 23:43:48.000
2026-07-10 15:49:12.952   Installing the file.
2026-07-10 15:49:12.953   Successfully installed the file.
2026-07-10 15:49:12.954   -- File entry --
2026-07-10 15:49:12.954   Dest filename: C:\JL\mc\include\bsd\CVS\Entries
2026-07-10 15:49:12.954   Time stamp of our file: 2007-05-29 18:54:28.000
2026-07-10 15:49:12.954   Installing the file.
2026-07-10 15:49:12.954   Creating directory: C:\JL\mc\include\bsd\CVS
2026-07-10 15:49:12.956   Successfully installed the file.
2026-07-10 15:49:12.956   -- File entry --
2026-07-10 15:49:12.956   Dest filename: C:\JL\mc\include\bsd\CVS\Repository
2026-07-10 15:49:12.956   Time stamp of our file: 2007-05-29 18:54:28.000
2026-07-10 15:49:12.956   Installing the file.
2026-07-10 15:49:12.957   Successfully installed the file.
2026-07-10 15:49:12.957   -- File entry --
2026-07-10 15:49:12.957   Dest filename: C:\JL\mc\include\bsd\CVS\Root
2026-07-10 15:49:12.959   Time stamp of our file: 2007-05-29 18:54:28.000
2026-07-10 15:49:12.959   Installing the file.
2026-07-10 15:49:12.960   Successfully installed the file.
2026-07-10 15:49:12.960   -- File entry --
2026-07-10 15:49:12.960   Dest filename: C:\JL\mc\include\bsd\sys\ttychars.h
2026-07-10 15:49:12.960   Time stamp of our file: 2001-09-09 23:43:48.000
2026-07-10 15:49:12.960   Installing the file.
2026-07-10 15:49:12.960   Creating directory: C:\JL\mc\include\bsd\sys
2026-07-10 15:49:12.961   Successfully installed the file.
2026-07-10 15:49:12.961   -- File entry --
2026-07-10 15:49:12.961   Dest filename: C:\JL\mc\include\bsd\sys\CVS\Entries
2026-07-10 15:49:12.962   Time stamp of our file: 2007-05-29 18:54:28.000
2026-07-10 15:49:12.962   Installing the file.
2026-07-10 15:49:12.962   Creating directory: C:\JL\mc\include\bsd\sys\CVS
2026-07-10 15:49:12.963   Successfully installed the file.
2026-07-10 15:49:12.963   -- File entry --
2026-07-10 15:49:12.963   Dest filename: C:\JL\mc\include\bsd\sys\CVS\Repository
2026-07-10 15:49:12.963   Time stamp of our file: 2007-05-29 18:54:28.000
2026-07-10 15:49:12.963   Installing the file.
2026-07-10 15:49:12.966   Successfully installed the file.
2026-07-10 15:49:12.966   -- File entry --
2026-07-10 15:49:12.966   Dest filename: C:\JL\mc\include\bsd\sys\CVS\Root
2026-07-10 15:49:12.966   Time stamp of our file: 2007-05-29 18:54:28.000
2026-07-10 15:49:12.967   Installing the file.
2026-07-10 15:49:12.968   Successfully installed the file.
2026-07-10 15:49:12.968   -- File entry --
2026-07-10 15:49:12.968   Dest filename: C:\JL\mc\include\CVS\Entries
2026-07-10 15:49:12.969   Time stamp of our file: 2007-05-29 18:54:28.000
2026-07-10 15:49:12.969   Installing the file.
2026-07-10 15:49:12.969   Creating directory: C:\JL\mc\include\CVS
2026-07-10 15:49:12.970   Successfully installed the file.
2026-07-10 15:49:12.970   -- File entry --
2026-07-10 15:49:12.970   Dest filename: C:\JL\mc\include\CVS\Repository
2026-07-10 15:49:12.971   Time stamp of our file: 2007-05-29 18:54:26.000
2026-07-10 15:49:12.971   Installing the file.
2026-07-10 15:49:12.972   Successfully installed the file.
2026-07-10 15:49:12.972   -- File entry --
2026-07-10 15:49:12.972   Dest filename: C:\JL\mc\include\CVS\Root
2026-07-10 15:49:12.972   Time stamp of our file: 2007-05-29 18:54:26.000
2026-07-10 15:49:12.972   Installing the file.
2026-07-10 15:49:12.973   Successfully installed the file.
2026-07-10 15:49:12.973   -- File entry --
2026-07-10 15:49:12.973   Dest filename: C:\JL\mc\include\gnu\types.h
2026-07-10 15:49:12.974   Time stamp of our file: 2001-09-09 23:43:48.000
2026-07-10 15:49:12.974   Installing the file.
2026-07-10 15:49:12.974   Creating directory: C:\JL\mc\include\gnu
2026-07-10 15:49:12.975   Successfully installed the file.
2026-07-10 15:49:12.976   -- File entry --
2026-07-10 15:49:12.976   Dest filename: C:\JL\mc\include\gnu\CVS\Entries
2026-07-10 15:49:12.976   Time stamp of our file: 2007-05-29 18:54:28.000
2026-07-10 15:49:12.976   Installing the file.
2026-07-10 15:49:12.976   Creating directory: C:\JL\mc\include\gnu\CVS
2026-07-10 15:49:12.977   Successfully installed the file.
2026-07-10 15:49:12.978   -- File entry --
2026-07-10 15:49:12.978   Dest filename: C:\JL\mc\include\gnu\CVS\Repository
2026-07-10 15:49:12.978   Time stamp of our file: 2007-05-29 18:54:28.000
2026-07-10 15:49:12.978   Installing the file.
2026-07-10 15:49:12.979   Successfully installed the file.
2026-07-10 15:49:12.979   -- File entry --
2026-07-10 15:49:12.979   Dest filename: C:\JL\mc\include\gnu\CVS\Root
2026-07-10 15:49:12.980   Time stamp of our file: 2007-05-29 18:54:28.000
2026-07-10 15:49:12.980   Installing the file.
2026-07-10 15:49:12.981   Successfully installed the file.
2026-07-10 15:49:12.981   -- File entry --
2026-07-10 15:49:12.981   Dest filename: C:\JL\mc\include\linux\a.out.h
2026-07-10 15:49:12.983   Time stamp of our file: 2001-09-09 23:43:48.000
2026-07-10 15:49:12.983   Installing the file.
2026-07-10 15:49:12.983   Creating directory: C:\JL\mc\include\linux
2026-07-10 15:49:12.984   Successfully installed the file.
2026-07-10 15:49:12.984   -- File entry --
2026-07-10 15:49:12.984   Dest filename: C:\JL\mc\include\linux\acct.h
2026-07-10 15:49:12.984   Time stamp of our file: 2001-09-09 23:43:48.000
2026-07-10 15:49:12.984   Installing the file.
2026-07-10 15:49:12.986   Successfully installed the file.
2026-07-10 15:49:12.986   -- File entry --
2026-07-10 15:49:12.986   Dest filename: C:\JL\mc\include\linux\adfs_fs.h
2026-07-10 15:49:12.986   Time stamp of our file: 2001-09-09 23:43:48.000
2026-07-10 15:49:12.986   Installing the file.
2026-07-10 15:49:12.989   Successfully installed the file.
2026-07-10 15:49:12.989   -- File entry --
2026-07-10 15:49:12.989   Dest filename: C:\JL\mc\include\linux\adfs_fs_i.h
2026-07-10 15:49:12.989   Time stamp of our file: 2001-09-09 23:43:48.000
2026-07-10 15:49:12.989   Installing the file.
2026-07-10 15:49:12.990   Successfully installed the file.
2026-07-10 15:49:12.990   -- File entry --
2026-07-10 15:49:12.991   Dest filename: C:\JL\mc\include\linux\adfs_fs_sb.h
2026-07-10 15:49:12.991   Time stamp of our file: 2001-09-09 23:43:48.000
2026-07-10 15:49:12.991   Installing the file.
2026-07-10 15:49:12.992   Successfully installed the file.
2026-07-10 15:49:12.992   -- File entry --
2026-07-10 15:49:12.992   Dest filename: C:\JL\mc\include\linux\affs_fs.h
2026-07-10 15:49:12.993   Time stamp of our file: 2001-09-09 23:43:48.000
2026-07-10 15:49:12.993   Installing the file.
2026-07-10 15:49:12.994   Successfully installed the file.
2026-07-10 15:49:12.994   -- File entry --
2026-07-10 15:49:12.994   Dest filename: C:\JL\mc\include\linux\affs_fs_i.h
2026-07-10 15:49:12.994   Time stamp of our file: 2001-09-09 23:43:48.000
2026-07-10 15:49:12.994   Installing the file.
2026-07-10 15:49:12.996   Successfully installed the file.
2026-07-10 15:49:12.996   -- File entry --
2026-07-10 15:49:12.996   Dest filename: C:\JL\mc\include\linux\affs_fs_sb.h
2026-07-10 15:49:12.996   Time stamp of our file: 2001-09-09 23:43:48.000
2026-07-10 15:49:12.996   Installing the file.
2026-07-10 15:49:12.997   Successfully installed the file.
2026-07-10 15:49:12.998   -- File entry --
2026-07-10 15:49:12.998   Dest filename: C:\JL\mc\include\linux\affs_hardblocks.h
2026-07-10 15:49:12.999   Time stamp of our file: 2001-09-09 23:43:48.000
2026-07-10 15:49:12.999   Installing the file.
2026-07-10 15:49:12.999   Successfully installed the file.
2026-07-10 15:49:12.999   -- File entry --
2026-07-10 15:49:12.999   Dest filename: C:\JL\mc\include\linux\amigaffs.h
2026-07-10 15:49:13.001   Time stamp of our file: 2001-09-09 23:43:48.000
2026-07-10 15:49:13.001   Installing the file.
2026-07-10 15:49:13.002   Successfully installed the file.
2026-07-10 15:49:13.002   -- File entry --
2026-07-10 15:49:13.002   Dest filename: C:\JL\mc\include\linux\apm_bios.h
2026-07-10 15:49:13.003   Time stamp of our file: 2001-09-09 23:43:48.000
2026-07-10 15:49:13.003   Installing the file.
2026-07-10 15:49:13.004   Successfully installed the file.
2026-07-10 15:49:13.004   -- File entry --
2026-07-10 15:49:13.004   Dest filename: C:\JL\mc\include\linux\atalk.h
2026-07-10 15:49:13.004   Time stamp of our file: 2001-09-09 23:43:48.000
2026-07-10 15:49:13.004   Installing the file.
2026-07-10 15:49:13.005   Successfully installed the file.
2026-07-10 15:49:13.005   -- File entry --
2026-07-10 15:49:13.006   Dest filename: C:\JL\mc\include\linux\autoconf.h
2026-07-10 15:49:13.006   Time stamp of our file: 2001-09-09 23:43:52.000
2026-07-10 15:49:13.006   Installing the file.
2026-07-10 15:49:13.007   Successfully installed the file.
2026-07-10 15:49:13.008   -- File entry --
2026-07-10 15:49:13.008   Dest filename: C:\JL\mc\include\linux\auto_fs.h
2026-07-10 15:49:13.008   Time stamp of our file: 2001-09-09 23:43:48.000
2026-07-10 15:49:13.008   Installing the file.
2026-07-10 15:49:13.009   Successfully installed the file.
2026-07-10 15:49:13.009   -- File entry --
2026-07-10 15:49:13.009   Dest filename: C:\JL\mc\include\linux\ax25.h
2026-07-10 15:49:13.010   Time stamp of our file: 2001-09-09 23:43:48.000
2026-07-10 15:49:13.010   Installing the file.
2026-07-10 15:49:13.010   Successfully installed the file.
2026-07-10 15:49:13.010   -- File entry --
2026-07-10 15:49:13.010   Dest filename: C:\JL\mc\include\linux\aztcd.h
2026-07-10 15:49:13.011   Time stamp of our file: 2001-09-09 23:43:48.000
2026-07-10 15:49:13.011   Installing the file.
2026-07-10 15:49:13.012   Successfully installed the file.
2026-07-10 15:49:13.012   -- File entry --
2026-07-10 15:49:13.012   Dest filename: C:\JL\mc\include\linux\b1lli.h
2026-07-10 15:49:13.012   Time stamp of our file: 2001-09-09 23:43:48.000
2026-07-10 15:49:13.012   Installing the file.
2026-07-10 15:49:13.014   Successfully installed the file.
2026-07-10 15:49:13.014   -- File entry --
2026-07-10 15:49:13.014   Dest filename: C:\JL\mc\include\linux\baycom.h
2026-07-10 15:49:13.014   Time stamp of our file: 2001-09-09 23:43:48.000
2026-07-10 15:49:13.014   Installing the file.
2026-07-10 15:49:13.015   Successfully installed the file.
2026-07-10 15:49:13.015   -- File entry --
2026-07-10 15:49:13.015   Dest filename: C:\JL\mc\include\linux\binfmts.h
2026-07-10 15:49:13.015   Time stamp of our file: 2001-09-09 23:43:48.000
2026-07-10 15:49:13.015   Installing the file.
2026-07-10 15:49:13.016   Successfully installed the file.
2026-07-10 15:49:13.017   -- File entry --
2026-07-10 15:49:13.017   Dest filename: C:\JL\mc\include\linux\bios32.h
2026-07-10 15:49:13.017   Time stamp of our file: 2001-09-09 23:43:48.000
2026-07-10 15:49:13.017   Installing the file.
2026-07-10 15:49:13.018   Successfully installed the file.
2026-07-10 15:49:13.018   -- File entry --
2026-07-10 15:49:13.018   Dest filename: C:\JL\mc\include\linux\blk.h
2026-07-10 15:49:13.019   Time stamp of our file: 2001-09-09 23:43:48.000
2026-07-10 15:49:13.019   Installing the file.
2026-07-10 15:49:13.020   Successfully installed the file.
2026-07-10 15:49:13.020   -- File entry --
2026-07-10 15:49:13.020   Dest filename: C:\JL\mc\include\linux\blkdev.h
2026-07-10 15:49:13.022   Time stamp of our file: 2001-09-09 23:43:48.000
2026-07-10 15:49:13.022   Installing the file.
2026-07-10 15:49:13.023   Successfully installed the file.
2026-07-10 15:49:13.023   -- File entry --
2026-07-10 15:49:13.023   Dest filename: C:\JL\mc\include\linux\blkmem.h
2026-07-10 15:49:13.024   Time stamp of our file: 2001-09-09 23:43:48.000
2026-07-10 15:49:13.024   Installing the file.
2026-07-10 15:49:13.025   Successfully installed the file.
2026-07-10 15:49:13.025   -- File entry --
2026-07-10 15:49:13.025   Dest filename: C:\JL\mc\include\linux\bpqether.h
2026-07-10 15:49:13.025   Time stamp of our file: 2001-09-09 23:43:48.000
2026-07-10 15:49:13.025   Installing the file.
2026-07-10 15:49:13.026   Successfully installed the file.
2026-07-10 15:49:13.027   -- File entry --
2026-07-10 15:49:13.027   Dest filename: C:\JL\mc\include\linux\busmouse.h
2026-07-10 15:49:13.027   Time stamp of our file: 2001-09-09 23:43:48.000
2026-07-10 15:49:13.027   Installing the file.
2026-07-10 15:49:13.028   Successfully installed the file.
2026-07-10 15:49:13.029   -- File entry --
2026-07-10 15:49:13.029   Dest filename: C:\JL\mc\include\linux\capi.h
2026-07-10 15:49:13.029   Time stamp of our file: 2001-09-09 23:43:48.000
2026-07-10 15:49:13.029   Installing the file.
2026-07-10 15:49:13.031   Successfully installed the file.
2026-07-10 15:49:13.031   -- File entry --
2026-07-10 15:49:13.031   Dest filename: C:\JL\mc\include\linux\cd1400.h
2026-07-10 15:49:13.031   Time stamp of our file: 2001-09-09 23:43:48.000
2026-07-10 15:49:13.031   Installing the file.
2026-07-10 15:49:13.032   Successfully installed the file.
2026-07-10 15:49:13.032   -- File entry --
2026-07-10 15:49:13.032   Dest filename: C:\JL\mc\include\linux\cdk.h
2026-07-10 15:49:13.033   Time stamp of our file: 2001-09-09 23:43:48.000
2026-07-10 15:49:13.033   Installing the file.
2026-07-10 15:49:13.034   Successfully installed the file.
2026-07-10 15:49:13.034   -- File entry --
2026-07-10 15:49:13.034   Dest filename: C:\JL\mc\include\linux\cdrom.h
2026-07-10 15:49:13.035   Time stamp of our file: 2001-09-09 23:43:48.000
2026-07-10 15:49:13.035   Installing the file.
2026-07-10 15:49:13.036   Successfully installed the file.
2026-07-10 15:49:13.036   -- File entry --
2026-07-10 15:49:13.036   Dest filename: C:\JL\mc\include\linux\cdu31a.h
2026-07-10 15:49:13.038   Time stamp of our file: 2001-09-09 23:43:48.000
2026-07-10 15:49:13.038   Installing the file.
2026-07-10 15:49:13.039   Successfully installed the file.
2026-07-10 15:49:13.039   -- File entry --
2026-07-10 15:49:13.039   Dest filename: C:\JL\mc\include\linux\cm206.h
2026-07-10 15:49:13.040   Time stamp of our file: 2001-09-09 23:43:48.000
2026-07-10 15:49:13.040   Installing the file.
2026-07-10 15:49:13.041   Successfully installed the file.
2026-07-10 15:49:13.041   -- File entry --
2026-07-10 15:49:13.041   Dest filename: C:\JL\mc\include\linux\coff.h
2026-07-10 15:49:13.041   Time stamp of our file: 2001-09-09 23:43:48.000
2026-07-10 15:49:13.041   Installing the file.
2026-07-10 15:49:13.043   Successfully installed the file.
2026-07-10 15:49:13.043   -- File entry --
2026-07-10 15:49:13.043   Dest filename: C:\JL\mc\include\linux\compile.h
2026-07-10 15:49:13.043   Time stamp of our file: 2001-09-09 23:43:52.000
2026-07-10 15:49:13.043   Installing the file.
2026-07-10 15:49:13.044   Successfully installed the file.
2026-07-10 15:49:13.044   -- File entry --
2026-07-10 15:49:13.045   Dest filename: C:\JL\mc\include\linux\comstats.h
2026-07-10 15:49:13.045   Time stamp of our file: 2001-09-09 23:43:48.000
2026-07-10 15:49:13.045   Installing the file.
2026-07-10 15:49:13.047   Successfully installed the file.
2026-07-10 15:49:13.047   -- File entry --
2026-07-10 15:49:13.047   Dest filename: C:\JL\mc\include\linux\config.h
2026-07-10 15:49:13.047   Time stamp of our file: 2001-09-09 23:43:48.000
2026-07-10 15:49:13.047   Installing the file.
2026-07-10 15:49:13.048   Successfully installed the file.
2026-07-10 15:49:13.049   -- File entry --
2026-07-10 15:49:13.049   Dest filename: C:\JL\mc\include\linux\console.h
2026-07-10 15:49:13.049   Time stamp of our file: 2001-09-09 23:43:48.000
2026-07-10 15:49:13.049   Installing the file.
2026-07-10 15:49:13.050   Successfully installed the file.
2026-07-10 15:49:13.050   -- File entry --
2026-07-10 15:49:13.050   Dest filename: C:\JL\mc\include\linux\ctype.h
2026-07-10 15:49:13.050   Time stamp of our file: 2001-09-09 23:43:48.000
2026-07-10 15:49:13.050   Installing the file.
2026-07-10 15:49:13.051   Successfully installed the file.
2026-07-10 15:49:13.051   -- File entry --
2026-07-10 15:49:13.051   Dest filename: C:\JL\mc\include\linux\cyclades.h
2026-07-10 15:49:13.052   Time stamp of our file: 2001-09-09 23:43:48.000
2026-07-10 15:49:13.052   Installing the file.
2026-07-10 15:49:13.054   Successfully installed the file.
2026-07-10 15:49:13.054   -- File entry --
2026-07-10 15:49:13.054   Dest filename: C:\JL\mc\include\linux\debugreg.h
2026-07-10 15:49:13.054   Time stamp of our file: 2001-09-09 23:43:48.000
2026-07-10 15:49:13.054   Installing the file.
2026-07-10 15:49:13.055   Successfully installed the file.
2026-07-10 15:49:13.055   -- File entry --
2026-07-10 15:49:13.055   Dest filename: C:\JL\mc\include\linux\delay.h
2026-07-10 15:49:13.055   Time stamp of our file: 2001-09-09 23:43:48.000
2026-07-10 15:49:13.055   Installing the file.
2026-07-10 15:49:13.057   Successfully installed the file.
2026-07-10 15:49:13.057   -- File entry --
2026-07-10 15:49:13.057   Dest filename: C:\JL\mc\include\linux\dirent.h
2026-07-10 15:49:13.057   Time stamp of our file: 2001-09-09 23:43:48.000
2026-07-10 15:49:13.057   Installing the file.
2026-07-10 15:49:13.058   Successfully installed the file.
2026-07-10 15:49:13.058   -- File entry --
2026-07-10 15:49:13.058   Dest filename: C:\JL\mc\include\linux\elf.h
2026-07-10 15:49:13.060   Time stamp of our file: 2001-09-09 23:43:48.000
2026-07-10 15:49:13.060   Installing the file.
2026-07-10 15:49:13.061   Successfully installed the file.
2026-07-10 15:49:13.061   -- File entry --
2026-07-10 15:49:13.061   Dest filename: C:\JL\mc\include\linux\elfcore.h
2026-07-10 15:49:13.062   Time stamp of our file: 2001-09-09 23:43:48.000
2026-07-10 15:49:13.062   Installing the file.
2026-07-10 15:49:13.063   Successfully installed the file.
2026-07-10 15:49:13.063   -- File entry --
2026-07-10 15:49:13.063   Dest filename: C:\JL\mc\include\linux\errno.h
2026-07-10 15:49:13.063   Time stamp of our file: 2001-09-09 23:43:48.000
2026-07-10 15:49:13.063   Installing the file.
2026-07-10 15:49:13.064   Successfully installed the file.
2026-07-10 15:49:13.064   -- File entry --
2026-07-10 15:49:13.064   Dest filename: C:\JL\mc\include\linux\etherdevice.h
2026-07-10 15:49:13.065   Time stamp of our file: 2001-09-09 23:43:48.000
2026-07-10 15:49:13.065   Installing the file.
2026-07-10 15:49:13.066   Successfully installed the file.
2026-07-10 15:49:13.066   -- File entry --
2026-07-10 15:49:13.066   Dest filename: C:\JL\mc\include\linux\ext2_fs.h
2026-07-10 15:49:13.066   Time stamp of our file: 2001-09-09 23:43:48.000
2026-07-10 15:49:13.066   Installing the file.
2026-07-10 15:49:13.068   Successfully installed the file.
2026-07-10 15:49:13.068   -- File entry --
2026-07-10 15:49:13.068   Dest filename: C:\JL\mc\include\linux\ext2_fs_i.h
2026-07-10 15:49:13.068   Time stamp of our file: 2001-09-09 23:43:48.000
2026-07-10 15:49:13.068   Installing the file.
2026-07-10 15:49:13.069   Successfully installed the file.
2026-07-10 15:49:13.069   -- File entry --
2026-07-10 15:49:13.069   Dest filename: C:\JL\mc\include\linux\ext2_fs_sb.h
2026-07-10 15:49:13.070   Time stamp of our file: 2001-09-09 23:43:48.000
2026-07-10 15:49:13.070   Installing the file.
2026-07-10 15:49:13.071   Successfully installed the file.
2026-07-10 15:49:13.071   -- File entry --
2026-07-10 15:49:13.071   Dest filename: C:\JL\mc\include\linux\ext_fs.h
2026-07-10 15:49:13.071   Time stamp of our file: 2001-09-09 23:43:48.000
2026-07-10 15:49:13.071   Installing the file.
2026-07-10 15:49:13.072   Successfully installed the file.
2026-07-10 15:49:13.072   -- File entry --
2026-07-10 15:49:13.072   Dest filename: C:\JL\mc\include\linux\ext_fs_i.h
2026-07-10 15:49:13.072   Time stamp of our file: 2001-09-09 23:43:48.000
2026-07-10 15:49:13.072   Installing the file.
2026-07-10 15:49:13.073   Successfully installed the file.
2026-07-10 15:49:13.074   -- File entry --
2026-07-10 15:49:13.074   Dest filename: C:\JL\mc\include\linux\ext_fs_sb.h
2026-07-10 15:49:13.074   Time stamp of our file: 2001-09-09 23:43:48.000
2026-07-10 15:49:13.074   Installing the file.
2026-07-10 15:49:13.075   Successfully installed the file.
2026-07-10 15:49:13.075   -- File entry --
2026-07-10 15:49:13.075   Dest filename: C:\JL\mc\include\linux\fb.h
2026-07-10 15:49:13.076   Time stamp of our file: 2001-09-09 23:43:48.000
2026-07-10 15:49:13.076   Installing the file.
2026-07-10 15:49:13.076   Successfully installed the file.
2026-07-10 15:49:13.076   -- File entry --
2026-07-10 15:49:13.078   Dest filename: C:\JL\mc\include\linux\fcntl.h
2026-07-10 15:49:13.078   Time stamp of our file: 2001-09-09 23:43:48.000
2026-07-10 15:49:13.078   Installing the file.
2026-07-10 15:49:13.079   Successfully installed the file.
2026-07-10 15:49:13.079   -- File entry --
2026-07-10 15:49:13.079   Dest filename: C:\JL\mc\include\linux\fd.h
2026-07-10 15:49:13.080   Time stamp of our file: 2001-09-09 23:43:48.000
2026-07-10 15:49:13.080   Installing the file.
2026-07-10 15:49:13.081   Successfully installed the file.
2026-07-10 15:49:13.081   -- File entry --
2026-07-10 15:49:13.081   Dest filename: C:\JL\mc\include\linux\fddidevice.h
2026-07-10 15:49:13.082   Time stamp of our file: 2001-09-09 23:43:48.000
2026-07-10 15:49:13.082   Installing the file.
2026-07-10 15:49:13.083   Successfully installed the file.
2026-07-10 15:49:13.083   -- File entry --
2026-07-10 15:49:13.083   Dest filename: C:\JL\mc\include\linux\fdreg.h
2026-07-10 15:49:13.083   Time stamp of our file: 2001-09-09 23:43:48.000
2026-07-10 15:49:13.083   Installing the file.
2026-07-10 15:49:13.085   Successfully installed the file.
2026-07-10 15:49:13.085   -- File entry --
2026-07-10 15:49:13.085   Dest filename: C:\JL\mc\include\linux\file.h
2026-07-10 15:49:13.085   Time stamp of our file: 2001-09-09 23:43:48.000
2026-07-10 15:49:13.085   Installing the file.
2026-07-10 15:49:13.087   Successfully installed the file.
2026-07-10 15:49:13.087   -- File entry --
2026-07-10 15:49:13.087   Dest filename: C:\JL\mc\include\linux\firewall.h
2026-07-10 15:49:13.087   Time stamp of our file: 2001-09-09 23:43:48.000
2026-07-10 15:49:13.087   Installing the file.
2026-07-10 15:49:13.088   Successfully installed the file.
2026-07-10 15:49:13.088   -- File entry --
2026-07-10 15:49:13.088   Dest filename: C:\JL\mc\include\linux\flash.h
2026-07-10 15:49:13.088   Time stamp of our file: 2001-09-09 23:43:48.000
2026-07-10 15:49:13.088   Installing the file.
2026-07-10 15:49:13.089   Successfully installed the file.
2026-07-10 15:49:13.089   -- File entry --
2026-07-10 15:49:13.089   Dest filename: C:\JL\mc\include\linux\fs.h
2026-07-10 15:49:13.090   Time stamp of our file: 2001-09-09 23:43:48.000
2026-07-10 15:49:13.090   Installing the file.
2026-07-10 15:49:13.091   Successfully installed the file.
2026-07-10 15:49:13.091   -- File entry --
2026-07-10 15:49:13.091   Dest filename: C:\JL\mc\include\linux\ftape.h
2026-07-10 15:49:13.091   Time stamp of our file: 2001-09-09 23:43:48.000
2026-07-10 15:49:13.091   Installing the file.
2026-07-10 15:49:13.092   Successfully installed the file.
2026-07-10 15:49:13.093   -- File entry --
2026-07-10 15:49:13.093   Dest filename: C:\JL\mc\include\linux\genhd.h
2026-07-10 15:49:13.093   Time stamp of our file: 2001-09-09 23:43:48.000
2026-07-10 15:49:13.093   Installing the file.
2026-07-10 15:49:13.094   Successfully installed the file.
2026-07-10 15:49:13.095   -- File entry --
2026-07-10 15:49:13.095   Dest filename: C:\JL\mc\include\linux\gscd.h
2026-07-10 15:49:13.095   Time stamp of our file: 2001-09-09 23:43:48.000
2026-07-10 15:49:13.095   Installing the file.
2026-07-10 15:49:13.096   Successfully installed the file.
2026-07-10 15:49:13.096   -- File entry --
2026-07-10 15:49:13.096   Dest filename: C:\JL\mc\include\linux\hdlcdrv.h
2026-07-10 15:49:13.096   Time stamp of our file: 2001-09-09 23:43:48.000
2026-07-10 15:49:13.096   Installing the file.
2026-07-10 15:49:13.098   Successfully installed the file.
2026-07-10 15:49:13.098   -- File entry --
2026-07-10 15:49:13.098   Dest filename: C:\JL\mc\include\linux\hdreg.h
2026-07-10 15:49:13.099   Time stamp of our file: 2001-09-09 23:43:48.000
2026-07-10 15:49:13.099   Installing the file.
2026-07-10 15:49:13.100   Successfully installed the file.
2026-07-10 15:49:13.100   -- File entry --
2026-07-10 15:49:13.100   Dest filename: C:\JL\mc\include\linux\head.h
2026-07-10 15:49:13.100   Time stamp of our file: 2001-09-09 23:43:48.000
2026-07-10 15:49:13.100   Installing the file.
2026-07-10 15:49:13.101   Successfully installed the file.
2026-07-10 15:49:13.101   -- File entry --
2026-07-10 15:49:13.101   Dest filename: C:\JL\mc\include\linux\hpfs_fs.h
2026-07-10 15:49:13.101   Time stamp of our file: 2001-09-09 23:43:48.000
2026-07-10 15:49:13.101   Installing the file.
2026-07-10 15:49:13.102   Successfully installed the file.
2026-07-10 15:49:13.102   -- File entry --
2026-07-10 15:49:13.103   Dest filename: C:\JL\mc\include\linux\hpfs_fs_i.h
2026-07-10 15:49:13.103   Time stamp of our file: 2001-09-09 23:43:48.000
2026-07-10 15:49:13.103   Installing the file.
2026-07-10 15:49:13.104   Successfully installed the file.
2026-07-10 15:49:13.105   -- File entry --
2026-07-10 15:49:13.105   Dest filename: C:\JL\mc\include\linux\hpfs_fs_sb.h
2026-07-10 15:49:13.105   Time stamp of our file: 2001-09-09 23:43:48.000
2026-07-10 15:49:13.105   Installing the file.
2026-07-10 15:49:13.106   Successfully installed the file.
2026-07-10 15:49:13.106   -- File entry --
2026-07-10 15:49:13.106   Dest filename: C:\JL\mc\include\linux\icmp.h
2026-07-10 15:49:13.107   Time stamp of our file: 2001-09-09 23:43:48.000
2026-07-10 15:49:13.107   Installing the file.
2026-07-10 15:49:13.108   Successfully installed the file.
2026-07-10 15:49:13.108   -- File entry --
2026-07-10 15:49:13.108   Dest filename: C:\JL\mc\include\linux\if.h
2026-07-10 15:49:13.108   Time stamp of our file: 2001-09-09 23:43:48.000
2026-07-10 15:49:13.109   Installing the file.
2026-07-10 15:49:13.111   Successfully installed the file.
2026-07-10 15:49:13.111   -- File entry --
2026-07-10 15:49:13.111   Dest filename: C:\JL\mc\include\linux\if_arp.h
2026-07-10 15:49:13.111   Time stamp of our file: 2001-09-09 23:43:48.000
2026-07-10 15:49:13.111   Installing the file.
2026-07-10 15:49:13.112   Successfully installed the file.
2026-07-10 15:49:13.112   -- File entry --
2026-07-10 15:49:13.112   Dest filename: C:\JL\mc\include\linux\if_eql.h
2026-07-10 15:49:13.113   Time stamp of our file: 2001-09-09 23:43:48.000
2026-07-10 15:49:13.113   Installing the file.
2026-07-10 15:49:13.114   Successfully installed the file.
2026-07-10 15:49:13.114   -- File entry --
2026-07-10 15:49:13.114   Dest filename: C:\JL\mc\include\linux\if_ether.h
2026-07-10 15:49:13.114   Time stamp of our file: 2001-09-09 23:43:48.000
2026-07-10 15:49:13.114   Installing the file.
2026-07-10 15:49:13.116   Successfully installed the file.
2026-07-10 15:49:13.116   -- File entry --
2026-07-10 15:49:13.116   Dest filename: C:\JL\mc\include\linux\if_fddi.h
2026-07-10 15:49:13.116   Time stamp of our file: 2001-09-09 23:43:48.000
2026-07-10 15:49:13.116   Installing the file.
2026-07-10 15:49:13.117   Successfully installed the file.
2026-07-10 15:49:13.117   -- File entry --
2026-07-10 15:49:13.118   Dest filename: C:\JL\mc\include\linux\if_frad.h
2026-07-10 15:49:13.118   Time stamp of our file: 2001-09-09 23:43:48.000
2026-07-10 15:49:13.118   Installing the file.
2026-07-10 15:49:13.119   Successfully installed the file.
2026-07-10 15:49:13.119   -- File entry --
2026-07-10 15:49:13.119   Dest filename: C:\JL\mc\include\linux\if_packet.h
2026-07-10 15:49:13.119   Time stamp of our file: 2001-09-09 23:43:48.000
2026-07-10 15:49:13.119   Installing the file.
2026-07-10 15:49:13.120   Successfully installed the file.
2026-07-10 15:49:13.120   -- File entry --
2026-07-10 15:49:13.120   Dest filename: C:\JL\mc\include\linux\if_plip.h
2026-07-10 15:49:13.120   Time stamp of our file: 2001-09-09 23:43:48.000
2026-07-10 15:49:13.120   Installing the file.
2026-07-10 15:49:13.121   Successfully installed the file.
2026-07-10 15:49:13.121   -- File entry --
2026-07-10 15:49:13.121   Dest filename: C:\JL\mc\include\linux\if_ppp.h
2026-07-10 15:49:13.121   Time stamp of our file: 2001-09-09 23:43:48.000
2026-07-10 15:49:13.121   Installing the file.
2026-07-10 15:49:13.122   Successfully installed the file.
2026-07-10 15:49:13.122   -- File entry --
2026-07-10 15:49:13.122   Dest filename: C:\JL\mc\include\linux\if_pppvar.h
2026-07-10 15:49:13.123   Time stamp of our file: 2001-09-09 23:43:48.000
2026-07-10 15:49:13.123   Installing the file.
2026-07-10 15:49:13.125   Successfully installed the file.
2026-07-10 15:49:13.125   -- File entry --
2026-07-10 15:49:13.125   Dest filename: C:\JL\mc\include\linux\if_shaper.h
2026-07-10 15:49:13.126   Time stamp of our file: 2001-09-09 23:43:48.000
2026-07-10 15:49:13.126   Installing the file.
2026-07-10 15:49:13.127   Successfully installed the file.
2026-07-10 15:49:13.127   -- File entry --
2026-07-10 15:49:13.127   Dest filename: C:\JL\mc\include\linux\if_slip.h
2026-07-10 15:49:13.127   Time stamp of our file: 2001-09-09 23:43:48.000
2026-07-10 15:49:13.127   Installing the file.
2026-07-10 15:49:13.128   Successfully installed the file.
2026-07-10 15:49:13.129   -- File entry --
2026-07-10 15:49:13.129   Dest filename: C:\JL\mc\include\linux\if_strip.h
2026-07-10 15:49:13.129   Time stamp of our file: 2001-09-09 23:43:48.000
2026-07-10 15:49:13.129   Installing the file.
2026-07-10 15:49:13.130   Successfully installed the file.
2026-07-10 15:49:13.130   -- File entry --
2026-07-10 15:49:13.131   Dest filename: C:\JL\mc\include\linux\if_tr.h
2026-07-10 15:49:13.131   Time stamp of our file: 2001-09-09 23:43:48.000
2026-07-10 15:49:13.131   Installing the file.
2026-07-10 15:49:13.133   Successfully installed the file.
2026-07-10 15:49:13.133   -- File entry --
2026-07-10 15:49:13.133   Dest filename: C:\JL\mc\include\linux\igmp.h
2026-07-10 15:49:13.133   Time stamp of our file: 2001-09-09 23:43:48.000
2026-07-10 15:49:13.133   Installing the file.
2026-07-10 15:49:13.134   Successfully installed the file.
2026-07-10 15:49:13.134   -- File entry --
2026-07-10 15:49:13.135   Dest filename: C:\JL\mc\include\linux\in.h
2026-07-10 15:49:13.135   Time stamp of our file: 2001-09-09 23:43:48.000
2026-07-10 15:49:13.135   Installing the file.
2026-07-10 15:49:13.136   Successfully installed the file.
2026-07-10 15:49:13.136   -- File entry --
2026-07-10 15:49:13.136   Dest filename: C:\JL\mc\include\linux\inet.h
2026-07-10 15:49:13.136   Time stamp of our file: 2001-09-09 23:43:48.000
2026-07-10 15:49:13.136   Installing the file.
2026-07-10 15:49:13.138   Successfully installed the file.
2026-07-10 15:49:13.138   -- File entry --
2026-07-10 15:49:13.138   Dest filename: C:\JL\mc\include\linux\interrupt.h
2026-07-10 15:49:13.138   Time stamp of our file: 2001-09-09 23:43:48.000
2026-07-10 15:49:13.138   Installing the file.
2026-07-10 15:49:13.140   Successfully installed the file.
2026-07-10 15:49:13.140   -- File entry --
2026-07-10 15:49:13.140   Dest filename: C:\JL\mc\include\linux\in_systm.h
2026-07-10 15:49:13.140   Time stamp of our file: 2001-09-09 23:43:48.000
2026-07-10 15:49:13.140   Installing the file.
2026-07-10 15:49:13.141   Successfully installed the file.
2026-07-10 15:49:13.141   -- File entry --
2026-07-10 15:49:13.142   Dest filename: C:\JL\mc\include\linux\ioctl.h
2026-07-10 15:49:13.142   Time stamp of our file: 2001-09-09 23:43:48.000
2026-07-10 15:49:13.142   Installing the file.
2026-07-10 15:49:13.144   Successfully installed the file.
2026-07-10 15:49:13.144   -- File entry --
2026-07-10 15:49:13.144   Dest filename: C:\JL\mc\include\linux\ioport.h
2026-07-10 15:49:13.144   Time stamp of our file: 2001-09-09 23:43:48.000
2026-07-10 15:49:13.144   Installing the file.
2026-07-10 15:49:13.145   Successfully installed the file.
2026-07-10 15:49:13.145   -- File entry --
2026-07-10 15:49:13.146   Dest filename: C:\JL\mc\include\linux\ip.h
2026-07-10 15:49:13.146   Time stamp of our file: 2001-09-09 23:43:48.000
2026-07-10 15:49:13.146   Installing the file.
2026-07-10 15:49:13.147   Successfully installed the file.
2026-07-10 15:49:13.147   -- File entry --
2026-07-10 15:49:13.147   Dest filename: C:\JL\mc\include\linux\ipc.h
2026-07-10 15:49:13.147   Time stamp of our file: 2001-09-09 23:43:48.000
2026-07-10 15:49:13.147   Installing the file.
2026-07-10 15:49:13.149   Successfully installed the file.
2026-07-10 15:49:13.149   -- File entry --
2026-07-10 15:49:13.150   Dest filename: C:\JL\mc\include\linux\ipx.h
2026-07-10 15:49:13.150   Time stamp of our file: 2001-09-09 23:43:48.000
2026-07-10 15:49:13.150   Installing the file.
2026-07-10 15:49:13.151   Successfully installed the file.
2026-07-10 15:49:13.152   -- File entry --
2026-07-10 15:49:13.152   Dest filename: C:\JL\mc\include\linux\ip_fw.h
2026-07-10 15:49:13.152   Time stamp of our file: 2001-09-09 23:43:48.000
2026-07-10 15:49:13.152   Installing the file.
2026-07-10 15:49:13.154   Successfully installed the file.
2026-07-10 15:49:13.154   -- File entry --
2026-07-10 15:49:13.154   Dest filename: C:\JL\mc\include\linux\isdn.h
2026-07-10 15:49:13.154   Time stamp of our file: 2001-09-09 23:43:48.000
2026-07-10 15:49:13.154   Installing the file.
2026-07-10 15:49:13.156   Successfully installed the file.
2026-07-10 15:49:13.156   -- File entry --
2026-07-10 15:49:13.156   Dest filename: C:\JL\mc\include\linux\isdnif.h
2026-07-10 15:49:13.157   Time stamp of our file: 2001-09-09 23:43:48.000
2026-07-10 15:49:13.157   Installing the file.
2026-07-10 15:49:13.158   Successfully installed the file.
2026-07-10 15:49:13.158   -- File entry --
2026-07-10 15:49:13.158   Dest filename: C:\JL\mc\include\linux\isdn_ppp.h
2026-07-10 15:49:13.158   Time stamp of our file: 2001-09-09 23:43:48.000
2026-07-10 15:49:13.158   Installing the file.
2026-07-10 15:49:13.159   Successfully installed the file.
2026-07-10 15:49:13.159   -- File entry --
2026-07-10 15:49:13.159   Dest filename: C:\JL\mc\include\linux\isicom.h
2026-07-10 15:49:13.160   Time stamp of our file: 2001-09-09 23:43:48.000
2026-07-10 15:49:13.160   Installing the file.
2026-07-10 15:49:13.162   Successfully installed the file.
2026-07-10 15:49:13.162   -- File entry --
2026-07-10 15:49:13.162   Dest filename: C:\JL\mc\include\linux\iso_fs.h
2026-07-10 15:49:13.163   Time stamp of our file: 2001-09-09 23:43:48.000
2026-07-10 15:49:13.163   Installing the file.
2026-07-10 15:49:13.164   Successfully installed the file.
2026-07-10 15:49:13.164   -- File entry --
2026-07-10 15:49:13.164   Dest filename: C:\JL\mc\include\linux\iso_fs_i.h
2026-07-10 15:49:13.164   Time stamp of our file: 2001-09-09 23:43:48.000
2026-07-10 15:49:13.164   Installing the file.
2026-07-10 15:49:13.165   Successfully installed the file.
2026-07-10 15:49:13.165   -- File entry --
2026-07-10 15:49:13.165   Dest filename: C:\JL\mc\include\linux\iso_fs_sb.h
2026-07-10 15:49:13.166   Time stamp of our file: 2001-09-09 23:43:48.000
2026-07-10 15:49:13.166   Installing the file.
2026-07-10 15:49:13.167   Successfully installed the file.
2026-07-10 15:49:13.167   -- File entry --
2026-07-10 15:49:13.167   Dest filename: C:\JL\mc\include\linux\isp16.h
2026-07-10 15:49:13.167   Time stamp of our file: 2001-09-09 23:43:48.000
2026-07-10 15:49:13.167   Installing the file.
2026-07-10 15:49:13.168   Successfully installed the file.
2026-07-10 15:49:13.168   -- File entry --
2026-07-10 15:49:13.168   Dest filename: C:\JL\mc\include\linux\istallion.h
2026-07-10 15:49:13.169   Time stamp of our file: 2001-09-09 23:43:48.000
2026-07-10 15:49:13.169   Installing the file.
2026-07-10 15:49:13.171   Successfully installed the file.
2026-07-10 15:49:13.171   -- File entry --
2026-07-10 15:49:13.171   Dest filename: C:\JL\mc\include\linux\jffs.h
2026-07-10 15:49:13.171   Time stamp of our file: 2001-09-09 23:43:48.000
2026-07-10 15:49:13.171   Installing the file.
2026-07-10 15:49:13.173   Successfully installed the file.
2026-07-10 15:49:13.173   -- File entry --
2026-07-10 15:49:13.173   Dest filename: C:\JL\mc\include\linux\kd.h
2026-07-10 15:49:13.173   Time stamp of our file: 2001-09-09 23:43:48.000
2026-07-10 15:49:13.173   Installing the file.
2026-07-10 15:49:13.174   Successfully installed the file.
2026-07-10 15:49:13.174   -- File entry --
2026-07-10 15:49:13.175   Dest filename: C:\JL\mc\include\linux\kdev_t.h
2026-07-10 15:49:13.175   Time stamp of our file: 2001-09-09 23:43:48.000
2026-07-10 15:49:13.175   Installing the file.
2026-07-10 15:49:13.177   Successfully installed the file.
2026-07-10 15:49:13.177   -- File entry --
2026-07-10 15:49:13.177   Dest filename: C:\JL\mc\include\linux\kernel.h
2026-07-10 15:49:13.177   Time stamp of our file: 2001-09-09 23:43:48.000
2026-07-10 15:49:13.177   Installing the file.
2026-07-10 15:49:13.178   Successfully installed the file.
2026-07-10 15:49:13.178   -- File entry --
2026-07-10 15:49:13.179   Dest filename: C:\JL\mc\include\linux\kernelcapi.h
2026-07-10 15:49:13.179   Time stamp of our file: 2001-09-09 23:43:48.000
2026-07-10 15:49:13.179   Installing the file.
2026-07-10 15:49:13.180   Successfully installed the file.
2026-07-10 15:49:13.180   -- File entry --
2026-07-10 15:49:13.180   Dest filename: C:\JL\mc\include\linux\kerneld.h
2026-07-10 15:49:13.180   Time stamp of our file: 2001-09-09 23:43:48.000
2026-07-10 15:49:13.180   Installing the file.
2026-07-10 15:49:13.182   Successfully installed the file.
2026-07-10 15:49:13.182   -- File entry --
2026-07-10 15:49:13.182   Dest filename: C:\JL\mc\include\linux\kernel_stat.h
2026-07-10 15:49:13.182   Time stamp of our file: 2001-09-09 23:43:48.000
2026-07-10 15:49:13.182   Installing the file.
2026-07-10 15:49:13.183   Successfully installed the file.
2026-07-10 15:49:13.183   -- File entry --
2026-07-10 15:49:13.183   Dest filename: C:\JL\mc\include\linux\keyboard.h
2026-07-10 15:49:13.183   Time stamp of our file: 2001-09-09 23:43:48.000
2026-07-10 15:49:13.183   Installing the file.
2026-07-10 15:49:13.185   Successfully installed the file.
2026-07-10 15:49:13.185   -- File entry --
2026-07-10 15:49:13.185   Dest filename: C:\JL\mc\include\linux\ldt.h
2026-07-10 15:49:13.185   Time stamp of our file: 2001-09-09 23:43:48.000
2026-07-10 15:49:13.185   Installing the file.
2026-07-10 15:49:13.186   Successfully installed the file.
2026-07-10 15:49:13.187   -- File entry --
2026-07-10 15:49:13.187   Dest filename: C:\JL\mc\include\linux\limits.h
2026-07-10 15:49:13.187   Time stamp of our file: 2001-09-09 23:43:48.000
2026-07-10 15:49:13.187   Installing the file.
2026-07-10 15:49:13.188   Successfully installed the file.
2026-07-10 15:49:13.188   -- File entry --
2026-07-10 15:49:13.189   Dest filename: C:\JL\mc\include\linux\linear.h
2026-07-10 15:49:13.189   Time stamp of our file: 2001-09-09 23:43:48.000
2026-07-10 15:49:13.189   Installing the file.
2026-07-10 15:49:13.190   Successfully installed the file.
2026-07-10 15:49:13.191   -- File entry --
2026-07-10 15:49:13.191   Dest filename: C:\JL\mc\include\linux\linkage.h
2026-07-10 15:49:13.191   Time stamp of our file: 2001-09-09 23:43:48.000
2026-07-10 15:49:13.191   Installing the file.
2026-07-10 15:49:13.192   Successfully installed the file.
2026-07-10 15:49:13.192   -- File entry --
2026-07-10 15:49:13.192   Dest filename: C:\JL\mc\include\linux\linux.lnk
2026-07-10 15:49:13.192   Time stamp of our file: 2007-12-24 18:53:12.000
2026-07-10 15:49:13.192   Installing the file.
2026-07-10 15:49:13.195   Successfully installed the file.
2026-07-10 15:49:13.195   -- File entry --
2026-07-10 15:49:13.195   Dest filename: C:\JL\mc\include\linux\lists.h
2026-07-10 15:49:13.195   Time stamp of our file: 2001-09-09 23:43:48.000
2026-07-10 15:49:13.195   Installing the file.
2026-07-10 15:49:13.196   Successfully installed the file.
2026-07-10 15:49:13.196   -- File entry --
2026-07-10 15:49:13.196   Dest filename: C:\JL\mc\include\linux\locks.h
2026-07-10 15:49:13.196   Time stamp of our file: 2001-09-09 23:43:48.000
2026-07-10 15:49:13.196   Installing the file.
2026-07-10 15:49:13.197   Successfully installed the file.
2026-07-10 15:49:13.197   -- File entry --
2026-07-10 15:49:13.198   Dest filename: C:\JL\mc\include\linux\loop.h
2026-07-10 15:49:13.198   Time stamp of our file: 2001-09-09 23:43:48.000
2026-07-10 15:49:13.198   Installing the file.
2026-07-10 15:49:13.199   Successfully installed the file.
2026-07-10 15:49:13.199   -- File entry --
2026-07-10 15:49:13.199   Dest filename: C:\JL\mc\include\linux\lp.h
2026-07-10 15:49:13.199   Time stamp of our file: 2001-09-09 23:43:48.000
2026-07-10 15:49:13.199   Installing the file.
2026-07-10 15:49:13.200   Successfully installed the file.
2026-07-10 15:49:13.200   -- File entry --
2026-07-10 15:49:13.200   Dest filename: C:\JL\mc\include\linux\lp_intern.h
2026-07-10 15:49:13.201   Time stamp of our file: 2001-09-09 23:43:48.000
2026-07-10 15:49:13.201   Installing the file.
2026-07-10 15:49:13.202   Successfully installed the file.
2026-07-10 15:49:13.202   -- File entry --
2026-07-10 15:49:13.202   Dest filename: C:\JL\mc\include\linux\lp_m68k.h
2026-07-10 15:49:13.202   Time stamp of our file: 2001-09-09 23:43:48.000
2026-07-10 15:49:13.202   Installing the file.
2026-07-10 15:49:13.203   Successfully installed the file.
2026-07-10 15:49:13.203   -- File entry --
2026-07-10 15:49:13.203   Dest filename: C:\JL\mc\include\linux\major.h
2026-07-10 15:49:13.203   Time stamp of our file: 2001-09-09 23:43:48.000
2026-07-10 15:49:13.203   Installing the file.
2026-07-10 15:49:13.205   Successfully installed the file.
2026-07-10 15:49:13.205   -- File entry --
2026-07-10 15:49:13.205   Dest filename: C:\JL\mc\include\linux\malloc.h
2026-07-10 15:49:13.205   Time stamp of our file: 2001-09-09 23:43:48.000
2026-07-10 15:49:13.205   Installing the file.
2026-07-10 15:49:13.206   Successfully installed the file.
2026-07-10 15:49:13.207   -- File entry --
2026-07-10 15:49:13.207   Dest filename: C:\JL\mc\include\linux\mc146818rtc.h
2026-07-10 15:49:13.207   Time stamp of our file: 2001-09-09 23:43:48.000
2026-07-10 15:49:13.207   Installing the file.
2026-07-10 15:49:13.208   Successfully installed the file.
2026-07-10 15:49:13.208   -- File entry --
2026-07-10 15:49:13.209   Dest filename: C:\JL\mc\include\linux\mcd.h
2026-07-10 15:49:13.209   Time stamp of our file: 2001-09-09 23:43:48.000
2026-07-10 15:49:13.209   Installing the file.
2026-07-10 15:49:13.211   Successfully installed the file.
2026-07-10 15:49:13.211   -- File entry --
2026-07-10 15:49:13.211   Dest filename: C:\JL\mc\include\linux\mcdx.h
2026-07-10 15:49:13.211   Time stamp of our file: 2001-09-09 23:43:48.000
2026-07-10 15:49:13.211   Installing the file.
2026-07-10 15:49:13.212   Successfully installed the file.
2026-07-10 15:49:13.212   -- File entry --
2026-07-10 15:49:13.212   Dest filename: C:\JL\mc\include\linux\md.h
2026-07-10 15:49:13.212   Time stamp of our file: 2001-09-09 23:43:50.000
2026-07-10 15:49:13.212   Installing the file.
2026-07-10 15:49:13.213   Successfully installed the file.
2026-07-10 15:49:13.213   -- File entry --
2026-07-10 15:49:13.213   Dest filename: C:\JL\mc\include\linux\minix_fs.h
2026-07-10 15:49:13.215   Time stamp of our file: 2001-09-09 23:43:50.000
2026-07-10 15:49:13.215   Installing the file.
2026-07-10 15:49:13.216   Successfully installed the file.
2026-07-10 15:49:13.216   -- File entry --
2026-07-10 15:49:13.216   Dest filename: C:\JL\mc\include\linux\minix_fs_i.h
2026-07-10 15:49:13.217   Time stamp of our file: 2001-09-09 23:43:50.000
2026-07-10 15:49:13.217   Installing the file.
2026-07-10 15:49:13.218   Successfully installed the file.
2026-07-10 15:49:13.218   -- File entry --
2026-07-10 15:49:13.218   Dest filename: C:\JL\mc\include\linux\minix_fs_sb.h
2026-07-10 15:49:13.218   Time stamp of our file: 2001-09-09 23:43:50.000
2026-07-10 15:49:13.218   Installing the file.
2026-07-10 15:49:13.219   Successfully installed the file.
2026-07-10 15:49:13.219   -- File entry --
2026-07-10 15:49:13.219   Dest filename: C:\JL\mc\include\linux\miscdevice.h
2026-07-10 15:49:13.219   Time stamp of our file: 2001-09-09 23:43:50.000
2026-07-10 15:49:13.219   Installing the file.
2026-07-10 15:49:13.220   Successfully installed the file.
2026-07-10 15:49:13.220   -- File entry --
2026-07-10 15:49:13.220   Dest filename: C:\JL\mc\include\linux\mm.h
2026-07-10 15:49:13.220   Time stamp of our file: 2001-09-09 23:43:50.000
2026-07-10 15:49:13.220   Installing the file.
2026-07-10 15:49:13.223   Successfully installed the file.
2026-07-10 15:49:13.223   -- File entry --
2026-07-10 15:49:13.223   Dest filename: C:\JL\mc\include\linux\mman.h
2026-07-10 15:49:13.223   Time stamp of our file: 2001-09-09 23:43:50.000
2026-07-10 15:49:13.223   Installing the file.
2026-07-10 15:49:13.224   Successfully installed the file.
2026-07-10 15:49:13.224   -- File entry --
2026-07-10 15:49:13.224   Dest filename: C:\JL\mc\include\linux\module.h
2026-07-10 15:49:13.226   Time stamp of our file: 2001-09-09 23:43:50.000
2026-07-10 15:49:13.226   Installing the file.
2026-07-10 15:49:13.227   Successfully installed the file.
2026-07-10 15:49:13.227   -- File entry --
2026-07-10 15:49:13.227   Dest filename: C:\JL\mc\include\linux\mount.h
2026-07-10 15:49:13.228   Time stamp of our file: 2001-09-09 23:43:50.000
2026-07-10 15:49:13.228   Installing the file.
2026-07-10 15:49:13.229   Successfully installed the file.
2026-07-10 15:49:13.229   -- File entry --
2026-07-10 15:49:13.229   Dest filename: C:\JL\mc\include\linux\mroute.h
2026-07-10 15:49:13.230   Time stamp of our file: 2001-09-09 23:43:50.000
2026-07-10 15:49:13.230   Installing the file.
2026-07-10 15:49:13.231   Successfully installed the file.
2026-07-10 15:49:13.231   -- File entry --
2026-07-10 15:49:13.231   Dest filename: C:\JL\mc\include\linux\msdos_fs.h
2026-07-10 15:49:13.232   Time stamp of our file: 2001-09-09 23:43:50.000
2026-07-10 15:49:13.232   Installing the file.
2026-07-10 15:49:13.233   Successfully installed the file.
2026-07-10 15:49:13.233   -- File entry --
2026-07-10 15:49:13.233   Dest filename: C:\JL\mc\include\linux\msdos_fs_i.h
2026-07-10 15:49:13.233   Time stamp of our file: 2001-09-09 23:43:50.000
2026-07-10 15:49:13.233   Installing the file.
2026-07-10 15:49:13.234   Successfully installed the file.
2026-07-10 15:49:13.235   -- File entry --
2026-07-10 15:49:13.235   Dest filename: C:\JL\mc\include\linux\msdos_fs_sb.h
2026-07-10 15:49:13.235   Time stamp of our file: 2001-09-09 23:43:50.000
2026-07-10 15:49:13.235   Installing the file.
2026-07-10 15:49:13.237   Successfully installed the file.
2026-07-10 15:49:13.237   -- File entry --
2026-07-10 15:49:13.237   Dest filename: C:\JL\mc\include\linux\msg.h
2026-07-10 15:49:13.238   Time stamp of our file: 2001-09-09 23:43:50.000
2026-07-10 15:49:13.238   Installing the file.
2026-07-10 15:49:13.238   Successfully installed the file.
2026-07-10 15:49:13.238   -- File entry --
2026-07-10 15:49:13.238   Dest filename: C:\JL\mc\include\linux\mtio.h
2026-07-10 15:49:13.239   Time stamp of our file: 2001-09-09 23:43:50.000
2026-07-10 15:49:13.239   Installing the file.
2026-07-10 15:49:13.240   Successfully installed the file.
2026-07-10 15:49:13.240   -- File entry --
2026-07-10 15:49:13.240   Dest filename: C:\JL\mc\include\linux\ncp.h
2026-07-10 15:49:13.241   Time stamp of our file: 2001-09-09 23:43:50.000
2026-07-10 15:49:13.241   Installing the file.
2026-07-10 15:49:13.242   Successfully installed the file.
2026-07-10 15:49:13.242   -- File entry --
2026-07-10 15:49:13.242   Dest filename: C:\JL\mc\include\linux\ncp_fs.h
2026-07-10 15:49:13.242   Time stamp of our file: 2001-09-09 23:43:50.000
2026-07-10 15:49:13.242   Installing the file.
2026-07-10 15:49:13.244   Successfully installed the file.
2026-07-10 15:49:13.244   -- File entry --
2026-07-10 15:49:13.244   Dest filename: C:\JL\mc\include\linux\ncp_fs_i.h
2026-07-10 15:49:13.244   Time stamp of our file: 2001-09-09 23:43:50.000
2026-07-10 15:49:13.244   Installing the file.
2026-07-10 15:49:13.245   Successfully installed the file.
2026-07-10 15:49:13.246   -- File entry --
2026-07-10 15:49:13.246   Dest filename: C:\JL\mc\include\linux\ncp_fs_sb.h
2026-07-10 15:49:13.246   Time stamp of our file: 2001-09-09 23:43:50.000
2026-07-10 15:49:13.246   Installing the file.
2026-07-10 15:49:13.247   Successfully installed the file.
2026-07-10 15:49:13.248   -- File entry --
2026-07-10 15:49:13.248   Dest filename: C:\JL\mc\include\linux\ncp_mount.h
2026-07-10 15:49:13.248   Time stamp of our file: 2001-09-09 23:43:50.000
2026-07-10 15:49:13.248   Installing the file.
2026-07-10 15:49:13.249   Successfully installed the file.
2026-07-10 15:49:13.249   -- File entry --
2026-07-10 15:49:13.249   Dest filename: C:\JL\mc\include\linux\net.h
2026-07-10 15:49:13.250   Time stamp of our file: 2001-09-09 23:43:50.000
2026-07-10 15:49:13.250   Installing the file.
2026-07-10 15:49:13.251   Successfully installed the file.
2026-07-10 15:49:13.251   -- File entry --
2026-07-10 15:49:13.251   Dest filename: C:\JL\mc\include\linux\netdevice.h
2026-07-10 15:49:13.251   Time stamp of our file: 2001-09-09 23:43:50.000
2026-07-10 15:49:13.251   Installing the file.
2026-07-10 15:49:13.253   Successfully installed the file.
2026-07-10 15:49:13.253   -- File entry --
2026-07-10 15:49:13.253   Dest filename: C:\JL\mc\include\linux\netrom.h
2026-07-10 15:49:13.253   Time stamp of our file: 2001-09-09 23:43:50.000
2026-07-10 15:49:13.253   Installing the file.
2026-07-10 15:49:13.254   Successfully installed the file.
2026-07-10 15:49:13.254   -- File entry --
2026-07-10 15:49:13.254   Dest filename: C:\JL\mc\include\linux\net_alias.h
2026-07-10 15:49:13.254   Time stamp of our file: 2001-09-09 23:43:50.000
2026-07-10 15:49:13.254   Installing the file.
2026-07-10 15:49:13.257   Successfully installed the file.
2026-07-10 15:49:13.257   -- File entry --
2026-07-10 15:49:13.257   Dest filename: C:\JL\mc\include\linux\nfs.h
2026-07-10 15:49:13.257   Time stamp of our file: 2001-09-09 23:43:50.000
2026-07-10 15:49:13.257   Installing the file.
2026-07-10 15:49:13.258   Successfully installed the file.
2026-07-10 15:49:13.258   -- File entry --
2026-07-10 15:49:13.258   Dest filename: C:\JL\mc\include\linux\nfsiod.h
2026-07-10 15:49:13.258   Time stamp of our file: 2001-09-09 23:43:50.000
2026-07-10 15:49:13.258   Installing the file.
2026-07-10 15:49:13.261   Successfully installed the file.
2026-07-10 15:49:13.261   -- File entry --
2026-07-10 15:49:13.261   Dest filename: C:\JL\mc\include\linux\nfs_fs.h
2026-07-10 15:49:13.261   Time stamp of our file: 2001-09-09 23:43:50.000
2026-07-10 15:49:13.261   Installing the file.
2026-07-10 15:49:13.262   Successfully installed the file.
2026-07-10 15:49:13.262   -- File entry --
2026-07-10 15:49:13.262   Dest filename: C:\JL\mc\include\linux\nfs_fs_i.h
2026-07-10 15:49:13.262   Time stamp of our file: 2001-09-09 23:43:50.000
2026-07-10 15:49:13.262   Installing the file.
2026-07-10 15:49:13.263   Successfully installed the file.
2026-07-10 15:49:13.263   -- File entry --
2026-07-10 15:49:13.263   Dest filename: C:\JL\mc\include\linux\nfs_fs_sb.h
2026-07-10 15:49:13.264   Time stamp of our file: 2001-09-09 23:43:50.000
2026-07-10 15:49:13.264   Installing the file.
2026-07-10 15:49:13.265   Successfully installed the file.
2026-07-10 15:49:13.265   -- File entry --
2026-07-10 15:49:13.265   Dest filename: C:\JL\mc\include\linux\nfs_mount.h
2026-07-10 15:49:13.265   Time stamp of our file: 2001-09-09 23:43:50.000
2026-07-10 15:49:13.265   Installing the file.
2026-07-10 15:49:13.267   Successfully installed the file.
2026-07-10 15:49:13.267   -- File entry --
2026-07-10 15:49:13.267   Dest filename: C:\JL\mc\include\linux\nls.h
2026-07-10 15:49:13.267   Time stamp of our file: 2001-09-09 23:43:50.000
2026-07-10 15:49:13.267   Installing the file.
2026-07-10 15:49:13.268   Successfully installed the file.
2026-07-10 15:49:13.268   -- File entry --
2026-07-10 15:49:13.268   Dest filename: C:\JL\mc\include\linux\notifier.h
2026-07-10 15:49:13.269   Time stamp of our file: 2001-09-09 23:43:50.000
2026-07-10 15:49:13.269   Installing the file.
2026-07-10 15:49:13.270   Successfully installed the file.
2026-07-10 15:49:13.270   -- File entry --
2026-07-10 15:49:13.270   Dest filename: C:\JL\mc\include\linux\optcd.h
2026-07-10 15:49:13.270   Time stamp of our file: 2001-09-09 23:43:50.000
2026-07-10 15:49:13.270   Installing the file.
2026-07-10 15:49:13.271   Successfully installed the file.
2026-07-10 15:49:13.271   -- File entry --
2026-07-10 15:49:13.271   Dest filename: C:\JL\mc\include\linux\pagemap.h
2026-07-10 15:49:13.271   Time stamp of our file: 2001-09-09 23:43:50.000
2026-07-10 15:49:13.271   Installing the file.
2026-07-10 15:49:13.272   Successfully installed the file.
2026-07-10 15:49:13.272   -- File entry --
2026-07-10 15:49:13.272   Dest filename: C:\JL\mc\include\linux\param.h
2026-07-10 15:49:13.273   Time stamp of our file: 2001-09-09 23:43:50.000
2026-07-10 15:49:13.273   Installing the file.
2026-07-10 15:49:13.274   Successfully installed the file.
2026-07-10 15:49:13.274   -- File entry --
2026-07-10 15:49:13.274   Dest filename: C:\JL\mc\include\linux\pci.h
2026-07-10 15:49:13.274   Time stamp of our file: 2001-09-09 23:43:50.000
2026-07-10 15:49:13.274   Installing the file.
2026-07-10 15:49:13.276   Successfully installed the file.
2026-07-10 15:49:13.276   -- File entry --
2026-07-10 15:49:13.276   Dest filename: C:\JL\mc\include\linux\pcwd.h
2026-07-10 15:49:13.277   Time stamp of our file: 2001-09-09 23:43:50.000
2026-07-10 15:49:13.277   Installing the file.
2026-07-10 15:49:13.278   Successfully installed the file.
2026-07-10 15:49:13.278   -- File entry --
2026-07-10 15:49:13.278   Dest filename: C:\JL\mc\include\linux\personality.h
2026-07-10 15:49:13.278   Time stamp of our file: 2001-09-09 23:43:50.000
2026-07-10 15:49:13.278   Installing the file.
2026-07-10 15:49:13.280   Successfully installed the file.
2026-07-10 15:49:13.280   -- File entry --
2026-07-10 15:49:13.280   Dest filename: C:\JL\mc\include\linux\pg.h
2026-07-10 15:49:13.280   Time stamp of our file: 2001-09-09 23:43:50.000
2026-07-10 15:49:13.280   Installing the file.
2026-07-10 15:49:13.281   Successfully installed the file.
2026-07-10 15:49:13.281   -- File entry --
2026-07-10 15:49:13.281   Dest filename: C:\JL\mc\include\linux\pi2.h
2026-07-10 15:49:13.282   Time stamp of our file: 2001-09-09 23:43:50.000
2026-07-10 15:49:13.282   Installing the file.
2026-07-10 15:49:13.283   Successfully installed the file.
2026-07-10 15:49:13.283   -- File entry --
2026-07-10 15:49:13.284   Dest filename: C:\JL\mc\include\linux\pipe_fs_i.h
2026-07-10 15:49:13.284   Time stamp of our file: 2001-09-09 23:43:50.000
2026-07-10 15:49:13.284   Installing the file.
2026-07-10 15:49:13.285   Successfully installed the file.
2026-07-10 15:49:13.286   -- File entry --
2026-07-10 15:49:13.286   Dest filename: C:\JL\mc\include\linux\posix_types.h
2026-07-10 15:49:13.286   Time stamp of our file: 2001-09-09 23:43:50.000
2026-07-10 15:49:13.286   Installing the file.
2026-07-10 15:49:13.288   Successfully installed the file.
2026-07-10 15:49:13.288   -- File entry --
2026-07-10 15:49:13.288   Dest filename: C:\JL\mc\include\linux\ppp-comp.h
2026-07-10 15:49:13.288   Time stamp of our file: 2001-09-09 23:43:50.000
2026-07-10 15:49:13.288   Installing the file.
2026-07-10 15:49:13.290   Successfully installed the file.
2026-07-10 15:49:13.290   -- File entry --
2026-07-10 15:49:13.290   Dest filename: C:\JL\mc\include\linux\ppp.h
2026-07-10 15:49:13.290   Time stamp of our file: 2001-09-09 23:43:50.000
2026-07-10 15:49:13.290   Installing the file.
2026-07-10 15:49:13.292   Successfully installed the file.
2026-07-10 15:49:13.292   -- File entry --
2026-07-10 15:49:13.292   Dest filename: C:\JL\mc\include\linux\ppp_defs.h
2026-07-10 15:49:13.292   Time stamp of our file: 2001-09-09 23:43:50.000
2026-07-10 15:49:13.292   Installing the file.
2026-07-10 15:49:13.294   Successfully installed the file.
2026-07-10 15:49:13.294   -- File entry --
2026-07-10 15:49:13.294   Dest filename: C:\JL\mc\include\linux\proc_fs.h
2026-07-10 15:49:13.294   Time stamp of our file: 2001-09-09 23:43:50.000
2026-07-10 15:49:13.294   Installing the file.
2026-07-10 15:49:13.296   Successfully installed the file.
2026-07-10 15:49:13.296   -- File entry --
2026-07-10 15:49:13.296   Dest filename: C:\JL\mc\include\linux\pt.h
2026-07-10 15:49:13.296   Time stamp of our file: 2001-09-09 23:43:50.000
2026-07-10 15:49:13.296   Installing the file.
2026-07-10 15:49:13.298   Successfully installed the file.
2026-07-10 15:49:13.298   -- File entry --
2026-07-10 15:49:13.298   Dest filename: C:\JL\mc\include\linux\ptrace.h
2026-07-10 15:49:13.298   Time stamp of our file: 2001-09-09 23:43:50.000
2026-07-10 15:49:13.298   Installing the file.
2026-07-10 15:49:13.300   Successfully installed the file.
2026-07-10 15:49:13.300   -- File entry --
2026-07-10 15:49:13.300   Dest filename: C:\JL\mc\include\linux\quota.h
2026-07-10 15:49:13.300   Time stamp of our file: 2001-09-09 23:43:50.000
2026-07-10 15:49:13.300   Installing the file.
2026-07-10 15:49:13.302   Successfully installed the file.
2026-07-10 15:49:13.302   -- File entry --
2026-07-10 15:49:13.302   Dest filename: C:\JL\mc\include\linux\raid0.h
2026-07-10 15:49:13.302   Time stamp of our file: 2001-09-09 23:43:50.000
2026-07-10 15:49:13.302   Installing the file.
2026-07-10 15:49:13.304   Successfully installed the file.
2026-07-10 15:49:13.304   -- File entry --
2026-07-10 15:49:13.304   Dest filename: C:\JL\mc\include\linux\raid1.h
2026-07-10 15:49:13.304   Time stamp of our file: 2001-09-09 23:43:50.000
2026-07-10 15:49:13.304   Installing the file.
2026-07-10 15:49:13.306   Successfully installed the file.
2026-07-10 15:49:13.306   -- File entry --
2026-07-10 15:49:13.306   Dest filename: C:\JL\mc\include\linux\raid5.h
2026-07-10 15:49:13.307   Time stamp of our file: 2001-09-09 23:43:50.000
2026-07-10 15:49:13.307   Installing the file.
2026-07-10 15:49:13.308   Successfully installed the file.
2026-07-10 15:49:13.308   -- File entry --
2026-07-10 15:49:13.308   Dest filename: C:\JL\mc\include\linux\random.h
2026-07-10 15:49:13.308   Time stamp of our file: 2001-09-09 23:43:50.000
2026-07-10 15:49:13.308   Installing the file.
2026-07-10 15:49:13.310   Successfully installed the file.
2026-07-10 15:49:13.310   -- File entry --
2026-07-10 15:49:13.310   Dest filename: C:\JL\mc\include\linux\resource.h
2026-07-10 15:49:13.311   Time stamp of our file: 2001-09-09 23:43:50.000
2026-07-10 15:49:13.311   Installing the file.
2026-07-10 15:49:13.312   Successfully installed the file.
2026-07-10 15:49:13.312   -- File entry --
2026-07-10 15:49:13.312   Dest filename: C:\JL\mc\include\linux\romfs_fs.h
2026-07-10 15:49:13.313   Time stamp of our file: 2001-09-09 23:43:50.000
2026-07-10 15:49:13.313   Installing the file.
2026-07-10 15:49:13.313   Successfully installed the file.
2026-07-10 15:49:13.314   -- File entry --
2026-07-10 15:49:13.314   Dest filename: C:\JL\mc\include\linux\romfs_fs_i.h
2026-07-10 15:49:13.314   Time stamp of our file: 2001-09-09 23:43:50.000
2026-07-10 15:49:13.314   Installing the file.
2026-07-10 15:49:13.315   Successfully installed the file.
2026-07-10 15:49:13.315   -- File entry --
2026-07-10 15:49:13.315   Dest filename: C:\JL\mc\include\linux\romfs_fs_sb.h
2026-07-10 15:49:13.316   Time stamp of our file: 2001-09-09 23:43:50.000
2026-07-10 15:49:13.316   Installing the file.
2026-07-10 15:49:13.317   Successfully installed the file.
2026-07-10 15:49:13.317   -- File entry --
2026-07-10 15:49:13.317   Dest filename: C:\JL\mc\include\linux\rose.h
2026-07-10 15:49:13.317   Time stamp of our file: 2001-09-09 23:43:50.000
2026-07-10 15:49:13.317   Installing the file.
2026-07-10 15:49:13.318   Successfully installed the file.
2026-07-10 15:49:13.319   -- File entry --
2026-07-10 15:49:13.319   Dest filename: C:\JL\mc\include\linux\route.h
2026-07-10 15:49:13.319   Time stamp of our file: 2001-09-09 23:43:50.000
2026-07-10 15:49:13.319   Installing the file.
2026-07-10 15:49:13.321   Successfully installed the file.
2026-07-10 15:49:13.321   -- File entry --
2026-07-10 15:49:13.321   Dest filename: C:\JL\mc\include\linux\rpcsock.h
2026-07-10 15:49:13.321   Time stamp of our file: 2001-09-09 23:43:50.000
2026-07-10 15:49:13.321   Installing the file.
2026-07-10 15:49:13.322   Successfully installed the file.
2026-07-10 15:49:13.322   -- File entry --
2026-07-10 15:49:13.322   Dest filename: C:\JL\mc\include\linux\sbpcd.h
2026-07-10 15:49:13.323   Time stamp of our file: 2001-09-09 23:43:50.000
2026-07-10 15:49:13.323   Installing the file.
2026-07-10 15:49:13.324   Successfully installed the file.
2026-07-10 15:49:13.324   -- File entry --
2026-07-10 15:49:13.324   Dest filename: C:\JL\mc\include\linux\sc26198.h
2026-07-10 15:49:13.325   Time stamp of our file: 2001-09-09 23:43:50.000
2026-07-10 15:49:13.325   Installing the file.
2026-07-10 15:49:13.326   Successfully installed the file.
2026-07-10 15:49:13.326   -- File entry --
2026-07-10 15:49:13.326   Dest filename: C:\JL\mc\include\linux\scc.h
2026-07-10 15:49:13.326   Time stamp of our file: 2001-09-09 23:43:50.000
2026-07-10 15:49:13.326   Installing the file.
2026-07-10 15:49:13.327   Successfully installed the file.
2026-07-10 15:49:13.327   -- File entry --
2026-07-10 15:49:13.328   Dest filename: C:\JL\mc\include\linux\sched.h
2026-07-10 15:49:13.328   Time stamp of our file: 2001-09-09 23:43:50.000
2026-07-10 15:49:13.328   Installing the file.
2026-07-10 15:49:13.329   Successfully installed the file.
2026-07-10 15:49:13.329   -- File entry --
2026-07-10 15:49:13.329   Dest filename: C:\JL\mc\include\linux\sdla.h
2026-07-10 15:49:13.330   Time stamp of our file: 2001-09-09 23:43:50.000
2026-07-10 15:49:13.330   Installing the file.
2026-07-10 15:49:13.331   Successfully installed the file.
2026-07-10 15:49:13.331   -- File entry --
2026-07-10 15:49:13.332   Dest filename: C:\JL\mc\include\linux\sem.h
2026-07-10 15:49:13.332   Time stamp of our file: 2001-09-09 23:43:50.000
2026-07-10 15:49:13.332   Installing the file.
2026-07-10 15:49:13.333   Successfully installed the file.
2026-07-10 15:49:13.333   -- File entry --
2026-07-10 15:49:13.333   Dest filename: C:\JL\mc\include\linux\serial.h
2026-07-10 15:49:13.333   Time stamp of our file: 2001-09-09 23:43:50.000
2026-07-10 15:49:13.334   Installing the file.
2026-07-10 15:49:13.335   Successfully installed the file.
2026-07-10 15:49:13.335   -- File entry --
2026-07-10 15:49:13.335   Dest filename: C:\JL\mc\include\linux\serial_reg.h
2026-07-10 15:49:13.335   Time stamp of our file: 2001-09-09 23:43:50.000
2026-07-10 15:49:13.335   Installing the file.
2026-07-10 15:49:13.336   Successfully installed the file.
2026-07-10 15:49:13.336   -- File entry --
2026-07-10 15:49:13.336   Dest filename: C:\JL\mc\include\linux\shm.h
2026-07-10 15:49:13.337   Time stamp of our file: 2001-09-09 23:43:50.000
2026-07-10 15:49:13.337   Installing the file.
2026-07-10 15:49:13.337   Successfully installed the file.
2026-07-10 15:49:13.338   -- File entry --
2026-07-10 15:49:13.338   Dest filename: C:\JL\mc\include\linux\signal.h
2026-07-10 15:49:13.338   Time stamp of our file: 2001-09-09 23:43:50.000
2026-07-10 15:49:13.338   Installing the file.
2026-07-10 15:49:13.339   Successfully installed the file.
2026-07-10 15:49:13.339   -- File entry --
2026-07-10 15:49:13.339   Dest filename: C:\JL\mc\include\linux\sjcd.h
2026-07-10 15:49:13.339   Time stamp of our file: 2001-09-09 23:43:50.000
2026-07-10 15:49:13.339   Installing the file.
2026-07-10 15:49:13.341   Successfully installed the file.
2026-07-10 15:49:13.341   -- File entry --
2026-07-10 15:49:13.341   Dest filename: C:\JL\mc\include\linux\skbuff.h
2026-07-10 15:49:13.341   Time stamp of our file: 2001-09-09 23:43:50.000
2026-07-10 15:49:13.341   Installing the file.
2026-07-10 15:49:13.342   Successfully installed the file.
2026-07-10 15:49:13.343   -- File entry --
2026-07-10 15:49:13.343   Dest filename: C:\JL\mc\include\linux\smb.h
2026-07-10 15:49:13.343   Time stamp of our file: 2001-09-09 23:43:50.000
2026-07-10 15:49:13.343   Installing the file.
2026-07-10 15:49:13.344   Successfully installed the file.
2026-07-10 15:49:13.344   -- File entry --
2026-07-10 15:49:13.345   Dest filename: C:\JL\mc\include\linux\smbno.h
2026-07-10 15:49:13.345   Time stamp of our file: 2001-09-09 23:43:52.000
2026-07-10 15:49:13.345   Installing the file.
2026-07-10 15:49:13.346   Successfully installed the file.
2026-07-10 15:49:13.346   -- File entry --
2026-07-10 15:49:13.346   Dest filename: C:\JL\mc\include\linux\smb_fs.h
2026-07-10 15:49:13.346   Time stamp of our file: 2001-09-09 23:43:50.000
2026-07-10 15:49:13.346   Installing the file.
2026-07-10 15:49:13.347   Successfully installed the file.
2026-07-10 15:49:13.347   -- File entry --
2026-07-10 15:49:13.348   Dest filename: C:\JL\mc\include\linux\smb_fs_i.h
2026-07-10 15:49:13.348   Time stamp of our file: 2001-09-09 23:43:52.000
2026-07-10 15:49:13.348   Installing the file.
2026-07-10 15:49:13.349   Successfully installed the file.
2026-07-10 15:49:13.349   -- File entry --
2026-07-10 15:49:13.349   Dest filename: C:\JL\mc\include\linux\smb_fs_sb.h
2026-07-10 15:49:13.349   Time stamp of our file: 2001-09-09 23:43:52.000
2026-07-10 15:49:13.349   Installing the file.
2026-07-10 15:49:13.350   Successfully installed the file.
2026-07-10 15:49:13.350   -- File entry --
2026-07-10 15:49:13.350   Dest filename: C:\JL\mc\include\linux\smb_mount.h
2026-07-10 15:49:13.351   Time stamp of our file: 2001-09-09 23:43:52.000
2026-07-10 15:49:13.351   Installing the file.
2026-07-10 15:49:13.352   Successfully installed the file.
2026-07-10 15:49:13.352   -- File entry --
2026-07-10 15:49:13.352   Dest filename: C:\JL\mc\include\linux\smp.h
2026-07-10 15:49:13.352   Time stamp of our file: 2001-09-09 23:43:52.000
2026-07-10 15:49:13.352   Installing the file.
2026-07-10 15:49:13.353   Successfully installed the file.
2026-07-10 15:49:13.353   -- File entry --
2026-07-10 15:49:13.354   Dest filename: C:\JL\mc\include\linux\smp_lock.h
2026-07-10 15:49:13.354   Time stamp of our file: 2001-09-09 23:43:52.000
2026-07-10 15:49:13.354   Installing the file.
2026-07-10 15:49:13.355   Successfully installed the file.
2026-07-10 15:49:13.355   -- File entry --
2026-07-10 15:49:13.355   Dest filename: C:\JL\mc\include\linux\socket.h
2026-07-10 15:49:13.355   Time stamp of our file: 2001-09-09 23:43:52.000
2026-07-10 15:49:13.355   Installing the file.
2026-07-10 15:49:13.357   Successfully installed the file.
2026-07-10 15:49:13.357   -- File entry --
2026-07-10 15:49:13.357   Dest filename: C:\JL\mc\include\linux\sockios.h
2026-07-10 15:49:13.357   Time stamp of our file: 2001-09-09 23:43:52.000
2026-07-10 15:49:13.357   Installing the file.
2026-07-10 15:49:13.358   Successfully installed the file.
2026-07-10 15:49:13.358   -- File entry --
2026-07-10 15:49:13.358   Dest filename: C:\JL\mc\include\linux\sonycd535.h
2026-07-10 15:49:13.358   Time stamp of our file: 2001-09-09 23:43:52.000
2026-07-10 15:49:13.358   Installing the file.
2026-07-10 15:49:13.360   Successfully installed the file.
2026-07-10 15:49:13.360   -- File entry --
2026-07-10 15:49:13.360   Dest filename: C:\JL\mc\include\linux\soundcard.h
2026-07-10 15:49:13.360   Time stamp of our file: 2001-09-09 23:43:52.000
2026-07-10 15:49:13.360   Installing the file.
2026-07-10 15:49:13.362   Successfully installed the file.
2026-07-10 15:49:13.362   -- File entry --
2026-07-10 15:49:13.362   Dest filename: C:\JL\mc\include\linux\soundmodem.h
2026-07-10 15:49:13.362   Time stamp of our file: 2001-09-09 23:43:52.000
2026-07-10 15:49:13.362   Installing the file.
2026-07-10 15:49:13.364   Successfully installed the file.
2026-07-10 15:49:13.364   -- File entry --
2026-07-10 15:49:13.364   Dest filename: C:\JL\mc\include\linux\stallion.h
2026-07-10 15:49:13.364   Time stamp of our file: 2001-09-09 23:43:52.000
2026-07-10 15:49:13.364   Installing the file.
2026-07-10 15:49:13.365   Successfully installed the file.
2026-07-10 15:49:13.365   -- File entry --
2026-07-10 15:49:13.365   Dest filename: C:\JL\mc\include\linux\stat.h
2026-07-10 15:49:13.365   Time stamp of our file: 2001-09-09 23:43:52.000
2026-07-10 15:49:13.366   Installing the file.
2026-07-10 15:49:13.366   Successfully installed the file.
2026-07-10 15:49:13.367   -- File entry --
2026-07-10 15:49:13.367   Dest filename: C:\JL\mc\include\linux\stddef.h
2026-07-10 15:49:13.367   Time stamp of our file: 2001-09-09 23:43:52.000
2026-07-10 15:49:13.367   Installing the file.
2026-07-10 15:49:13.368   Successfully installed the file.
2026-07-10 15:49:13.368   -- File entry --
2026-07-10 15:49:13.368   Dest filename: C:\JL\mc\include\linux\string.h
2026-07-10 15:49:13.368   Time stamp of our file: 2001-09-09 23:43:52.000
2026-07-10 15:49:13.368   Installing the file.
2026-07-10 15:49:13.370   Successfully installed the file.
2026-07-10 15:49:13.370   -- File entry --
2026-07-10 15:49:13.370   Dest filename: C:\JL\mc\include\linux\swap.h
2026-07-10 15:49:13.370   Time stamp of our file: 2001-09-09 23:43:52.000
2026-07-10 15:49:13.370   Installing the file.
2026-07-10 15:49:13.371   Successfully installed the file.
2026-07-10 15:49:13.371   -- File entry --
2026-07-10 15:49:13.372   Dest filename: C:\JL\mc\include\linux\swapctl.h
2026-07-10 15:49:13.372   Time stamp of our file: 2001-09-09 23:43:52.000
2026-07-10 15:49:13.372   Installing the file.
2026-07-10 15:49:13.373   Successfully installed the file.
2026-07-10 15:49:13.373   -- File entry --
2026-07-10 15:49:13.373   Dest filename: C:\JL\mc\include\linux\symtab_begin.h
2026-07-10 15:49:13.373   Time stamp of our file: 2001-09-09 23:43:52.000
2026-07-10 15:49:13.373   Installing the file.
2026-07-10 15:49:13.374   Successfully installed the file.
2026-07-10 15:49:13.374   -- File entry --
2026-07-10 15:49:13.374   Dest filename: C:\JL\mc\include\linux\symtab_end.h
2026-07-10 15:49:13.376   Time stamp of our file: 2001-09-09 23:43:52.000
2026-07-10 15:49:13.376   Installing the file.
2026-07-10 15:49:13.377   Successfully installed the file.
2026-07-10 15:49:13.377   -- File entry --
2026-07-10 15:49:13.377   Dest filename: C:\JL\mc\include\linux\sys.h
2026-07-10 15:49:13.378   Time stamp of our file: 2001-09-09 23:43:52.000
2026-07-10 15:49:13.378   Installing the file.
2026-07-10 15:49:13.379   Successfully installed the file.
2026-07-10 15:49:13.379   -- File entry --
2026-07-10 15:49:13.379   Dest filename: C:\JL\mc\include\linux\sysctl.h
2026-07-10 15:49:13.379   Time stamp of our file: 2001-09-09 23:43:52.000
2026-07-10 15:49:13.379   Installing the file.
2026-07-10 15:49:13.380   Successfully installed the file.
2026-07-10 15:49:13.380   -- File entry --
2026-07-10 15:49:13.381   Dest filename: C:\JL\mc\include\linux\sysv_fs.h
2026-07-10 15:49:13.381   Time stamp of our file: 2001-09-09 23:43:52.000
2026-07-10 15:49:13.381   Installing the file.
2026-07-10 15:49:13.382   Successfully installed the file.
2026-07-10 15:49:13.383   -- File entry --
2026-07-10 15:49:13.383   Dest filename: C:\JL\mc\include\linux\sysv_fs_i.h
2026-07-10 15:49:13.383   Time stamp of our file: 2001-09-09 23:43:52.000
2026-07-10 15:49:13.383   Installing the file.
2026-07-10 15:49:13.384   Successfully installed the file.
2026-07-10 15:49:13.384   -- File entry --
2026-07-10 15:49:13.384   Dest filename: C:\JL\mc\include\linux\sysv_fs_sb.h
2026-07-10 15:49:13.385   Time stamp of our file: 2001-09-09 23:43:52.000
2026-07-10 15:49:13.385   Installing the file.
2026-07-10 15:49:13.386   Successfully installed the file.
2026-07-10 15:49:13.386   -- File entry --
2026-07-10 15:49:13.386   Dest filename: C:\JL\mc\include\linux\tasks.h
2026-07-10 15:49:13.386   Time stamp of our file: 2001-09-09 23:43:52.000
2026-07-10 15:49:13.386   Installing the file.
2026-07-10 15:49:13.388   Successfully installed the file.
2026-07-10 15:49:13.388   -- File entry --
2026-07-10 15:49:13.388   Dest filename: C:\JL\mc\include\linux\tcp.h
2026-07-10 15:49:13.388   Time stamp of our file: 2001-09-09 23:43:52.000
2026-07-10 15:49:13.388   Installing the file.
2026-07-10 15:49:13.389   Successfully installed the file.
2026-07-10 15:49:13.389   -- File entry --
2026-07-10 15:49:13.389   Dest filename: C:\JL\mc\include\linux\termios.h
2026-07-10 15:49:13.389   Time stamp of our file: 2001-09-09 23:43:52.000
2026-07-10 15:49:13.389   Installing the file.
2026-07-10 15:49:13.390   Successfully installed the file.
2026-07-10 15:49:13.390   -- File entry --
2026-07-10 15:49:13.391   Dest filename: C:\JL\mc\include\linux\time.h
2026-07-10 15:49:13.391   Time stamp of our file: 2001-09-09 23:43:52.000
2026-07-10 15:49:13.391   Installing the file.
2026-07-10 15:49:13.393   Successfully installed the file.
2026-07-10 15:49:13.393   -- File entry --
2026-07-10 15:49:13.393   Dest filename: C:\JL\mc\include\linux\timer.h
2026-07-10 15:49:13.393   Time stamp of our file: 2001-09-09 23:43:52.000
2026-07-10 15:49:13.393   Installing the file.
2026-07-10 15:49:13.394   Successfully installed the file.
2026-07-10 15:49:13.394   -- File entry --
2026-07-10 15:49:13.394   Dest filename: C:\JL\mc\include\linux\times.h
2026-07-10 15:49:13.394   Time stamp of our file: 2001-09-09 23:43:52.000
2026-07-10 15:49:13.394   Installing the file.
2026-07-10 15:49:13.396   Successfully installed the file.
2026-07-10 15:49:13.396   -- File entry --
2026-07-10 15:49:13.396   Dest filename: C:\JL\mc\include\linux\timex.h
2026-07-10 15:49:13.396   Time stamp of our file: 2001-09-09 23:43:52.000
2026-07-10 15:49:13.396   Installing the file.
2026-07-10 15:49:13.397   Successfully installed the file.
2026-07-10 15:49:13.398   -- File entry --
2026-07-10 15:49:13.398   Dest filename: C:\JL\mc\include\linux\tpqic02.h
2026-07-10 15:49:13.398   Time stamp of our file: 2001-09-09 23:43:52.000
2026-07-10 15:49:13.398   Installing the file.
2026-07-10 15:49:13.399   Successfully installed the file.
2026-07-10 15:49:13.399   -- File entry --
2026-07-10 15:49:13.399   Dest filename: C:\JL\mc\include\linux\tqueue.h
2026-07-10 15:49:13.400   Time stamp of our file: 2001-09-09 23:43:52.000
2026-07-10 15:49:13.400   Installing the file.
2026-07-10 15:49:13.402   Successfully installed the file.
2026-07-10 15:49:13.402   -- File entry --
2026-07-10 15:49:13.402   Dest filename: C:\JL\mc\include\linux\trdevice.h
2026-07-10 15:49:13.402   Time stamp of our file: 2001-09-09 23:43:52.000
2026-07-10 15:49:13.402   Installing the file.
2026-07-10 15:49:13.403   Successfully installed the file.
2026-07-10 15:49:13.403   -- File entry --
2026-07-10 15:49:13.403   Dest filename: C:\JL\mc\include\linux\tty.h
2026-07-10 15:49:13.403   Time stamp of our file: 2001-09-09 23:43:52.000
2026-07-10 15:49:13.403   Installing the file.
2026-07-10 15:49:13.405   Successfully installed the file.
2026-07-10 15:49:13.405   -- File entry --
2026-07-10 15:49:13.405   Dest filename: C:\JL\mc\include\linux\tty_driver.h
2026-07-10 15:49:13.405   Time stamp of our file: 2001-09-09 23:43:52.000
2026-07-10 15:49:13.405   Installing the file.
2026-07-10 15:49:13.407   Successfully installed the file.
2026-07-10 15:49:13.407   -- File entry --
2026-07-10 15:49:13.407   Dest filename: C:\JL\mc\include\linux\tty_flip.h
2026-07-10 15:49:13.407   Time stamp of our file: 2001-09-09 23:43:52.000
2026-07-10 15:49:13.407   Installing the file.
2026-07-10 15:49:13.408   Successfully installed the file.
2026-07-10 15:49:13.408   -- File entry --
2026-07-10 15:49:13.408   Dest filename: C:\JL\mc\include\linux\tty_ldisc.h
2026-07-10 15:49:13.408   Time stamp of our file: 2001-09-09 23:43:52.000
2026-07-10 15:49:13.408   Installing the file.
2026-07-10 15:49:13.410   Successfully installed the file.
2026-07-10 15:49:13.410   -- File entry --
2026-07-10 15:49:13.410   Dest filename: C:\JL\mc\include\linux\types.h
2026-07-10 15:49:13.411   Time stamp of our file: 2001-09-09 23:43:52.000
2026-07-10 15:49:13.411   Installing the file.
2026-07-10 15:49:13.412   Successfully installed the file.
2026-07-10 15:49:13.412   -- File entry --
2026-07-10 15:49:13.412   Dest filename: C:\JL\mc\include\linux\ucdrom.h
2026-07-10 15:49:13.412   Time stamp of our file: 2001-09-09 23:43:52.000
2026-07-10 15:49:13.412   Installing the file.
2026-07-10 15:49:13.413   Successfully installed the file.
2026-07-10 15:49:13.413   -- File entry --
2026-07-10 15:49:13.413   Dest filename: C:\JL\mc\include\linux\udp.h
2026-07-10 15:49:13.414   Time stamp of our file: 2001-09-09 23:43:52.000
2026-07-10 15:49:13.414   Installing the file.
2026-07-10 15:49:13.415   Successfully installed the file.
2026-07-10 15:49:13.415   -- File entry --
2026-07-10 15:49:13.415   Dest filename: C:\JL\mc\include\linux\ufs_fs.h
2026-07-10 15:49:13.415   Time stamp of our file: 2001-09-09 23:43:52.000
2026-07-10 15:49:13.415   Installing the file.
2026-07-10 15:49:13.416   Successfully installed the file.
2026-07-10 15:49:13.416   -- File entry --
2026-07-10 15:49:13.416   Dest filename: C:\JL\mc\include\linux\ufs_fs_i.h
2026-07-10 15:49:13.417   Time stamp of our file: 2001-09-09 23:43:52.000
2026-07-10 15:49:13.417   Installing the file.
2026-07-10 15:49:13.418   Successfully installed the file.
2026-07-10 15:49:13.418   -- File entry --
2026-07-10 15:49:13.418   Dest filename: C:\JL\mc\include\linux\ufs_fs_sb.h
2026-07-10 15:49:13.418   Time stamp of our file: 2001-09-09 23:43:52.000
2026-07-10 15:49:13.418   Installing the file.
2026-07-10 15:49:13.419   Successfully installed the file.
2026-07-10 15:49:13.419   -- File entry --
2026-07-10 15:49:13.419   Dest filename: C:\JL\mc\include\linux\uio.h
2026-07-10 15:49:13.419   Time stamp of our file: 2001-09-09 23:43:52.000
2026-07-10 15:49:13.419   Installing the file.
2026-07-10 15:49:13.420   Successfully installed the file.
2026-07-10 15:49:13.420   -- File entry --
2026-07-10 15:49:13.420   Dest filename: C:\JL\mc\include\linux\ultrasound.h
2026-07-10 15:49:13.420   Time stamp of our file: 2001-09-09 23:43:52.000
2026-07-10 15:49:13.420   Installing the file.
2026-07-10 15:49:13.422   Successfully installed the file.
2026-07-10 15:49:13.422   -- File entry --
2026-07-10 15:49:13.422   Dest filename: C:\JL\mc\include\linux\umsdos_fs.h
2026-07-10 15:49:13.422   Time stamp of our file: 2001-09-09 23:43:52.000
2026-07-10 15:49:13.422   Installing the file.
2026-07-10 15:49:13.423   Successfully installed the file.
2026-07-10 15:49:13.423   -- File entry --
2026-07-10 15:49:13.423   Dest filename: C:\JL\mc\include\linux\umsdos_fs.p
2026-07-10 15:49:13.423   Time stamp of our file: 2001-09-09 23:43:52.000
2026-07-10 15:49:13.423   Installing the file.
2026-07-10 15:49:13.424   Successfully installed the file.
2026-07-10 15:49:13.424   -- File entry --
2026-07-10 15:49:13.424   Dest filename: C:\JL\mc\include\linux\umsdos_fs_i.h
2026-07-10 15:49:13.424   Time stamp of our file: 2001-09-09 23:43:52.000
2026-07-10 15:49:13.424   Installing the file.
2026-07-10 15:49:13.425   Successfully installed the file.
2026-07-10 15:49:13.426   -- File entry --
2026-07-10 15:49:13.426   Dest filename: C:\JL\mc\include\linux\un.h
2026-07-10 15:49:13.426   Time stamp of our file: 2001-09-09 23:43:52.000
2026-07-10 15:49:13.426   Installing the file.
2026-07-10 15:49:13.427   Successfully installed the file.
2026-07-10 15:49:13.427   -- File entry --
2026-07-10 15:49:13.427   Dest filename: C:\JL\mc\include\linux\unistd.h
2026-07-10 15:49:13.427   Time stamp of our file: 2001-09-09 23:43:52.000
2026-07-10 15:49:13.427   Installing the file.
2026-07-10 15:49:13.428   Successfully installed the file.
2026-07-10 15:49:13.428   -- File entry --
2026-07-10 15:49:13.429   Dest filename: C:\JL\mc\include\linux\user.h
2026-07-10 15:49:13.429   Time stamp of our file: 2001-09-09 23:43:52.000
2026-07-10 15:49:13.429   Installing the file.
2026-07-10 15:49:13.430   Successfully installed the file.
2026-07-10 15:49:13.430   -- File entry --
2026-07-10 15:49:13.430   Dest filename: C:\JL\mc\include\linux\utime.h
2026-07-10 15:49:13.430   Time stamp of our file: 2001-09-09 23:43:52.000
2026-07-10 15:49:13.430   Installing the file.
2026-07-10 15:49:13.431   Successfully installed the file.
2026-07-10 15:49:13.431   -- File entry --
2026-07-10 15:49:13.431   Dest filename: C:\JL\mc\include\linux\utsname.h
2026-07-10 15:49:13.431   Time stamp of our file: 2001-09-09 23:43:52.000
2026-07-10 15:49:13.431   Installing the file.
2026-07-10 15:49:13.432   Successfully installed the file.
2026-07-10 15:49:13.432   -- File entry --
2026-07-10 15:49:13.432   Dest filename: C:\JL\mc\include\linux\version.h
2026-07-10 15:49:13.433   Time stamp of our file: 2001-09-09 23:43:52.000
2026-07-10 15:49:13.433   Installing the file.
2026-07-10 15:49:13.433   Successfully installed the file.
2026-07-10 15:49:13.434   -- File entry --
2026-07-10 15:49:13.434   Dest filename: C:\JL\mc\include\linux\vfs.h
2026-07-10 15:49:13.434   Time stamp of our file: 2001-09-09 23:43:52.000
2026-07-10 15:49:13.434   Installing the file.
2026-07-10 15:49:13.435   Successfully installed the file.
2026-07-10 15:49:13.435   -- File entry --
2026-07-10 15:49:13.435   Dest filename: C:\JL\mc\include\linux\via_ide_dma.h
2026-07-10 15:49:13.435   Time stamp of our file: 2001-09-09 23:43:52.000
2026-07-10 15:49:13.435   Installing the file.
2026-07-10 15:49:13.437   Successfully installed the file.
2026-07-10 15:49:13.437   -- File entry --
2026-07-10 15:49:13.437   Dest filename: C:\JL\mc\include\linux\vt.h
2026-07-10 15:49:13.437   Time stamp of our file: 2001-09-09 23:43:52.000
2026-07-10 15:49:13.437   Installing the file.
2026-07-10 15:49:13.438   Successfully installed the file.
2026-07-10 15:49:13.438   -- File entry --
2026-07-10 15:49:13.438   Dest filename: C:\JL\mc\include\linux\wait.h
2026-07-10 15:49:13.438   Time stamp of our file: 2001-09-09 23:43:52.000
2026-07-10 15:49:13.438   Installing the file.
2026-07-10 15:49:13.440   Successfully installed the file.
2026-07-10 15:49:13.440   -- File entry --
2026-07-10 15:49:13.440   Dest filename: C:\JL\mc\include\linux\wireless.h
2026-07-10 15:49:13.440   Time stamp of our file: 2001-09-09 23:43:52.000
2026-07-10 15:49:13.440   Installing the file.
2026-07-10 15:49:13.442   Successfully installed the file.
2026-07-10 15:49:13.442   -- File entry --
2026-07-10 15:49:13.443   Dest filename: C:\JL\mc\include\linux\wrapper.h
2026-07-10 15:49:13.443   Time stamp of our file: 2001-09-09 23:43:52.000
2026-07-10 15:49:13.443   Installing the file.
2026-07-10 15:49:13.444   Successfully installed the file.
2026-07-10 15:49:13.444   -- File entry --
2026-07-10 15:49:13.444   Dest filename: C:\JL\mc\include\linux\xd.h
2026-07-10 15:49:13.444   Time stamp of our file: 2001-09-09 23:43:52.000
2026-07-10 15:49:13.444   Installing the file.
2026-07-10 15:49:13.446   Successfully installed the file.
2026-07-10 15:49:13.446   -- File entry --
2026-07-10 15:49:13.446   Dest filename: C:\JL\mc\include\linux\xia_fs.h
2026-07-10 15:49:13.446   Time stamp of our file: 2001-09-09 23:43:52.000
2026-07-10 15:49:13.446   Installing the file.
2026-07-10 15:49:13.447   Successfully installed the file.
2026-07-10 15:49:13.447   -- File entry --
2026-07-10 15:49:13.448   Dest filename: C:\JL\mc\include\linux\xia_fs_i.h
2026-07-10 15:49:13.448   Time stamp of our file: 2001-09-09 23:43:52.000
2026-07-10 15:49:13.448   Installing the file.
2026-07-10 15:49:13.449   Successfully installed the file.
2026-07-10 15:49:13.449   -- File entry --
2026-07-10 15:49:13.449   Dest filename: C:\JL\mc\include\linux\xia_fs_sb.h
2026-07-10 15:49:13.449   Time stamp of our file: 2001-09-09 23:43:52.000
2026-07-10 15:49:13.450   Installing the file.
2026-07-10 15:49:13.450   Successfully installed the file.
2026-07-10 15:49:13.451   -- File entry --
2026-07-10 15:49:13.451   Dest filename: C:\JL\mc\include\linux\CVS\Entries
2026-07-10 15:49:13.451   Time stamp of our file: 2007-05-29 18:54:28.000
2026-07-10 15:49:13.451   Installing the file.
2026-07-10 15:49:13.451   Creating directory: C:\JL\mc\include\linux\CVS
2026-07-10 15:49:13.452   Successfully installed the file.
2026-07-10 15:49:13.452   -- File entry --
2026-07-10 15:49:13.452   Dest filename: C:\JL\mc\include\linux\CVS\Repository
2026-07-10 15:49:13.454   Time stamp of our file: 2007-05-29 18:54:28.000
2026-07-10 15:49:13.454   Installing the file.
2026-07-10 15:49:13.455   Successfully installed the file.
2026-07-10 15:49:13.455   -- File entry --
2026-07-10 15:49:13.455   Dest filename: C:\JL\mc\include\linux\CVS\Root
2026-07-10 15:49:13.455   Time stamp of our file: 2007-05-29 18:54:28.000
2026-07-10 15:49:13.455   Installing the file.
2026-07-10 15:49:13.456   Successfully installed the file.
2026-07-10 15:49:13.456   -- File entry --
2026-07-10 15:49:13.456   Dest filename: C:\JL\mc\include\m68k\fpu_control.h
2026-07-10 15:49:13.456   Time stamp of our file: 2001-09-09 23:43:48.000
2026-07-10 15:49:13.456   Installing the file.
2026-07-10 15:49:13.456   Creating directory: C:\JL\mc\include\m68k
2026-07-10 15:49:13.458   Successfully installed the file.
2026-07-10 15:49:13.458   -- File entry --
2026-07-10 15:49:13.458   Dest filename: C:\JL\mc\include\m68k\gmp-mparam.h
2026-07-10 15:49:13.458   Time stamp of our file: 2001-09-09 23:43:48.000
2026-07-10 15:49:13.458   Installing the file.
2026-07-10 15:49:13.459   Successfully installed the file.
2026-07-10 15:49:13.459   -- File entry --
2026-07-10 15:49:13.459   Dest filename: C:\JL\mc\include\m68k\ieeefp.h
2026-07-10 15:49:13.459   Time stamp of our file: 2001-09-09 23:43:48.000
2026-07-10 15:49:13.459   Installing the file.
2026-07-10 15:49:13.460   Successfully installed the file.
2026-07-10 15:49:13.460   -- File entry --
2026-07-10 15:49:13.460   Dest filename: C:\JL\mc\include\m68k\jmp_buf.h
2026-07-10 15:49:13.460   Time stamp of our file: 2001-09-09 23:43:48.000
2026-07-10 15:49:13.460   Installing the file.
2026-07-10 15:49:13.461   Successfully installed the file.
2026-07-10 15:49:13.461   -- File entry --
2026-07-10 15:49:13.461   Dest filename: C:\JL\mc\include\m68k\setjmp.h
2026-07-10 15:49:13.462   Time stamp of our file: 2001-09-09 23:43:48.000
2026-07-10 15:49:13.462   Installing the file.
2026-07-10 15:49:13.463   Successfully installed the file.
2026-07-10 15:49:13.463   -- File entry --
2026-07-10 15:49:13.463   Dest filename: C:\JL\mc\include\m68k\syscall.h
2026-07-10 15:49:13.463   Time stamp of our file: 2001-09-09 23:43:48.000
2026-07-10 15:49:13.463   Installing the file.
2026-07-10 15:49:13.465   Successfully installed the file.
2026-07-10 15:49:13.465   -- File entry --
2026-07-10 15:49:13.465   Dest filename: C:\JL\mc\include\m68k\__math.h
2026-07-10 15:49:13.465   Time stamp of our file: 2001-09-09 23:43:48.000
2026-07-10 15:49:13.465   Installing the file.
2026-07-10 15:49:13.466   Successfully installed the file.
2026-07-10 15:49:13.466   -- File entry --
2026-07-10 15:49:13.466   Dest filename: C:\JL\mc\include\m68k\CVS\Entries
2026-07-10 15:49:13.466   Time stamp of our file: 2007-05-29 18:54:28.000
2026-07-10 15:49:13.466   Installing the file.
2026-07-10 15:49:13.467   Creating directory: C:\JL\mc\include\m68k\CVS
2026-07-10 15:49:13.468   Successfully installed the file.
2026-07-10 15:49:13.468   -- File entry --
2026-07-10 15:49:13.468   Dest filename: C:\JL\mc\include\m68k\CVS\Repository
2026-07-10 15:49:13.468   Time stamp of our file: 2007-05-29 18:54:28.000
2026-07-10 15:49:13.468   Installing the file.
2026-07-10 15:49:13.469   Successfully installed the file.
2026-07-10 15:49:13.469   -- File entry --
2026-07-10 15:49:13.469   Dest filename: C:\JL\mc\include\m68k\CVS\Root
2026-07-10 15:49:13.469   Time stamp of our file: 2007-05-29 18:54:28.000
2026-07-10 15:49:13.469   Installing the file.
2026-07-10 15:49:13.470   Successfully installed the file.
2026-07-10 15:49:13.470   -- File entry --
2026-07-10 15:49:13.471   Dest filename: C:\JL\mc\include\machine\fastmath.h
2026-07-10 15:49:13.471   Time stamp of our file: 2000-08-30 10:58:42.000
2026-07-10 15:49:13.471   Installing the file.
2026-07-10 15:49:13.471   Creating directory: C:\JL\mc\include\machine
2026-07-10 15:49:13.473   Successfully installed the file.
2026-07-10 15:49:13.473   -- File entry --
2026-07-10 15:49:13.473   Dest filename: C:\JL\mc\include\machine\ieeefp.h
2026-07-10 15:49:13.473   Time stamp of our file: 2000-09-05 09:10:18.000
2026-07-10 15:49:13.473   Installing the file.
2026-07-10 15:49:13.475   Successfully installed the file.
2026-07-10 15:49:13.475   -- File entry --
2026-07-10 15:49:13.475   Dest filename: C:\JL\mc\include\machine\jmp_buf.h
2026-07-10 15:49:13.476   Time stamp of our file: 2001-09-09 23:43:48.000
2026-07-10 15:49:13.476   Installing the file.
2026-07-10 15:49:13.477   Successfully installed the file.
2026-07-10 15:49:13.477   -- File entry --
2026-07-10 15:49:13.477   Dest filename: C:\JL\mc\include\machine\setjmp-dj.h
2026-07-10 15:49:13.477   Time stamp of our file: 2000-06-09 17:16:58.000
2026-07-10 15:49:13.477   Installing the file.
2026-07-10 15:49:13.479   Successfully installed the file.
2026-07-10 15:49:13.479   -- File entry --
2026-07-10 15:49:13.479   Dest filename: C:\JL\mc\include\machine\setjmp.h
2026-07-10 15:49:13.479   Time stamp of our file: 2000-08-30 10:58:42.000
2026-07-10 15:49:13.479   Installing the file.
2026-07-10 15:49:13.480   Successfully installed the file.
2026-07-10 15:49:13.480   -- File entry --
2026-07-10 15:49:13.480   Dest filename: C:\JL\mc\include\machine\time.h
2026-07-10 15:49:13.480   Time stamp of our file: 2000-08-30 10:58:42.000
2026-07-10 15:49:13.480   Installing the file.
2026-07-10 15:49:13.481   Successfully installed the file.
2026-07-10 15:49:13.482   -- File entry --
2026-07-10 15:49:13.482   Dest filename: C:\JL\mc\include\machine\types.h
2026-07-10 15:49:13.482   Time stamp of our file: 2000-06-09 17:17:00.000
2026-07-10 15:49:13.482   Installing the file.
2026-07-10 15:49:13.483   Successfully installed the file.
2026-07-10 15:49:13.483   -- File entry --
2026-07-10 15:49:13.483   Dest filename: C:\JL\mc\include\machine\CVS\Entries
2026-07-10 15:49:13.483   Time stamp of our file: 2007-05-29 18:53:00.000
2026-07-10 15:49:13.483   Installing the file.
2026-07-10 15:49:13.483   Creating directory: C:\JL\mc\include\machine\CVS
2026-07-10 15:49:13.484   Successfully installed the file.
2026-07-10 15:49:13.484   -- File entry --
2026-07-10 15:49:13.484   Dest filename: C:\JL\mc\include\machine\CVS\Repository
2026-07-10 15:49:13.484   Time stamp of our file: 2007-05-29 18:53:00.000
2026-07-10 15:49:13.484   Installing the file.
2026-07-10 15:49:13.485   Successfully installed the file.
2026-07-10 15:49:13.485   -- File entry --
2026-07-10 15:49:13.485   Dest filename: C:\JL\mc\include\machine\CVS\Root
2026-07-10 15:49:13.485   Time stamp of our file: 2007-05-29 18:53:00.000
2026-07-10 15:49:13.485   Installing the file.
2026-07-10 15:49:13.486   Successfully installed the file.
2026-07-10 15:49:13.486   -- File entry --
2026-07-10 15:49:13.486   Dest filename: C:\JL\mc\include\net\af_unix.h
2026-07-10 15:49:13.486   Time stamp of our file: 2001-09-09 23:43:48.000
2026-07-10 15:49:13.486   Installing the file.
2026-07-10 15:49:13.486   Creating directory: C:\JL\mc\include\net
2026-07-10 15:49:13.488   Successfully installed the file.
2026-07-10 15:49:13.488   -- File entry --
2026-07-10 15:49:13.488   Dest filename: C:\JL\mc\include\net\arp.h
2026-07-10 15:49:13.488   Time stamp of our file: 2001-09-09 23:43:48.000
2026-07-10 15:49:13.488   Installing the file.
2026-07-10 15:49:13.489   Successfully installed the file.
2026-07-10 15:49:13.489   -- File entry --
2026-07-10 15:49:13.489   Dest filename: C:\JL\mc\include\net\atalkcall.h
2026-07-10 15:49:13.489   Time stamp of our file: 2001-09-09 23:43:48.000
2026-07-10 15:49:13.489   Installing the file.
2026-07-10 15:49:13.490   Successfully installed the file.
2026-07-10 15:49:13.490   -- File entry --
2026-07-10 15:49:13.491   Dest filename: C:\JL\mc\include\net\ax25.h
2026-07-10 15:49:13.491   Time stamp of our file: 2001-09-09 23:43:48.000
2026-07-10 15:49:13.491   Installing the file.
2026-07-10 15:49:13.492   Successfully installed the file.
2026-07-10 15:49:13.492   -- File entry --
2026-07-10 15:49:13.492   Dest filename: C:\JL\mc\include\net\ax25call.h
2026-07-10 15:49:13.492   Time stamp of our file: 2001-09-09 23:43:48.000
2026-07-10 15:49:13.492   Installing the file.
2026-07-10 15:49:13.493   Successfully installed the file.
2026-07-10 15:49:13.493   -- File entry --
2026-07-10 15:49:13.493   Dest filename: C:\JL\mc\include\net\br.h
2026-07-10 15:49:13.494   Time stamp of our file: 2001-09-09 23:43:48.000
2026-07-10 15:49:13.494   Installing the file.
2026-07-10 15:49:13.495   Successfully installed the file.
2026-07-10 15:49:13.495   -- File entry --
2026-07-10 15:49:13.495   Dest filename: C:\JL\mc\include\net\checksum.h
2026-07-10 15:49:13.495   Time stamp of our file: 2001-09-09 23:43:48.000
2026-07-10 15:49:13.495   Installing the file.
2026-07-10 15:49:13.497   Successfully installed the file.
2026-07-10 15:49:13.497   -- File entry --
2026-07-10 15:49:13.497   Dest filename: C:\JL\mc\include\net\datalink.h
2026-07-10 15:49:13.497   Time stamp of our file: 2001-09-09 23:43:48.000
2026-07-10 15:49:13.497   Installing the file.
2026-07-10 15:49:13.499   Successfully installed the file.
2026-07-10 15:49:13.499   -- File entry --
2026-07-10 15:49:13.499   Dest filename: C:\JL\mc\include\net\gc.h
2026-07-10 15:49:13.499   Time stamp of our file: 2001-09-09 23:43:48.000
2026-07-10 15:49:13.499   Installing the file.
2026-07-10 15:49:13.501   Successfully installed the file.
2026-07-10 15:49:13.501   -- File entry --
2026-07-10 15:49:13.501   Dest filename: C:\JL\mc\include\net\icmp.h
2026-07-10 15:49:13.501   Time stamp of our file: 2001-09-09 23:43:48.000
2026-07-10 15:49:13.501   Installing the file.
2026-07-10 15:49:13.502   Successfully installed the file.
2026-07-10 15:49:13.503   -- File entry --
2026-07-10 15:49:13.503   Dest filename: C:\JL\mc\include\net\if.h
2026-07-10 15:49:13.503   Time stamp of our file: 2001-09-09 23:43:48.000
2026-07-10 15:49:13.503   Installing the file.
2026-07-10 15:49:13.504   Successfully installed the file.
2026-07-10 15:49:13.504   -- File entry --
2026-07-10 15:49:13.504   Dest filename: C:\JL\mc\include\net\ip.h
2026-07-10 15:49:13.504   Time stamp of our file: 2001-09-09 23:43:48.000
2026-07-10 15:49:13.504   Installing the file.
2026-07-10 15:49:13.506   Successfully installed the file.
2026-07-10 15:49:13.506   -- File entry --
2026-07-10 15:49:13.506   Dest filename: C:\JL\mc\include\net\ipip.h
2026-07-10 15:49:13.506   Time stamp of our file: 2001-09-09 23:43:48.000
2026-07-10 15:49:13.506   Installing the file.
2026-07-10 15:49:13.508   Successfully installed the file.
2026-07-10 15:49:13.508   -- File entry --
2026-07-10 15:49:13.508   Dest filename: C:\JL\mc\include\net\ipx.h
2026-07-10 15:49:13.509   Time stamp of our file: 2001-09-09 23:43:48.000
2026-07-10 15:49:13.509   Installing the file.
2026-07-10 15:49:13.510   Successfully installed the file.
2026-07-10 15:49:13.511   -- File entry --
2026-07-10 15:49:13.511   Dest filename: C:\JL\mc\include\net\ipxcall.h
2026-07-10 15:49:13.511   Time stamp of our file: 2001-09-09 23:43:48.000
2026-07-10 15:49:13.511   Installing the file.
2026-07-10 15:49:13.513   Successfully installed the file.
2026-07-10 15:49:13.513   -- File entry --
2026-07-10 15:49:13.513   Dest filename: C:\JL\mc\include\net\ip_alias.h
2026-07-10 15:49:13.513   Time stamp of our file: 2001-09-09 23:43:48.000
2026-07-10 15:49:13.513   Installing the file.
2026-07-10 15:49:13.516   Successfully installed the file.
2026-07-10 15:49:13.516   -- File entry --
2026-07-10 15:49:13.516   Dest filename: C:\JL\mc\include\net\ip_forward.h
2026-07-10 15:49:13.516   Time stamp of our file: 2001-09-09 23:43:48.000
2026-07-10 15:49:13.517   Installing the file.
2026-07-10 15:49:13.518   Successfully installed the file.
2026-07-10 15:49:13.518   -- File entry --
2026-07-10 15:49:13.518   Dest filename: C:\JL\mc\include\net\ip_masq.h
2026-07-10 15:49:13.519   Time stamp of our file: 2001-09-09 23:43:48.000
2026-07-10 15:49:13.519   Installing the file.
2026-07-10 15:49:13.520   Successfully installed the file.
2026-07-10 15:49:13.520   -- File entry --
2026-07-10 15:49:13.521   Dest filename: C:\JL\mc\include\net\net.lnk
2026-07-10 15:49:13.521   Time stamp of our file: 2007-12-24 18:53:12.000
2026-07-10 15:49:13.521   Installing the file.
2026-07-10 15:49:13.523   Successfully installed the file.
2026-07-10 15:49:13.523   -- File entry --
2026-07-10 15:49:13.523   Dest filename: C:\JL\mc\include\net\netlink.h
2026-07-10 15:49:13.523   Time stamp of our file: 2001-09-09 23:43:48.000
2026-07-10 15:49:13.523   Installing the file.
2026-07-10 15:49:13.525   Successfully installed the file.
2026-07-10 15:49:13.525   -- File entry --
2026-07-10 15:49:13.525   Dest filename: C:\JL\mc\include\net\netrom.h
2026-07-10 15:49:13.525   Time stamp of our file: 2001-09-09 23:43:48.000
2026-07-10 15:49:13.525   Installing the file.
2026-07-10 15:49:13.527   Successfully installed the file.
2026-07-10 15:49:13.527   -- File entry --
2026-07-10 15:49:13.527   Dest filename: C:\JL\mc\include\net\nrcall.h
2026-07-10 15:49:13.527   Time stamp of our file: 2001-09-09 23:43:48.000
2026-07-10 15:49:13.527   Installing the file.
2026-07-10 15:49:13.528   Successfully installed the file.
2026-07-10 15:49:13.528   -- File entry --
2026-07-10 15:49:13.528   Dest filename: C:\JL\mc\include\net\p8022.h
2026-07-10 15:49:13.528   Time stamp of our file: 2001-09-09 23:43:48.000
2026-07-10 15:49:13.528   Installing the file.
2026-07-10 15:49:13.529   Successfully installed the file.
2026-07-10 15:49:13.529   -- File entry --
2026-07-10 15:49:13.530   Dest filename: C:\JL\mc\include\net\p8022call.h
2026-07-10 15:49:13.530   Time stamp of our file: 2001-09-09 23:43:48.000
2026-07-10 15:49:13.530   Installing the file.
2026-07-10 15:49:13.530   Successfully installed the file.
2026-07-10 15:49:13.530   -- File entry --
2026-07-10 15:49:13.530   Dest filename: C:\JL\mc\include\net\p8022tr.h
2026-07-10 15:49:13.531   Time stamp of our file: 2001-09-09 23:43:48.000
2026-07-10 15:49:13.531   Installing the file.
2026-07-10 15:49:13.532   Successfully installed the file.
2026-07-10 15:49:13.532   -- File entry --
2026-07-10 15:49:13.532   Dest filename: C:\JL\mc\include\net\p8022trcall.h
2026-07-10 15:49:13.532   Time stamp of our file: 2001-09-09 23:43:48.000
2026-07-10 15:49:13.532   Installing the file.
2026-07-10 15:49:13.533   Successfully installed the file.
2026-07-10 15:49:13.533   -- File entry --
2026-07-10 15:49:13.533   Dest filename: C:\JL\mc\include\net\protocol.h
2026-07-10 15:49:13.534   Time stamp of our file: 2001-09-09 23:43:48.000
2026-07-10 15:49:13.534   Installing the file.
2026-07-10 15:49:13.535   Successfully installed the file.
2026-07-10 15:49:13.535   -- File entry --
2026-07-10 15:49:13.535   Dest filename: C:\JL\mc\include\net\psnap.h
2026-07-10 15:49:13.535   Time stamp of our file: 2001-09-09 23:43:48.000
2026-07-10 15:49:13.535   Installing the file.
2026-07-10 15:49:13.536   Successfully installed the file.
2026-07-10 15:49:13.537   -- File entry --
2026-07-10 15:49:13.537   Dest filename: C:\JL\mc\include\net\psnapcall.h
2026-07-10 15:49:13.537   Time stamp of our file: 2001-09-09 23:43:48.000
2026-07-10 15:49:13.537   Installing the file.
2026-07-10 15:49:13.538   Successfully installed the file.
2026-07-10 15:49:13.538   -- File entry --
2026-07-10 15:49:13.538   Dest filename: C:\JL\mc\include\net\rarp.h
2026-07-10 15:49:13.538   Time stamp of our file: 2001-09-09 23:43:48.000
2026-07-10 15:49:13.538   Installing the file.
2026-07-10 15:49:13.540   Successfully installed the file.
2026-07-10 15:49:13.540   -- File entry --
2026-07-10 15:49:13.540   Dest filename: C:\JL\mc\include\net\raw.h
2026-07-10 15:49:13.540   Time stamp of our file: 2001-09-09 23:43:48.000
2026-07-10 15:49:13.540   Installing the file.
2026-07-10 15:49:13.541   Successfully installed the file.
2026-07-10 15:49:13.541   -- File entry --
2026-07-10 15:49:13.541   Dest filename: C:\JL\mc\include\net\rose.h
2026-07-10 15:49:13.541   Time stamp of our file: 2001-09-09 23:43:48.000
2026-07-10 15:49:13.541   Installing the file.
2026-07-10 15:49:13.542   Successfully installed the file.
2026-07-10 15:49:13.542   -- File entry --
2026-07-10 15:49:13.542   Dest filename: C:\JL\mc\include\net\rosecall.h
2026-07-10 15:49:13.543   Time stamp of our file: 2001-09-09 23:43:48.000
2026-07-10 15:49:13.543   Installing the file.
2026-07-10 15:49:13.544   Successfully installed the file.
2026-07-10 15:49:13.544   -- File entry --
2026-07-10 15:49:13.544   Dest filename: C:\JL\mc\include\net\route.h
2026-07-10 15:49:13.544   Time stamp of our file: 2001-09-09 23:43:48.000
2026-07-10 15:49:13.544   Installing the file.
2026-07-10 15:49:13.545   Successfully installed the file.
2026-07-10 15:49:13.545   -- File entry --
2026-07-10 15:49:13.545   Dest filename: C:\JL\mc\include\net\slhc.h
2026-07-10 15:49:13.546   Time stamp of our file: 2001-09-09 23:43:48.000
2026-07-10 15:49:13.546   Installing the file.
2026-07-10 15:49:13.547   Successfully installed the file.
2026-07-10 15:49:13.547   -- File entry --
2026-07-10 15:49:13.547   Dest filename: C:\JL\mc\include\net\slhc_vj.h
2026-07-10 15:49:13.547   Time stamp of our file: 2001-09-09 23:43:48.000
2026-07-10 15:49:13.547   Installing the file.
2026-07-10 15:49:13.549   Successfully installed the file.
2026-07-10 15:49:13.549   -- File entry --
2026-07-10 15:49:13.549   Dest filename: C:\JL\mc\include\net\snmp.h
2026-07-10 15:49:13.549   Time stamp of our file: 2001-09-09 23:43:48.000
2026-07-10 15:49:13.549   Installing the file.
2026-07-10 15:49:13.550   Successfully installed the file.
2026-07-10 15:49:13.550   -- File entry --
2026-07-10 15:49:13.550   Dest filename: C:\JL\mc\include\net\sock.h
2026-07-10 15:49:13.551   Time stamp of our file: 2001-09-09 23:43:48.000
2026-07-10 15:49:13.551   Installing the file.
2026-07-10 15:49:13.552   Successfully installed the file.
2026-07-10 15:49:13.552   -- File entry --
2026-07-10 15:49:13.552   Dest filename: C:\JL\mc\include\net\spx.h
2026-07-10 15:49:13.553   Time stamp of our file: 2001-09-09 23:43:48.000
2026-07-10 15:49:13.553   Installing the file.
2026-07-10 15:49:13.554   Successfully installed the file.
2026-07-10 15:49:13.554   -- File entry --
2026-07-10 15:49:13.554   Dest filename: C:\JL\mc\include\net\tcp.h
2026-07-10 15:49:13.554   Time stamp of our file: 2001-09-09 23:43:48.000
2026-07-10 15:49:13.554   Installing the file.
2026-07-10 15:49:13.555   Successfully installed the file.
2026-07-10 15:49:13.556   -- File entry --
2026-07-10 15:49:13.556   Dest filename: C:\JL\mc\include\net\udp.h
2026-07-10 15:49:13.556   Time stamp of our file: 2001-09-09 23:43:48.000
2026-07-10 15:49:13.556   Installing the file.
2026-07-10 15:49:13.557   Successfully installed the file.
2026-07-10 15:49:13.557   -- File entry --
2026-07-10 15:49:13.557   Dest filename: C:\JL\mc\include\net\CVS\Entries
2026-07-10 15:49:13.557   Time stamp of our file: 2007-05-29 18:54:28.000
2026-07-10 15:49:13.557   Installing the file.
2026-07-10 15:49:13.557   Creating directory: C:\JL\mc\include\net\CVS
2026-07-10 15:49:13.558   Successfully installed the file.
2026-07-10 15:49:13.558   -- File entry --
2026-07-10 15:49:13.558   Dest filename: C:\JL\mc\include\net\CVS\Repository
2026-07-10 15:49:13.558   Time stamp of our file: 2007-05-29 18:54:28.000
2026-07-10 15:49:13.558   Installing the file.
2026-07-10 15:49:13.560   Successfully installed the file.
2026-07-10 15:49:13.560   -- File entry --
2026-07-10 15:49:13.560   Dest filename: C:\JL\mc\include\net\CVS\Root
2026-07-10 15:49:13.560   Time stamp of our file: 2007-05-29 18:54:28.000
2026-07-10 15:49:13.560   Installing the file.
2026-07-10 15:49:13.561   Successfully installed the file.
2026-07-10 15:49:13.561   -- File entry --
2026-07-10 15:49:13.561   Dest filename: C:\JL\mc\include\netinet\igmp.h
2026-07-10 15:49:13.562   Time stamp of our file: 2001-09-09 23:43:48.000
2026-07-10 15:49:13.562   Installing the file.
2026-07-10 15:49:13.562   Creating directory: C:\JL\mc\include\netinet
2026-07-10 15:49:13.563   Successfully installed the file.
2026-07-10 15:49:13.563   -- File entry --
2026-07-10 15:49:13.563   Dest filename: C:\JL\mc\include\netinet\in.h
2026-07-10 15:49:13.563   Time stamp of our file: 2001-09-09 23:43:48.000
2026-07-10 15:49:13.563   Installing the file.
2026-07-10 15:49:13.564   Successfully installed the file.
2026-07-10 15:49:13.564   -- File entry --
2026-07-10 15:49:13.564   Dest filename: C:\JL\mc\include\netinet\in_system.h
2026-07-10 15:49:13.564   Time stamp of our file: 2001-09-09 23:43:48.000
2026-07-10 15:49:13.564   Installing the file.
2026-07-10 15:49:13.565   Successfully installed the file.
2026-07-10 15:49:13.565   -- File entry --
2026-07-10 15:49:13.565   Dest filename: C:\JL\mc\include\netinet\in_systm.h
2026-07-10 15:49:13.566   Time stamp of our file: 2001-09-09 23:43:48.000
2026-07-10 15:49:13.566   Installing the file.
2026-07-10 15:49:13.566   Successfully installed the file.
2026-07-10 15:49:13.567   -- File entry --
2026-07-10 15:49:13.567   Dest filename: C:\JL\mc\include\netinet\ip.h
2026-07-10 15:49:13.567   Time stamp of our file: 2001-09-09 23:43:48.000
2026-07-10 15:49:13.567   Installing the file.
2026-07-10 15:49:13.568   Successfully installed the file.
2026-07-10 15:49:13.568   -- File entry --
2026-07-10 15:49:13.568   Dest filename: C:\JL\mc\include\netinet\ip_fw.h
2026-07-10 15:49:13.569   Time stamp of our file: 2001-09-09 23:43:48.000
2026-07-10 15:49:13.569   Installing the file.
2026-07-10 15:49:13.570   Successfully installed the file.
2026-07-10 15:49:13.570   -- File entry --
2026-07-10 15:49:13.570   Dest filename: C:\JL\mc\include\netinet\ip_icmp.h
2026-07-10 15:49:13.570   Time stamp of our file: 2001-09-09 23:43:48.000
2026-07-10 15:49:13.570   Installing the file.
2026-07-10 15:49:13.571   Successfully installed the file.
2026-07-10 15:49:13.571   -- File entry --
2026-07-10 15:49:13.571   Dest filename: C:\JL\mc\include\netinet\ip_tcp.h
2026-07-10 15:49:13.571   Time stamp of our file: 2001-09-09 23:43:48.000
2026-07-10 15:49:13.571   Installing the file.
2026-07-10 15:49:13.572   Successfully installed the file.
2026-07-10 15:49:13.573   -- File entry --
2026-07-10 15:49:13.573   Dest filename: C:\JL\mc\include\netinet\ip_udp.h
2026-07-10 15:49:13.573   Time stamp of our file: 2001-09-09 23:43:48.000
2026-07-10 15:49:13.573   Installing the file.
2026-07-10 15:49:13.574   Successfully installed the file.
2026-07-10 15:49:13.574   -- File entry --
2026-07-10 15:49:13.574   Dest filename: C:\JL\mc\include\netinet\protocols.h
2026-07-10 15:49:13.574   Time stamp of our file: 2001-09-09 23:43:48.000
2026-07-10 15:49:13.574   Installing the file.
2026-07-10 15:49:13.575   Successfully installed the file.
2026-07-10 15:49:13.575   -- File entry --
2026-07-10 15:49:13.575   Dest filename: C:\JL\mc\include\netinet\tcp.h
2026-07-10 15:49:13.576   Time stamp of our file: 2001-09-09 23:43:48.000
2026-07-10 15:49:13.576   Installing the file.
2026-07-10 15:49:13.576   Successfully installed the file.
2026-07-10 15:49:13.577   -- File entry --
2026-07-10 15:49:13.577   Dest filename: C:\JL\mc\include\netinet\udp.h
2026-07-10 15:49:13.577   Time stamp of our file: 2001-09-09 23:43:48.000
2026-07-10 15:49:13.577   Installing the file.
2026-07-10 15:49:13.578   Successfully installed the file.
2026-07-10 15:49:13.578   -- File entry --
2026-07-10 15:49:13.578   Dest filename: C:\JL\mc\include\netinet\CVS\Entries
2026-07-10 15:49:13.579   Time stamp of our file: 2007-05-29 18:54:28.000
2026-07-10 15:49:13.579   Installing the file.
2026-07-10 15:49:13.579   Creating directory: C:\JL\mc\include\netinet\CVS
2026-07-10 15:49:13.580   Successfully installed the file.
2026-07-10 15:49:13.580   -- File entry --
2026-07-10 15:49:13.580   Dest filename: C:\JL\mc\include\netinet\CVS\Repository
2026-07-10 15:49:13.580   Time stamp of our file: 2007-05-29 18:54:28.000
2026-07-10 15:49:13.580   Installing the file.
2026-07-10 15:49:13.581   Successfully installed the file.
2026-07-10 15:49:13.581   -- File entry --
2026-07-10 15:49:13.581   Dest filename: C:\JL\mc\include\netinet\CVS\Root
2026-07-10 15:49:13.581   Time stamp of our file: 2007-05-29 18:54:28.000
2026-07-10 15:49:13.581   Installing the file.
2026-07-10 15:49:13.582   Successfully installed the file.
2026-07-10 15:49:13.582   -- File entry --
2026-07-10 15:49:13.582   Dest filename: C:\JL\mc\include\rpc\auth.h
2026-07-10 15:49:13.582   Time stamp of our file: 2001-09-09 23:43:48.000
2026-07-10 15:49:13.582   Installing the file.
2026-07-10 15:49:13.582   Creating directory: C:\JL\mc\include\rpc
2026-07-10 15:49:13.584   Successfully installed the file.
2026-07-10 15:49:13.584   -- File entry --
2026-07-10 15:49:13.584   Dest filename: C:\JL\mc\include\rpc\auth_des.h
2026-07-10 15:49:13.585   Time stamp of our file: 2001-09-09 23:43:48.000
2026-07-10 15:49:13.585   Installing the file.
2026-07-10 15:49:13.586   Successfully installed the file.
2026-07-10 15:49:13.586   -- File entry --
2026-07-10 15:49:13.586   Dest filename: C:\JL\mc\include\rpc\auth_unix.h
2026-07-10 15:49:13.586   Time stamp of our file: 2001-09-09 23:43:48.000
2026-07-10 15:49:13.586   Installing the file.
2026-07-10 15:49:13.587   Successfully installed the file.
2026-07-10 15:49:13.587   -- File entry --
2026-07-10 15:49:13.587   Dest filename: C:\JL\mc\include\rpc\clnt.h
2026-07-10 15:49:13.587   Time stamp of our file: 2001-09-09 23:43:48.000
2026-07-10 15:49:13.587   Installing the file.
2026-07-10 15:49:13.589   Successfully installed the file.
2026-07-10 15:49:13.589   -- File entry --
2026-07-10 15:49:13.589   Dest filename: C:\JL\mc\include\rpc\pmap_clnt.h
2026-07-10 15:49:13.589   Time stamp of our file: 2001-09-09 23:43:48.000
2026-07-10 15:49:13.589   Installing the file.
2026-07-10 15:49:13.590   Successfully installed the file.
2026-07-10 15:49:13.590   -- File entry --
2026-07-10 15:49:13.590   Dest filename: C:\JL\mc\include\rpc\pmap_prot.h
2026-07-10 15:49:13.590   Time stamp of our file: 2001-09-09 23:43:48.000
2026-07-10 15:49:13.590   Installing the file.
2026-07-10 15:49:13.591   Successfully installed the file.
2026-07-10 15:49:13.591   -- File entry --
2026-07-10 15:49:13.591   Dest filename: C:\JL\mc\include\rpc\pmap_rmt.h
2026-07-10 15:49:13.591   Time stamp of our file: 2001-09-09 23:43:48.000
2026-07-10 15:49:13.592   Installing the file.
2026-07-10 15:49:13.592   Successfully installed the file.
2026-07-10 15:49:13.593   -- File entry --
2026-07-10 15:49:13.593   Dest filename: C:\JL\mc\include\rpc\rpc.h
2026-07-10 15:49:13.593   Time stamp of our file: 2001-09-09 23:43:48.000
2026-07-10 15:49:13.593   Installing the file.
2026-07-10 15:49:13.594   Successfully installed the file.
2026-07-10 15:49:13.594   -- File entry --
2026-07-10 15:49:13.594   Dest filename: C:\JL\mc\include\rpc\rpc_msg.h
2026-07-10 15:49:13.594   Time stamp of our file: 2001-09-09 23:43:48.000
2026-07-10 15:49:13.594   Installing the file.
2026-07-10 15:49:13.595   Successfully installed the file.
2026-07-10 15:49:13.595   -- File entry --
2026-07-10 15:49:13.595   Dest filename: C:\JL\mc\include\rpc\svc.h
2026-07-10 15:49:13.596   Time stamp of our file: 2001-09-09 23:43:48.000
2026-07-10 15:49:13.596   Installing the file.
2026-07-10 15:49:13.597   Successfully installed the file.
2026-07-10 15:49:13.597   -- File entry --
2026-07-10 15:49:13.597   Dest filename: C:\JL\mc\include\rpc\svc_auth.h
2026-07-10 15:49:13.597   Time stamp of our file: 2001-09-09 23:43:48.000
2026-07-10 15:49:13.597   Installing the file.
2026-07-10 15:49:13.598   Successfully installed the file.
2026-07-10 15:49:13.598   -- File entry --
2026-07-10 15:49:13.598   Dest filename: C:\JL\mc\include\rpc\types.h
2026-07-10 15:49:13.598   Time stamp of our file: 2001-09-09 23:43:48.000
2026-07-10 15:49:13.598   Installing the file.
2026-07-10 15:49:13.600   Successfully installed the file.
2026-07-10 15:49:13.600   -- File entry --
2026-07-10 15:49:13.600   Dest filename: C:\JL\mc\include\rpc\xdr.h
2026-07-10 15:49:13.600   Time stamp of our file: 2001-09-09 23:43:48.000
2026-07-10 15:49:13.600   Installing the file.
2026-07-10 15:49:13.602   Successfully installed the file.
2026-07-10 15:49:13.602   -- File entry --
2026-07-10 15:49:13.602   Dest filename: C:\JL\mc\include\rpc\CVS\Entries
2026-07-10 15:49:13.602   Time stamp of our file: 2007-05-29 18:54:28.000
2026-07-10 15:49:13.602   Installing the file.
2026-07-10 15:49:13.602   Creating directory: C:\JL\mc\include\rpc\CVS
2026-07-10 15:49:13.603   Successfully installed the file.
2026-07-10 15:49:13.604   -- File entry --
2026-07-10 15:49:13.604   Dest filename: C:\JL\mc\include\rpc\CVS\Repository
2026-07-10 15:49:13.604   Time stamp of our file: 2007-05-29 18:54:28.000
2026-07-10 15:49:13.604   Installing the file.
2026-07-10 15:49:13.605   Successfully installed the file.
2026-07-10 15:49:13.605   -- File entry --
2026-07-10 15:49:13.605   Dest filename: C:\JL\mc\include\rpc\CVS\Root
2026-07-10 15:49:13.605   Time stamp of our file: 2007-05-29 18:54:28.000
2026-07-10 15:49:13.605   Installing the file.
2026-07-10 15:49:13.606   Successfully installed the file.
2026-07-10 15:49:13.606   -- File entry --
2026-07-10 15:49:13.606   Dest filename: C:\JL\mc\include\sys\bitypes.h
2026-07-10 15:49:13.607   Time stamp of our file: 2001-09-09 23:43:48.000
2026-07-10 15:49:13.607   Installing the file.
2026-07-10 15:49:13.607   Creating directory: C:\JL\mc\include\sys
2026-07-10 15:49:13.608   Successfully installed the file.
2026-07-10 15:49:13.608   -- File entry --
2026-07-10 15:49:13.608   Dest filename: C:\JL\mc\include\sys\cdefs.h
2026-07-10 15:49:13.608   Time stamp of our file: 2001-09-09 23:43:48.000
2026-07-10 15:49:13.608   Installing the file.
2026-07-10 15:49:13.610   Successfully installed the file.
2026-07-10 15:49:13.610   -- File entry --
2026-07-10 15:49:13.610   Dest filename: C:\JL\mc\include\sys\config.h
2026-07-10 15:49:13.610   Time stamp of our file: 2007-12-28 01:38:44.000
2026-07-10 15:49:13.610   Installing the file.
2026-07-10 15:49:13.611   Successfully installed the file.
2026-07-10 15:49:13.611   -- File entry --
2026-07-10 15:49:13.612   Dest filename: C:\JL\mc\include\sys\dir.h
2026-07-10 15:49:13.612   Time stamp of our file: 2001-09-09 23:43:48.000
2026-07-10 15:49:13.612   Installing the file.
2026-07-10 15:49:13.613   Successfully installed the file.
2026-07-10 15:49:13.613   -- File entry --
2026-07-10 15:49:13.613   Dest filename: C:\JL\mc\include\sys\dirent.h
2026-07-10 15:49:13.613   Time stamp of our file: 2001-09-09 23:43:48.000
2026-07-10 15:49:13.613   Installing the file.
2026-07-10 15:49:13.615   Successfully installed the file.
2026-07-10 15:49:13.615   -- File entry --
2026-07-10 15:49:13.615   Dest filename: C:\JL\mc\include\sys\errno.h
2026-07-10 15:49:13.615   Time stamp of our file: 2001-09-09 23:43:48.000
2026-07-10 15:49:13.615   Installing the file.
2026-07-10 15:49:13.616   Successfully installed the file.
2026-07-10 15:49:13.617   -- File entry --
2026-07-10 15:49:13.617   Dest filename: C:\JL\mc\include\sys\fcntl.h
2026-07-10 15:49:13.617   Time stamp of our file: 2001-09-09 23:43:48.000
2026-07-10 15:49:13.617   Installing the file.
2026-07-10 15:49:13.618   Successfully installed the file.
2026-07-10 15:49:13.618   -- File entry --
2026-07-10 15:49:13.618   Dest filename: C:\JL\mc\include\sys\file.h
2026-07-10 15:49:13.618   Time stamp of our file: 2001-09-09 23:43:48.000
2026-07-10 15:49:13.618   Installing the file.
2026-07-10 15:49:13.619   Successfully installed the file.
2026-07-10 15:49:13.619   -- File entry --
2026-07-10 15:49:13.620   Dest filename: C:\JL\mc\include\sys\ioctl.h
2026-07-10 15:49:13.620   Time stamp of our file: 2001-09-09 23:43:48.000
2026-07-10 15:49:13.620   Installing the file.
2026-07-10 15:49:13.621   Successfully installed the file.
2026-07-10 15:49:13.621   -- File entry --
2026-07-10 15:49:13.621   Dest filename: C:\JL\mc\include\sys\mman.h
2026-07-10 15:49:13.621   Time stamp of our file: 2001-09-09 23:43:48.000
2026-07-10 15:49:13.621   Installing the file.
2026-07-10 15:49:13.622   Successfully installed the file.
2026-07-10 15:49:13.622   -- File entry --
2026-07-10 15:49:13.622   Dest filename: C:\JL\mc\include\sys\mount.h
2026-07-10 15:49:13.622   Time stamp of our file: 2001-09-09 23:43:48.000
2026-07-10 15:49:13.622   Installing the file.
2026-07-10 15:49:13.623   Successfully installed the file.
2026-07-10 15:49:13.623   -- File entry --
2026-07-10 15:49:13.623   Dest filename: C:\JL\mc\include\sys\param.h
2026-07-10 15:49:13.624   Time stamp of our file: 2001-09-09 23:43:48.000
2026-07-10 15:49:13.624   Installing the file.
2026-07-10 15:49:13.624   Successfully installed the file.
2026-07-10 15:49:13.625   -- File entry --
2026-07-10 15:49:13.625   Dest filename: C:\JL\mc\include\sys\reent.h
2026-07-10 15:49:13.625   Time stamp of our file: 2000-08-30 10:58:42.000
2026-07-10 15:49:13.625   Installing the file.
2026-07-10 15:49:13.626   Successfully installed the file.
2026-07-10 15:49:13.626   -- File entry --
2026-07-10 15:49:13.626   Dest filename: C:\JL\mc\include\sys\resource.h
2026-07-10 15:49:13.626   Time stamp of our file: 2001-09-09 23:43:48.000
2026-07-10 15:49:13.626   Installing the file.
2026-07-10 15:49:13.627   Successfully installed the file.
2026-07-10 15:49:13.627   -- File entry --
2026-07-10 15:49:13.627   Dest filename: C:\JL\mc\include\sys\signal.h
2026-07-10 15:49:13.627   Time stamp of our file: 2001-09-09 23:43:48.000
2026-07-10 15:49:13.627   Installing the file.
2026-07-10 15:49:13.628   Successfully installed the file.
2026-07-10 15:49:13.628   -- File entry --
2026-07-10 15:49:13.628   Dest filename: C:\JL\mc\include\sys\socket.h
2026-07-10 15:49:13.629   Time stamp of our file: 2001-09-09 23:43:48.000
2026-07-10 15:49:13.629   Installing the file.
2026-07-10 15:49:13.630   Successfully installed the file.
2026-07-10 15:49:13.630   -- File entry --
2026-07-10 15:49:13.630   Dest filename: C:\JL\mc\include\sys\socketcall.h
2026-07-10 15:49:13.630   Time stamp of our file: 2001-09-09 23:43:48.000
2026-07-10 15:49:13.630   Installing the file.
2026-07-10 15:49:13.631   Successfully installed the file.
2026-07-10 15:49:13.631   -- File entry --
2026-07-10 15:49:13.631   Dest filename: C:\JL\mc\include\sys\socketio.h
2026-07-10 15:49:13.631   Time stamp of our file: 2001-09-09 23:43:48.000
2026-07-10 15:49:13.631   Installing the file.
2026-07-10 15:49:13.633   Successfully installed the file.
2026-07-10 15:49:13.633   -- File entry --
2026-07-10 15:49:13.633   Dest filename: C:\JL\mc\include\sys\socketvar.h
2026-07-10 15:49:13.633   Time stamp of our file: 2001-09-09 23:43:48.000
2026-07-10 15:49:13.633   Installing the file.
2026-07-10 15:49:13.634   Successfully installed the file.
2026-07-10 15:49:13.634   -- File entry --
2026-07-10 15:49:13.634   Dest filename: C:\JL\mc\include\sys\stat.h
2026-07-10 15:49:13.635   Time stamp of our file: 2001-09-09 23:43:48.000
2026-07-10 15:49:13.635   Installing the file.
2026-07-10 15:49:13.636   Successfully installed the file.
2026-07-10 15:49:13.636   -- File entry --
2026-07-10 15:49:13.636   Dest filename: C:\JL\mc\include\sys\syscall.h
2026-07-10 15:49:13.636   Time stamp of our file: 2001-09-09 23:43:48.000
2026-07-10 15:49:13.636   Installing the file.
2026-07-10 15:49:13.638   Successfully installed the file.
2026-07-10 15:49:13.638   -- File entry --
2026-07-10 15:49:13.638   Dest filename: C:\JL\mc\include\sys\syslog.h
2026-07-10 15:49:13.638   Time stamp of our file: 2001-09-09 23:43:48.000
2026-07-10 15:49:13.638   Installing the file.
2026-07-10 15:49:13.639   Successfully installed the file.
2026-07-10 15:49:13.639   -- File entry --
2026-07-10 15:49:13.639   Dest filename: C:\JL\mc\include\sys\termios.h
2026-07-10 15:49:13.639   Time stamp of our file: 2001-09-09 23:43:48.000
2026-07-10 15:49:13.639   Installing the file.
2026-07-10 15:49:13.640   Successfully installed the file.
2026-07-10 15:49:13.640   -- File entry --
2026-07-10 15:49:13.640   Dest filename: C:\JL\mc\include\sys\time.h
2026-07-10 15:49:13.640   Time stamp of our file: 2001-09-09 23:43:48.000
2026-07-10 15:49:13.640   Installing the file.
2026-07-10 15:49:13.641   Successfully installed the file.
2026-07-10 15:49:13.641   -- File entry --
2026-07-10 15:49:13.641   Dest filename: C:\JL\mc\include\sys\times.h
2026-07-10 15:49:13.641   Time stamp of our file: 2001-09-09 23:43:48.000
2026-07-10 15:49:13.641   Installing the file.
2026-07-10 15:49:13.642   Successfully installed the file.
2026-07-10 15:49:13.642   -- File entry --
2026-07-10 15:49:13.642   Dest filename: C:\JL\mc\include\sys\types.h
2026-07-10 15:49:13.642   Time stamp of our file: 2001-09-09 23:43:48.000
2026-07-10 15:49:13.642   Installing the file.
2026-07-10 15:49:13.643   Successfully installed the file.
2026-07-10 15:49:13.643   -- File entry --
2026-07-10 15:49:13.644   Dest filename: C:\JL\mc\include\sys\uio.h
2026-07-10 15:49:13.644   Time stamp of our file: 2001-09-09 23:43:48.000
2026-07-10 15:49:13.644   Installing the file.
2026-07-10 15:49:13.645   Successfully installed the file.
2026-07-10 15:49:13.645   -- File entry --
2026-07-10 15:49:13.645   Dest filename: C:\JL\mc\include\sys\un.h
2026-07-10 15:49:13.645   Time stamp of our file: 2001-09-09 23:43:48.000
2026-07-10 15:49:13.645   Installing the file.
2026-07-10 15:49:13.646   Successfully installed the file.
2026-07-10 15:49:13.646   -- File entry --
2026-07-10 15:49:13.646   Dest filename: C:\JL\mc\include\sys\utsname.h
2026-07-10 15:49:13.647   Time stamp of our file: 2001-09-09 23:43:48.000
2026-07-10 15:49:13.647   Installing the file.
2026-07-10 15:49:13.648   Successfully installed the file.
2026-07-10 15:49:13.648   -- File entry --
2026-07-10 15:49:13.648   Dest filename: C:\JL\mc\include\sys\vfs.h
2026-07-10 15:49:13.648   Time stamp of our file: 2001-09-09 23:43:48.000
2026-07-10 15:49:13.648   Installing the file.
2026-07-10 15:49:13.649   Successfully installed the file.
2026-07-10 15:49:13.649   -- File entry --
2026-07-10 15:49:13.649   Dest filename: C:\JL\mc\include\sys\vm86.h
2026-07-10 15:49:13.650   Time stamp of our file: 2001-09-09 23:43:48.000
2026-07-10 15:49:13.650   Installing the file.
2026-07-10 15:49:13.651   Successfully installed the file.
2026-07-10 15:49:13.651   -- File entry --
2026-07-10 15:49:13.651   Dest filename: C:\JL\mc\include\sys\wait.h
2026-07-10 15:49:13.651   Time stamp of our file: 2001-09-09 23:43:48.000
2026-07-10 15:49:13.651   Installing the file.
2026-07-10 15:49:13.652   Successfully installed the file.
2026-07-10 15:49:13.652   -- File entry --
2026-07-10 15:49:13.652   Dest filename: C:\JL\mc\include\sys\CVS\Entries
2026-07-10 15:49:13.653   Time stamp of our file: 2007-05-29 18:54:28.000
2026-07-10 15:49:13.653   Installing the file.
2026-07-10 15:49:13.653   Creating directory: C:\JL\mc\include\sys\CVS
2026-07-10 15:49:13.654   Successfully installed the file.
2026-07-10 15:49:13.654   -- File entry --
2026-07-10 15:49:13.654   Dest filename: C:\JL\mc\include\sys\CVS\Repository
2026-07-10 15:49:13.654   Time stamp of our file: 2007-05-29 18:54:28.000
2026-07-10 15:49:13.654   Installing the file.
2026-07-10 15:49:13.655   Successfully installed the file.
2026-07-10 15:49:13.655   -- File entry --
2026-07-10 15:49:13.655   Dest filename: C:\JL\mc\include\sys\CVS\Root
2026-07-10 15:49:13.656   Time stamp of our file: 2007-05-29 18:54:28.000
2026-07-10 15:49:13.656   Installing the file.
2026-07-10 15:49:13.657   Successfully installed the file.
2026-07-10 15:49:13.657   -- File entry --
2026-07-10 15:49:13.657   Dest filename: C:\JL\mc\info\as.info
2026-07-10 15:49:13.657   Time stamp of our file: 2008-02-25 11:45:06.000
2026-07-10 15:49:13.657   Installing the file.
2026-07-10 15:49:13.657   Creating directory: C:\JL\mc\info
2026-07-10 15:49:13.669   Successfully installed the file.
2026-07-10 15:49:13.669   -- File entry --
2026-07-10 15:49:13.669   Dest filename: C:\JL\mc\info\bfd.info
2026-07-10 15:49:13.669   Time stamp of our file: 2008-02-25 11:44:22.000
2026-07-10 15:49:13.669   Installing the file.
2026-07-10 15:49:13.677   Successfully installed the file.
2026-07-10 15:49:13.677   -- File entry --
2026-07-10 15:49:13.677   Dest filename: C:\JL\mc\info\binutils.info
2026-07-10 15:49:13.677   Time stamp of our file: 2008-02-25 11:44:38.000
2026-07-10 15:49:13.677   Installing the file.
2026-07-10 15:49:13.680   Successfully installed the file.
2026-07-10 15:49:13.680   -- File entry --
2026-07-10 15:49:13.680   Dest filename: C:\JL\mc\info\configure.info
2026-07-10 15:49:13.680   Time stamp of our file: 2008-02-25 11:45:04.000
2026-07-10 15:49:13.680   Installing the file.
2026-07-10 15:49:13.685   Successfully installed the file.
2026-07-10 15:49:13.685   -- File entry --
2026-07-10 15:49:13.685   Dest filename: C:\JL\mc\info\cpp.info
2026-07-10 15:49:13.685   Time stamp of our file: 2008-02-25 13:33:14.000
2026-07-10 15:49:13.685   Installing the file.
2026-07-10 15:49:13.691   Successfully installed the file.
2026-07-10 15:49:13.692   -- File entry --
2026-07-10 15:49:13.692   Dest filename: C:\JL\mc\info\cppinternals.info
2026-07-10 15:49:13.692   Time stamp of our file: 2008-02-25 13:33:16.000
2026-07-10 15:49:13.692   Installing the file.
2026-07-10 15:49:13.694   Successfully installed the file.
2026-07-10 15:49:13.694   -- File entry --
2026-07-10 15:49:13.694   Dest filename: C:\JL\mc\info\dir
2026-07-10 15:49:13.694   Time stamp of our file: 2008-02-25 13:33:18.000
2026-07-10 15:49:13.694   Installing the file.
2026-07-10 15:49:13.696   Successfully installed the file.
2026-07-10 15:49:13.696   -- File entry --
2026-07-10 15:49:13.696   Dest filename: C:\JL\mc\info\gcc.info
2026-07-10 15:49:13.696   Time stamp of our file: 2008-02-25 13:33:16.000
2026-07-10 15:49:13.696   Installing the file.
2026-07-10 15:49:13.715   Successfully installed the file.
2026-07-10 15:49:13.715   -- File entry --
2026-07-10 15:49:13.715   Dest filename: C:\JL\mc\info\gccinstall.info
2026-07-10 15:49:13.715   Time stamp of our file: 2008-02-25 13:33:16.000
2026-07-10 15:49:13.715   Installing the file.
2026-07-10 15:49:13.719   Successfully installed the file.
2026-07-10 15:49:13.720   -- File entry --
2026-07-10 15:49:13.720   Dest filename: C:\JL\mc\info\gccint.info
2026-07-10 15:49:13.720   Time stamp of our file: 2008-02-25 13:33:16.000
2026-07-10 15:49:13.720   Installing the file.
2026-07-10 15:49:13.739   Successfully installed the file.
2026-07-10 15:49:13.740   -- File entry --
2026-07-10 15:49:13.740   Dest filename: C:\JL\mc\info\ld.info
2026-07-10 15:49:13.740   Time stamp of our file: 2008-02-25 11:45:20.000
2026-07-10 15:49:13.740   Installing the file.
2026-07-10 15:49:13.745   Successfully installed the file.
2026-07-10 15:49:13.745   -- File entry --
2026-07-10 15:49:13.745   Dest filename: C:\JL\mc\info\standards.info
2026-07-10 15:49:13.746   Time stamp of our file: 2008-02-25 11:45:04.000
2026-07-10 15:49:13.746   Installing the file.
2026-07-10 15:49:13.751   Successfully installed the file.
2026-07-10 15:49:13.751   -- File entry --
2026-07-10 15:49:13.751   Dest filename: C:\JL\mc\lib\crt0.o
2026-07-10 15:49:13.751   Time stamp of our file: 2012-05-15 12:52:56.000
2026-07-10 15:49:13.751   Installing the file.
2026-07-10 15:49:13.753   Successfully installed the file.
2026-07-10 15:49:13.753   -- File entry --
2026-07-10 15:49:13.753   Dest filename: C:\JL\mc\lib\crti.o
2026-07-10 15:49:13.753   Time stamp of our file: 2012-05-15 12:52:56.000
2026-07-10 15:49:13.753   Installing the file.
2026-07-10 15:49:13.754   Successfully installed the file.
2026-07-10 15:49:13.754   -- File entry --
2026-07-10 15:49:13.754   Dest filename: C:\JL\mc\lib\crtn.o
2026-07-10 15:49:13.755   Time stamp of our file: 2012-05-15 12:52:56.000
2026-07-10 15:49:13.755   Installing the file.
2026-07-10 15:49:13.756   Successfully installed the file.
2026-07-10 15:49:13.756   -- File entry --
2026-07-10 15:49:13.756   Dest filename: C:\JL\mc\lib\libc.a
2026-07-10 15:49:13.756   Time stamp of our file: 2003-04-13 10:37:04.000
2026-07-10 15:49:13.756   Installing the file.
2026-07-10 15:49:13.766   Successfully installed the file.
2026-07-10 15:49:13.766   -- File entry --
2026-07-10 15:49:13.766   Dest filename: C:\JL\mc\lib\libgcc.a
2026-07-10 15:49:13.766   Time stamp of our file: 2008-02-25 13:33:14.000
2026-07-10 15:49:13.766   Installing the file.
2026-07-10 15:49:13.770   Successfully installed the file.
2026-07-10 15:49:13.770   -- File entry --
2026-07-10 15:49:13.770   Dest filename: C:\JL\mc\lib\libgcov.a
2026-07-10 15:49:13.771   Time stamp of our file: 2008-02-25 13:33:14.000
2026-07-10 15:49:13.771   Installing the file.
2026-07-10 15:49:13.772   Successfully installed the file.
2026-07-10 15:49:13.772   -- File entry --
2026-07-10 15:49:13.772   Dest filename: C:\JL\mc\lib\libiberty.a
2026-07-10 15:49:13.772   Time stamp of our file: 2012-06-18 19:55:58.000
2026-07-10 15:49:13.772   Installing the file.
2026-07-10 15:49:13.790   Successfully installed the file.
2026-07-10 15:49:13.790   -- File entry --
2026-07-10 15:49:13.790   Dest filename: C:\JL\mc\lib\libm.a
2026-07-10 15:49:13.790   Time stamp of our file: 2008-01-02 16:51:26.000
2026-07-10 15:49:13.790   Installing the file.
2026-07-10 15:49:13.804   Successfully installed the file.
2026-07-10 15:49:13.804   -- File entry --
2026-07-10 15:49:13.804   Dest filename: C:\JL\mc\lib\libor32-elf-sim.a
2026-07-10 15:49:13.804   Time stamp of our file: 2012-09-13 11:28:42.000
2026-07-10 15:49:13.804   Installing the file.
2026-07-10 15:49:13.811   Successfully installed the file.
2026-07-10 15:49:13.811   -- File entry --
2026-07-10 15:49:13.811   Dest filename: C:\JL\mc\lib\gcc\or32-uclinux\3.4.4\libgcc.a
2026-07-10 15:49:13.811   Time stamp of our file: 2008-02-25 13:33:14.000
2026-07-10 15:49:13.811   Installing the file.
2026-07-10 15:49:13.811   Creating directory: C:\JL\mc\lib\gcc
2026-07-10 15:49:13.812   Creating directory: C:\JL\mc\lib\gcc\or32-uclinux
2026-07-10 15:49:13.812   Creating directory: C:\JL\mc\lib\gcc\or32-uclinux\3.4.4
2026-07-10 15:49:13.814   Successfully installed the file.
2026-07-10 15:49:13.814   -- File entry --
2026-07-10 15:49:13.814   Dest filename: C:\JL\mc\lib\gcc\or32-uclinux\3.4.4\libgcov.a
2026-07-10 15:49:13.814   Time stamp of our file: 2008-02-25 13:33:14.000
2026-07-10 15:49:13.814   Installing the file.
2026-07-10 15:49:13.815   Successfully installed the file.
2026-07-10 15:49:13.815   -- File entry --
2026-07-10 15:49:13.815   Dest filename: C:\JL\mc\lib\gcc\or32-uclinux\3.4.4\specs
2026-07-10 15:49:13.816   Time stamp of our file: 2008-02-25 13:33:10.000
2026-07-10 15:49:13.816   Installing the file.
2026-07-10 15:49:13.817   Successfully installed the file.
2026-07-10 15:49:13.817   -- File entry --
2026-07-10 15:49:13.817   Dest filename: C:\JL\mc\lib\gcc\or32-uclinux\3.4.4\include\float.h
2026-07-10 15:49:13.818   Time stamp of our file: 2008-02-25 12:48:08.000
2026-07-10 15:49:13.818   Installing the file.
2026-07-10 15:49:13.818   Creating directory: C:\JL\mc\lib\gcc\or32-uclinux\3.4.4\include
2026-07-10 15:49:13.819   Successfully installed the file.
2026-07-10 15:49:13.819   -- File entry --
2026-07-10 15:49:13.819   Dest filename: C:\JL\mc\lib\gcc\or32-uclinux\3.4.4\include\iso646.h
2026-07-10 15:49:13.820   Time stamp of our file: 2008-02-25 12:48:08.000
2026-07-10 15:49:13.820   Installing the file.
2026-07-10 15:49:13.821   Successfully installed the file.
2026-07-10 15:49:13.821   -- File entry --
2026-07-10 15:49:13.821   Dest filename: C:\JL\mc\lib\gcc\or32-uclinux\3.4.4\include\limits.h
2026-07-10 15:49:13.821   Time stamp of our file: 2008-02-25 12:48:10.000
2026-07-10 15:49:13.821   Installing the file.
2026-07-10 15:49:13.822   Successfully installed the file.
2026-07-10 15:49:13.822   -- File entry --
2026-07-10 15:49:13.822   Dest filename: C:\JL\mc\lib\gcc\or32-uclinux\3.4.4\include\README
2026-07-10 15:49:13.822   Time stamp of our file: 2008-02-25 12:48:10.000
2026-07-10 15:49:13.822   Installing the file.
2026-07-10 15:49:13.823   Successfully installed the file.
2026-07-10 15:49:13.824   -- File entry --
2026-07-10 15:49:13.824   Dest filename: C:\JL\mc\lib\gcc\or32-uclinux\3.4.4\include\stdarg.h
2026-07-10 15:49:13.824   Time stamp of our file: 2008-02-25 12:48:08.000
2026-07-10 15:49:13.824   Installing the file.
2026-07-10 15:49:13.825   Successfully installed the file.
2026-07-10 15:49:13.825   -- File entry --
2026-07-10 15:49:13.825   Dest filename: C:\JL\mc\lib\gcc\or32-uclinux\3.4.4\include\stdbool.h
2026-07-10 15:49:13.825   Time stamp of our file: 2008-02-25 12:48:10.000
2026-07-10 15:49:13.825   Installing the file.
2026-07-10 15:49:13.827   Successfully installed the file.
2026-07-10 15:49:13.827   -- File entry --
2026-07-10 15:49:13.827   Dest filename: C:\JL\mc\lib\gcc\or32-uclinux\3.4.4\include\stddef.h
2026-07-10 15:49:13.827   Time stamp of our file: 2008-02-25 12:48:10.000
2026-07-10 15:49:13.827   Installing the file.
2026-07-10 15:49:13.829   Successfully installed the file.
2026-07-10 15:49:13.829   -- File entry --
2026-07-10 15:49:13.829   Dest filename: C:\JL\mc\lib\gcc\or32-uclinux\3.4.4\include\syslimits.h
2026-07-10 15:49:13.829   Time stamp of our file: 2008-02-25 12:48:08.000
2026-07-10 15:49:13.829   Installing the file.
2026-07-10 15:49:13.830   Successfully installed the file.
2026-07-10 15:49:13.830   -- File entry --
2026-07-10 15:49:13.830   Dest filename: C:\JL\mc\lib\gcc\or32-uclinux\3.4.4\include\unwind.h
2026-07-10 15:49:13.830   Time stamp of our file: 2008-02-25 12:48:10.000
2026-07-10 15:49:13.830   Installing the file.
2026-07-10 15:49:13.831   Successfully installed the file.
2026-07-10 15:49:13.832   -- File entry --
2026-07-10 15:49:13.832   Dest filename: C:\JL\mc\lib\gcc\or32-uclinux\3.4.4\include\varargs.h
2026-07-10 15:49:13.832   Time stamp of our file: 2008-02-25 12:48:10.000
2026-07-10 15:49:13.832   Installing the file.
2026-07-10 15:49:13.833   Successfully installed the file.
2026-07-10 15:49:13.833   -- File entry --
2026-07-10 15:49:13.833   Dest filename: C:\JL\mc\lib\gcc\or32-uclinux\3.4.4\install-tools\gsyslimits.h
2026-07-10 15:49:13.834   Time stamp of our file: 2008-02-25 13:33:12.000
2026-07-10 15:49:13.834   Installing the file.
2026-07-10 15:49:13.834   Creating directory: C:\JL\mc\lib\gcc\or32-uclinux\3.4.4\install-tools
2026-07-10 15:49:13.836   Successfully installed the file.
2026-07-10 15:49:13.836   -- File entry --
2026-07-10 15:49:13.836   Dest filename: C:\JL\mc\lib\gcc\or32-uclinux\3.4.4\install-tools\mkheaders.conf
2026-07-10 15:49:13.836   Time stamp of our file: 2008-02-25 13:33:12.000
2026-07-10 15:49:13.836   Installing the file.
2026-07-10 15:49:13.837   Successfully installed the file.
2026-07-10 15:49:13.837   -- File entry --
2026-07-10 15:49:13.837   Dest filename: C:\JL\mc\lib\gcc\or32-uclinux\3.4.4\install-tools\include\float.h
2026-07-10 15:49:13.837   Time stamp of our file: 2008-02-25 13:33:10.000
2026-07-10 15:49:13.837   Installing the file.
2026-07-10 15:49:13.837   Creating directory: C:\JL\mc\lib\gcc\or32-uclinux\3.4.4\install-tools\include
2026-07-10 15:49:13.838   Successfully installed the file.
2026-07-10 15:49:13.839   -- File entry --
2026-07-10 15:49:13.839   Dest filename: C:\JL\mc\lib\gcc\or32-uclinux\3.4.4\install-tools\include\iso646.h
2026-07-10 15:49:13.839   Time stamp of our file: 2008-02-25 13:33:12.000
2026-07-10 15:49:13.839   Installing the file.
2026-07-10 15:49:13.840   Successfully installed the file.
2026-07-10 15:49:13.840   -- File entry --
2026-07-10 15:49:13.840   Dest filename: C:\JL\mc\lib\gcc\or32-uclinux\3.4.4\install-tools\include\limits.h
2026-07-10 15:49:13.840   Time stamp of our file: 2008-02-25 13:33:12.000
2026-07-10 15:49:13.840   Installing the file.
2026-07-10 15:49:13.842   Successfully installed the file.
2026-07-10 15:49:13.842   -- File entry --
2026-07-10 15:49:13.842   Dest filename: C:\JL\mc\lib\gcc\or32-uclinux\3.4.4\install-tools\include\README
2026-07-10 15:49:13.842   Time stamp of our file: 2008-02-25 13:33:12.000
2026-07-10 15:49:13.842   Installing the file.
2026-07-10 15:49:13.843   Successfully installed the file.
2026-07-10 15:49:13.843   -- File entry --
2026-07-10 15:49:13.843   Dest filename: C:\JL\mc\lib\gcc\or32-uclinux\3.4.4\install-tools\include\stdarg.h
2026-07-10 15:49:13.844   Time stamp of our file: 2008-02-25 13:33:12.000
2026-07-10 15:49:13.844   Installing the file.
2026-07-10 15:49:13.845   Successfully installed the file.
2026-07-10 15:49:13.845   -- File entry --
2026-07-10 15:49:13.845   Dest filename: C:\JL\mc\lib\gcc\or32-uclinux\3.4.4\install-tools\include\stdbool.h
2026-07-10 15:49:13.845   Time stamp of our file: 2008-02-25 13:33:12.000
2026-07-10 15:49:13.845   Installing the file.
2026-07-10 15:49:13.846   Successfully installed the file.
2026-07-10 15:49:13.846   -- File entry --
2026-07-10 15:49:13.846   Dest filename: C:\JL\mc\lib\gcc\or32-uclinux\3.4.4\install-tools\include\stddef.h
2026-07-10 15:49:13.846   Time stamp of our file: 2008-02-25 13:33:12.000
2026-07-10 15:49:13.846   Installing the file.
2026-07-10 15:49:13.849   Successfully installed the file.
2026-07-10 15:49:13.849   -- File entry --
2026-07-10 15:49:13.849   Dest filename: C:\JL\mc\lib\gcc\or32-uclinux\3.4.4\install-tools\include\unwind.h
2026-07-10 15:49:13.849   Time stamp of our file: 2008-02-25 13:33:12.000
2026-07-10 15:49:13.849   Installing the file.
2026-07-10 15:49:13.850   Successfully installed the file.
2026-07-10 15:49:13.850   -- File entry --
2026-07-10 15:49:13.850   Dest filename: C:\JL\mc\lib\gcc\or32-uclinux\3.4.4\install-tools\include\varargs.h
2026-07-10 15:49:13.850   Time stamp of our file: 2008-02-25 13:33:12.000
2026-07-10 15:49:13.850   Installing the file.
2026-07-10 15:49:13.851   Successfully installed the file.
2026-07-10 15:49:13.851   -- File entry --
2026-07-10 15:49:13.851   Dest filename: C:\JL\mc\libexec\gcc\or32-uclinux\3.4.4\cc1.exe
2026-07-10 15:49:13.852   Time stamp of our file: 2008-02-25 13:33:08.000
2026-07-10 15:49:13.852   Installing the file.
2026-07-10 15:49:13.852   Creating directory: C:\JL\mc\libexec
2026-07-10 15:49:13.852   Creating directory: C:\JL\mc\libexec\gcc
2026-07-10 15:49:13.852   Creating directory: C:\JL\mc\libexec\gcc\or32-uclinux
2026-07-10 15:49:13.853   Creating directory: C:\JL\mc\libexec\gcc\or32-uclinux\3.4.4
2026-07-10 15:49:14.013   Successfully installed the file.
2026-07-10 15:49:14.013   -- File entry --
2026-07-10 15:49:14.013   Dest filename: C:\JL\mc\libexec\gcc\or32-uclinux\3.4.4\collect2.exe
2026-07-10 15:49:14.013   Time stamp of our file: 2008-02-25 13:33:10.000
2026-07-10 15:49:14.013   Installing the file.
2026-07-10 15:49:14.020   Successfully installed the file.
2026-07-10 15:49:14.020   -- File entry --
2026-07-10 15:49:14.020   Dest filename: C:\JL\mc\libexec\gcc\or32-uclinux\3.4.4\crt0.o
2026-07-10 15:49:14.021   Time stamp of our file: 2012-05-15 12:52:56.000
2026-07-10 15:49:14.021   Installing the file.
2026-07-10 15:49:14.022   Successfully installed the file.
2026-07-10 15:49:14.022   -- File entry --
2026-07-10 15:49:14.022   Dest filename: C:\JL\mc\libexec\gcc\or32-uclinux\3.4.4\crti.o
2026-07-10 15:49:14.022   Time stamp of our file: 2012-05-15 12:52:56.000
2026-07-10 15:49:14.022   Installing the file.
2026-07-10 15:49:14.024   Successfully installed the file.
2026-07-10 15:49:14.024   -- File entry --
2026-07-10 15:49:14.024   Dest filename: C:\JL\mc\libexec\gcc\or32-uclinux\3.4.4\install-tools\fixinc.sh
2026-07-10 15:49:14.024   Time stamp of our file: 2008-02-25 13:33:12.000
2026-07-10 15:49:14.024   Installing the file.
2026-07-10 15:49:14.024   Creating directory: C:\JL\mc\libexec\gcc\or32-uclinux\3.4.4\install-tools
2026-07-10 15:49:14.025   Successfully installed the file.
2026-07-10 15:49:14.026   -- File entry --
2026-07-10 15:49:14.026   Dest filename: C:\JL\mc\libexec\gcc\or32-uclinux\3.4.4\install-tools\fixincl.exe
2026-07-10 15:49:14.026   Time stamp of our file: 2008-02-25 13:33:12.000
2026-07-10 15:49:14.026   Installing the file.
2026-07-10 15:49:14.033   Successfully installed the file.
2026-07-10 15:49:14.033   -- File entry --
2026-07-10 15:49:14.034   Dest filename: C:\JL\mc\libexec\gcc\or32-uclinux\3.4.4\install-tools\mkheaders
2026-07-10 15:49:14.034   Time stamp of our file: 2008-02-25 13:33:12.000
2026-07-10 15:49:14.034   Installing the file.
2026-07-10 15:49:14.035   Successfully installed the file.
2026-07-10 15:49:14.035   -- File entry --
2026-07-10 15:49:14.036   Dest filename: C:\JL\mc\new\chip.cfg
2026-07-10 15:49:14.036   Time stamp of our file: 2015-03-11 14:15:48.000
2026-07-10 15:49:14.036   Installing the file.
2026-07-10 15:49:14.037   Successfully installed the file.
2026-07-10 15:49:14.037   -- File entry --
2026-07-10 15:49:14.037   Dest filename: C:\JL\mc\new\cygexpat-1.dll
2026-07-10 15:49:14.038   Time stamp of our file: 2008-05-09 12:03:16.000
2026-07-10 15:49:14.038   Installing the file.
2026-07-10 15:49:14.042   Successfully installed the file.
2026-07-10 15:49:14.042   -- File entry --
2026-07-10 15:49:14.043   Dest filename: C:\JL\mc\new\cyggcc_s-1.dll
2026-07-10 15:49:14.043   Time stamp of our file: 2011-10-26 12:26:36.000
2026-07-10 15:49:14.043   Installing the file.
2026-07-10 15:49:14.046   Successfully installed the file.
2026-07-10 15:49:14.046   -- File entry --
2026-07-10 15:49:14.047   Dest filename: C:\JL\mc\new\cygiconv-2.dll
2026-07-10 15:49:14.047   Time stamp of our file: 2011-10-17 01:20:06.000
2026-07-10 15:49:14.047   Installing the file.
2026-07-10 15:49:14.089   Successfully installed the file.
2026-07-10 15:49:14.089   -- File entry --
2026-07-10 15:49:14.089   Dest filename: C:\JL\mc\new\cygintl-8.dll
2026-07-10 15:49:14.089   Time stamp of our file: 2011-10-16 14:55:56.000
2026-07-10 15:49:14.089   Installing the file.
2026-07-10 15:49:14.091   Successfully installed the file.
2026-07-10 15:49:14.091   -- File entry --
2026-07-10 15:49:14.092   Dest filename: C:\JL\mc\new\cygioperm-0.dll
2026-07-10 15:49:14.092   Time stamp of our file: 2003-02-17 11:58:50.000
2026-07-10 15:49:14.092   Installing the file.
2026-07-10 15:49:14.094   Successfully installed the file.
2026-07-10 15:49:14.094   -- File entry --
2026-07-10 15:49:14.094   Dest filename: C:\JL\mc\new\cygncurses-10.dll
2026-07-10 15:49:14.094   Time stamp of our file: 2010-01-02 23:23:10.000
2026-07-10 15:49:14.094   Installing the file.
2026-07-10 15:49:14.100   Successfully installed the file.
2026-07-10 15:49:14.100   -- File entry --
2026-07-10 15:49:14.100   Dest filename: C:\JL\mc\new\cygncursesw-10.dll
2026-07-10 15:49:14.100   Time stamp of our file: 2010-01-03 04:35:44.000
2026-07-10 15:49:14.100   Installing the file.
2026-07-10 15:49:14.106   Successfully installed the file.
2026-07-10 15:49:14.106   -- File entry --
2026-07-10 15:49:14.106   Dest filename: C:\JL\mc\new\cygpopt-0.dll
2026-07-10 15:49:14.106   Time stamp of our file: 2002-06-08 21:50:14.000
2026-07-10 15:49:14.106   Installing the file.
2026-07-10 15:49:14.108   Successfully installed the file.
2026-07-10 15:49:14.108   -- File entry --
2026-07-10 15:49:14.108   Dest filename: C:\JL\mc\new\cygreadline7.dll
2026-07-10 15:49:14.108   Time stamp of our file: 2012-05-05 05:07:16.000
2026-07-10 15:49:14.108   Installing the file.
2026-07-10 15:49:14.113   Successfully installed the file.
2026-07-10 15:49:14.113   -- File entry --
2026-07-10 15:49:14.113   Dest filename: C:\JL\mc\new\cygwin1.dll
2026-07-10 15:49:14.114   Time stamp of our file: 2012-04-25 15:42:06.000
2026-07-10 15:49:14.114   Installing the file.
2026-07-10 15:49:14.177   Successfully installed the file.
2026-07-10 15:49:14.177   -- File entry --
2026-07-10 15:49:14.178   Dest filename: C:\JL\mc\new\cygz.dll
2026-07-10 15:49:14.178   Time stamp of our file: 2012-05-13 12:15:18.000
2026-07-10 15:49:14.178   Installing the file.
2026-07-10 15:49:14.182   Successfully installed the file.
2026-07-10 15:49:14.182   -- File entry --
2026-07-10 15:49:14.182   Dest filename: C:\JL\mc\new\jp2.exe
2026-07-10 15:49:14.182   Time stamp of our file: 2014-11-06 11:51:58.000
2026-07-10 15:49:14.183   Installing the file.
2026-07-10 15:49:14.186   Successfully installed the file.
2026-07-10 15:49:14.186   -- File entry --
2026-07-10 15:49:14.186   Dest filename: C:\JL\mc\new\jtag_dll.dll
2026-07-10 15:49:14.186   Time stamp of our file: 2012-10-16 17:35:00.000
2026-07-10 15:49:14.186   Installing the file.
2026-07-10 15:49:14.191   Successfully installed the file.
2026-07-10 15:49:14.191   -- File entry --
2026-07-10 15:49:14.191   Dest filename: C:\JL\mc\new\main.or32
2026-07-10 15:49:14.191   Time stamp of our file: 2012-10-24 16:10:00.000
2026-07-10 15:49:14.191   Installing the file.
2026-07-10 15:49:14.193   Successfully installed the file.
2026-07-10 15:49:14.193   -- File entry --
2026-07-10 15:49:14.193   Dest filename: C:\JL\mc\new\mc-elf-gdb.exe
2026-07-10 15:49:14.193   Time stamp of our file: 2012-09-13 14:28:30.000
2026-07-10 15:49:14.193   Installing the file.
2026-07-10 15:49:14.402   Successfully installed the file.
2026-07-10 15:49:14.402   -- File entry --
2026-07-10 15:49:14.402   Dest filename: C:\JL\mc\new\mc-elf-gdbtui.exe
2026-07-10 15:49:14.402   Time stamp of our file: 2012-09-13 14:28:30.000
2026-07-10 15:49:14.402   Installing the file.
2026-07-10 15:49:14.604   Successfully installed the file.
2026-07-10 15:49:14.604   -- File entry --
2026-07-10 15:49:14.604   Dest filename: C:\JL\mc\new\mc-uclinux-sim.exe
2026-07-10 15:49:14.605   Time stamp of our file: 2012-05-15 19:18:12.000
2026-07-10 15:49:14.605   Installing the file.
2026-07-10 15:49:14.632   Successfully installed the file.
2026-07-10 15:49:14.632   -- File entry --
2026-07-10 15:49:14.632   Dest filename: C:\JL\mc\new\or32-elf-run.exe
2026-07-10 15:49:14.633   Time stamp of our file: 2012-09-13 14:28:28.000
2026-07-10 15:49:14.633   Installing the file.
2026-07-10 15:49:14.669   Successfully installed the file.
2026-07-10 15:49:14.669   -- File entry --
2026-07-10 15:49:14.669   Dest filename: C:\JL\mc\new\orp.cfg
2026-07-10 15:49:14.671   Time stamp of our file: 2012-06-07 17:08:58.000
2026-07-10 15:49:14.671   Installing the file.
2026-07-10 15:49:14.672   Successfully installed the file.
2026-07-10 15:49:14.672   -- File entry --
2026-07-10 15:49:14.672   Dest filename: C:\JL\mc\new\xxd.exe
2026-07-10 15:49:14.672   Time stamp of our file: 2012-02-22 09:16:30.000
2026-07-10 15:49:14.672   Installing the file.
2026-07-10 15:49:14.673   Successfully installed the file.
2026-07-10 15:49:14.673   -- File entry --
2026-07-10 15:49:14.673   Dest filename: C:\JL\mc\or32-uclinux\bin\ar.exe
2026-07-10 15:49:14.673   Time stamp of our file: 2008-02-25 11:44:48.000
2026-07-10 15:49:14.673   Installing the file.
2026-07-10 15:49:14.674   Creating directory: C:\JL\mc\or32-uclinux
2026-07-10 15:49:14.674   Creating directory: C:\JL\mc\or32-uclinux\bin
2026-07-10 15:49:14.696   Successfully installed the file.
2026-07-10 15:49:14.696   -- File entry --
2026-07-10 15:49:14.696   Dest filename: C:\JL\mc\or32-uclinux\bin\as.exe
2026-07-10 15:49:14.696   Time stamp of our file: 2008-02-25 11:45:10.000
2026-07-10 15:49:14.696   Installing the file.
2026-07-10 15:49:14.720   Successfully installed the file.
2026-07-10 15:49:14.720   -- File entry --
2026-07-10 15:49:14.720   Dest filename: C:\JL\mc\or32-uclinux\bin\gcc.exe
2026-07-10 15:49:14.720   Time stamp of our file: 2008-02-25 13:33:24.000
2026-07-10 15:49:14.720   Installing the file.
2026-07-10 15:49:14.726   Successfully installed the file.
2026-07-10 15:49:14.727   -- File entry --
2026-07-10 15:49:14.727   Dest filename: C:\JL\mc\or32-uclinux\bin\ld.exe
2026-07-10 15:49:14.727   Time stamp of our file: 2008-02-25 11:45:18.000
2026-07-10 15:49:14.727   Installing the file.
2026-07-10 15:49:14.754   Successfully installed the file.
2026-07-10 15:49:14.754   -- File entry --
2026-07-10 15:49:14.754   Dest filename: C:\JL\mc\or32-uclinux\bin\nm.exe
2026-07-10 15:49:14.755   Time stamp of our file: 2008-02-25 11:44:56.000
2026-07-10 15:49:14.755   Installing the file.
2026-07-10 15:49:14.770   Successfully installed the file.
2026-07-10 15:49:14.770   -- File entry --
2026-07-10 15:49:14.770   Dest filename: C:\JL\mc\or32-uclinux\bin\objdump.exe
2026-07-10 15:49:14.770   Time stamp of our file: 2008-02-25 11:44:46.000
2026-07-10 15:49:14.770   Installing the file.
2026-07-10 15:49:14.796   Successfully installed the file.
2026-07-10 15:49:14.796   -- File entry --
2026-07-10 15:49:14.796   Dest filename: C:\JL\mc\or32-uclinux\bin\ranlib.exe
2026-07-10 15:49:14.796   Time stamp of our file: 2008-02-25 11:44:50.000
2026-07-10 15:49:14.796   Installing the file.
2026-07-10 15:49:14.811   Successfully installed the file.
2026-07-10 15:49:14.811   -- File entry --
2026-07-10 15:49:14.811   Dest filename: C:\JL\mc\or32-uclinux\bin\strip.exe
2026-07-10 15:49:14.812   Time stamp of our file: 2008-02-25 11:44:58.000
2026-07-10 15:49:14.812   Installing the file.
2026-07-10 15:49:14.832   Successfully installed the file.
2026-07-10 15:49:14.832   -- File entry --
2026-07-10 15:49:14.832   Dest filename: C:\JL\mc\or32-uclinux\lib\ldscripts\or32elf.x
2026-07-10 15:49:14.833   Time stamp of our file: 2008-02-25 11:45:18.000
2026-07-10 15:49:14.833   Installing the file.
2026-07-10 15:49:14.833   Creating directory: C:\JL\mc\or32-uclinux\lib
2026-07-10 15:49:14.833   Creating directory: C:\JL\mc\or32-uclinux\lib\ldscripts
2026-07-10 15:49:14.834   Successfully installed the file.
2026-07-10 15:49:14.834   -- File entry --
2026-07-10 15:49:14.834   Dest filename: C:\JL\mc\or32-uclinux\lib\ldscripts\or32elf.xbn
2026-07-10 15:49:14.835   Time stamp of our file: 2008-02-25 11:45:18.000
2026-07-10 15:49:14.835   Installing the file.
2026-07-10 15:49:14.836   Successfully installed the file.
2026-07-10 15:49:14.836   -- File entry --
2026-07-10 15:49:14.836   Dest filename: C:\JL\mc\or32-uclinux\lib\ldscripts\or32elf.xc
2026-07-10 15:49:14.836   Time stamp of our file: 2008-02-25 11:45:18.000
2026-07-10 15:49:14.836   Installing the file.
2026-07-10 15:49:14.837   Successfully installed the file.
2026-07-10 15:49:14.837   -- File entry --
2026-07-10 15:49:14.837   Dest filename: C:\JL\mc\or32-uclinux\lib\ldscripts\or32elf.xn
2026-07-10 15:49:14.837   Time stamp of our file: 2008-02-25 11:45:18.000
2026-07-10 15:49:14.837   Installing the file.
2026-07-10 15:49:14.838   Successfully installed the file.
2026-07-10 15:49:14.838   -- File entry --
2026-07-10 15:49:14.838   Dest filename: C:\JL\mc\or32-uclinux\lib\ldscripts\or32elf.xr
2026-07-10 15:49:14.839   Time stamp of our file: 2008-02-25 11:45:18.000
2026-07-10 15:49:14.839   Installing the file.
2026-07-10 15:49:14.840   Successfully installed the file.
2026-07-10 15:49:14.840   -- File entry --
2026-07-10 15:49:14.841   Dest filename: C:\JL\mc\or32-uclinux\lib\ldscripts\or32elf.xu
2026-07-10 15:49:14.841   Time stamp of our file: 2008-02-25 11:45:18.000
2026-07-10 15:49:14.841   Installing the file.
2026-07-10 15:49:14.842   Successfully installed the file.
2026-07-10 15:49:14.842   -- File entry --
2026-07-10 15:49:14.842   Dest filename: C:\JL\mc\or32-uclinux\lib\ldscripts\or32elf.xw
2026-07-10 15:49:14.843   Time stamp of our file: 2008-02-25 11:45:18.000
2026-07-10 15:49:14.843   Installing the file.
2026-07-10 15:49:14.844   Successfully installed the file.
2026-07-10 15:49:14.844   -- File entry --
2026-07-10 15:49:14.844   Dest filename: C:\JL\mc\share\gdb\syscalls\amd64-linux.xml
2026-07-10 15:49:14.845   Time stamp of our file: 2012-06-18 19:56:06.000
2026-07-10 15:49:14.845   Installing the file.
2026-07-10 15:49:14.845   Creating directory: C:\JL\mc\share\gdb\syscalls
2026-07-10 15:49:14.846   Successfully installed the file.
2026-07-10 15:49:14.846   -- File entry --
2026-07-10 15:49:14.846   Dest filename: C:\JL\mc\share\gdb\syscalls\gdb-syscalls.dtd
2026-07-10 15:49:14.847   Time stamp of our file: 2012-06-18 19:56:06.000
2026-07-10 15:49:14.847   Installing the file.
2026-07-10 15:49:14.848   Successfully installed the file.
2026-07-10 15:49:14.848   -- File entry --
2026-07-10 15:49:14.848   Dest filename: C:\JL\mc\share\gdb\syscalls\i386-linux.xml
2026-07-10 15:49:14.848   Time stamp of our file: 2012-06-18 19:56:06.000
2026-07-10 15:49:14.848   Installing the file.
2026-07-10 15:49:14.850   Successfully installed the file.
2026-07-10 15:49:14.850   -- File entry --
2026-07-10 15:49:14.850   Dest filename: C:\JL\mc\share\gdb\syscalls\ppc-linux.xml
2026-07-10 15:49:14.850   Time stamp of our file: 2012-06-18 19:56:06.000
2026-07-10 15:49:14.850   Installing the file.
2026-07-10 15:49:14.850   Successfully installed the file.
2026-07-10 15:49:14.850   -- File entry --
2026-07-10 15:49:14.850   Dest filename: C:\JL\mc\share\gdb\syscalls\ppc64-linux.xml
2026-07-10 15:49:14.850   Time stamp of our file: 2012-06-18 19:56:06.000
2026-07-10 15:49:14.851   Installing the file.
2026-07-10 15:49:14.851   Successfully installed the file.
2026-07-10 15:49:14.851   -- File entry --
2026-07-10 15:49:14.852   Dest filename: C:\JL\mc\share\gdb\syscalls\sparc-linux.xml
2026-07-10 15:49:14.852   Time stamp of our file: 2012-06-18 19:56:06.000
2026-07-10 15:49:14.852   Installing the file.
2026-07-10 15:49:14.853   Successfully installed the file.
2026-07-10 15:49:14.853   -- File entry --
2026-07-10 15:49:14.853   Dest filename: C:\JL\mc\share\gdb\syscalls\sparc64-linux.xml
2026-07-10 15:49:14.854   Time stamp of our file: 2012-06-18 19:56:06.000
2026-07-10 15:49:14.854   Installing the file.
2026-07-10 15:49:14.855   Successfully installed the file.
2026-07-10 15:49:14.855   -- File entry --
2026-07-10 15:49:14.855   Dest filename: C:\JL\mc\share\info\annotate.info
2026-07-10 15:49:14.855   Time stamp of our file: 2012-06-18 19:56:08.000
2026-07-10 15:49:14.855   Installing the file.
2026-07-10 15:49:14.855   Creating directory: C:\JL\mc\share\info
2026-07-10 15:49:14.859   Successfully installed the file.
2026-07-10 15:49:14.859   -- File entry --
2026-07-10 15:49:14.859   Dest filename: C:\JL\mc\share\info\bfd.info
2026-07-10 15:49:14.860   Time stamp of our file: 2012-06-18 19:55:30.000
2026-07-10 15:49:14.860   Installing the file.
2026-07-10 15:49:14.867   Successfully installed the file.
2026-07-10 15:49:14.868   -- File entry --
2026-07-10 15:49:14.868   Dest filename: C:\JL\mc\share\info\configure.info
2026-07-10 15:49:14.868   Time stamp of our file: 2012-06-18 19:55:54.000
2026-07-10 15:49:14.868   Installing the file.
2026-07-10 15:49:14.870   Successfully installed the file.
2026-07-10 15:49:14.871   -- File entry --
2026-07-10 15:49:14.871   Dest filename: C:\JL\mc\share\info\dir
2026-07-10 15:49:14.871   Time stamp of our file: 2012-06-18 19:56:08.000
2026-07-10 15:49:14.871   Installing the file.
2026-07-10 15:49:14.872   Successfully installed the file.
2026-07-10 15:49:14.872   -- File entry --
2026-07-10 15:49:14.872   Dest filename: C:\JL\mc\share\info\gdb.info
2026-07-10 15:49:14.873   Time stamp of our file: 2012-06-18 19:56:08.000
2026-07-10 15:49:14.873   Installing the file.
2026-07-10 15:49:14.898   Successfully installed the file.
2026-07-10 15:49:14.898   -- File entry --
2026-07-10 15:49:14.898   Dest filename: C:\JL\mc\share\info\gdbint.info
2026-07-10 15:49:14.898   Time stamp of our file: 2012-06-18 19:56:08.000
2026-07-10 15:49:14.898   Installing the file.
2026-07-10 15:49:14.905   Successfully installed the file.
2026-07-10 15:49:14.905   -- File entry --
2026-07-10 15:49:14.905   Dest filename: C:\JL\mc\share\info\stabs.info
2026-07-10 15:49:14.905   Time stamp of our file: 2012-06-18 19:56:08.000
2026-07-10 15:49:14.905   Installing the file.
2026-07-10 15:49:14.909   Successfully installed the file.
2026-07-10 15:49:14.909   -- File entry --
2026-07-10 15:49:14.909   Dest filename: C:\JL\mc\share\info\standards.info
2026-07-10 15:49:14.909   Time stamp of our file: 2012-06-18 19:55:54.000
2026-07-10 15:49:14.909   Installing the file.
2026-07-10 15:49:14.915   Successfully installed the file.
2026-07-10 15:49:14.915   -- File entry --
2026-07-10 15:49:14.915   Dest filename: C:\JL\mc\share\locale\be\LC_MESSAGES\gcc.mo
2026-07-10 15:49:14.915   Time stamp of our file: 2008-02-25 13:33:20.000
2026-07-10 15:49:14.915   Installing the file.
2026-07-10 15:49:14.915   Creating directory: C:\JL\mc\share\locale
2026-07-10 15:49:14.916   Creating directory: C:\JL\mc\share\locale\be
2026-07-10 15:49:14.916   Creating directory: C:\JL\mc\share\locale\be\LC_MESSAGES
2026-07-10 15:49:14.918   Successfully installed the file.
2026-07-10 15:49:14.918   -- File entry --
2026-07-10 15:49:14.918   Dest filename: C:\JL\mc\share\locale\ca\LC_MESSAGES\gcc.mo
2026-07-10 15:49:14.918   Time stamp of our file: 2008-02-25 13:33:20.000
2026-07-10 15:49:14.918   Installing the file.
2026-07-10 15:49:14.918   Creating directory: C:\JL\mc\share\locale\ca
2026-07-10 15:49:14.919   Creating directory: C:\JL\mc\share\locale\ca\LC_MESSAGES
2026-07-10 15:49:14.926   Successfully installed the file.
2026-07-10 15:49:14.926   -- File entry --
2026-07-10 15:49:14.926   Dest filename: C:\JL\mc\share\locale\da\LC_MESSAGES\bfd.mo
2026-07-10 15:49:14.926   Time stamp of our file: 2012-06-18 19:55:36.000
2026-07-10 15:49:14.926   Installing the file.
2026-07-10 15:49:14.926   Creating directory: C:\JL\mc\share\locale\da
2026-07-10 15:49:14.927   Creating directory: C:\JL\mc\share\locale\da\LC_MESSAGES
2026-07-10 15:49:14.929   Successfully installed the file.
2026-07-10 15:49:14.929   -- File entry --
2026-07-10 15:49:14.929   Dest filename: C:\JL\mc\share\locale\da\LC_MESSAGES\binutils.mo
2026-07-10 15:49:14.929   Time stamp of our file: 2008-02-25 11:44:42.000
2026-07-10 15:49:14.929   Installing the file.
2026-07-10 15:49:14.932   Successfully installed the file.
2026-07-10 15:49:14.932   -- File entry --
2026-07-10 15:49:14.932   Dest filename: C:\JL\mc\share\locale\da\LC_MESSAGES\gcc.mo
2026-07-10 15:49:14.932   Time stamp of our file: 2008-02-25 13:33:22.000
2026-07-10 15:49:14.932   Installing the file.
2026-07-10 15:49:14.939   Successfully installed the file.
2026-07-10 15:49:14.939   -- File entry --
2026-07-10 15:49:14.939   Dest filename: C:\JL\mc\share\locale\da\LC_MESSAGES\ld.mo
2026-07-10 15:49:14.939   Time stamp of our file: 2008-02-25 11:45:14.000
2026-07-10 15:49:14.939   Installing the file.
2026-07-10 15:49:14.941   Successfully installed the file.
2026-07-10 15:49:14.941   -- File entry --
2026-07-10 15:49:14.941   Dest filename: C:\JL\mc\share\locale\da\LC_MESSAGES\opcodes.mo
2026-07-10 15:49:14.941   Time stamp of our file: 2012-06-18 19:55:48.000
2026-07-10 15:49:14.941   Installing the file.
2026-07-10 15:49:14.942   Successfully installed the file.
2026-07-10 15:49:14.943   -- File entry --
2026-07-10 15:49:14.943   Dest filename: C:\JL\mc\share\locale\de\LC_MESSAGES\gcc.mo
2026-07-10 15:49:14.943   Time stamp of our file: 2008-02-25 13:33:22.000
2026-07-10 15:49:14.943   Installing the file.
2026-07-10 15:49:14.943   Creating directory: C:\JL\mc\share\locale\de
2026-07-10 15:49:14.943   Creating directory: C:\JL\mc\share\locale\de\LC_MESSAGES
2026-07-10 15:49:14.952   Successfully installed the file.
2026-07-10 15:49:14.952   -- File entry --
2026-07-10 15:49:14.954   Dest filename: C:\JL\mc\share\locale\de\LC_MESSAGES\opcodes.mo
2026-07-10 15:49:14.954   Time stamp of our file: 2012-06-18 19:55:48.000
2026-07-10 15:49:14.954   Installing the file.
2026-07-10 15:49:14.955   Successfully installed the file.
2026-07-10 15:49:14.955   -- File entry --
2026-07-10 15:49:14.955   Dest filename: C:\JL\mc\share\locale\el\LC_MESSAGES\gcc.mo
2026-07-10 15:49:14.955   Time stamp of our file: 2008-02-25 13:33:22.000
2026-07-10 15:49:14.955   Installing the file.
2026-07-10 15:49:14.955   Creating directory: C:\JL\mc\share\locale\el
2026-07-10 15:49:14.956   Creating directory: C:\JL\mc\share\locale\el\LC_MESSAGES
2026-07-10 15:49:14.957   Successfully installed the file.
2026-07-10 15:49:14.958   -- File entry --
2026-07-10 15:49:14.958   Dest filename: C:\JL\mc\share\locale\es\LC_MESSAGES\bfd.mo
2026-07-10 15:49:14.958   Time stamp of our file: 2012-06-18 19:55:36.000
2026-07-10 15:49:14.958   Installing the file.
2026-07-10 15:49:14.958   Creating directory: C:\JL\mc\share\locale\es
2026-07-10 15:49:14.958   Creating directory: C:\JL\mc\share\locale\es\LC_MESSAGES
2026-07-10 15:49:14.961   Successfully installed the file.
2026-07-10 15:49:14.961   -- File entry --
2026-07-10 15:49:14.961   Dest filename: C:\JL\mc\share\locale\es\LC_MESSAGES\binutils.mo
2026-07-10 15:49:14.961   Time stamp of our file: 2008-02-25 11:44:40.000
2026-07-10 15:49:14.962   Installing the file.
2026-07-10 15:49:14.964   Successfully installed the file.
2026-07-10 15:49:14.964   -- File entry --
2026-07-10 15:49:14.964   Dest filename: C:\JL\mc\share\locale\es\LC_MESSAGES\gas.mo
2026-07-10 15:49:14.964   Time stamp of our file: 2008-02-25 11:45:08.000
2026-07-10 15:49:14.964   Installing the file.
2026-07-10 15:49:14.971   Successfully installed the file.
2026-07-10 15:49:14.971   -- File entry --
2026-07-10 15:49:14.971   Dest filename: C:\JL\mc\share\locale\es\LC_MESSAGES\gcc.mo
2026-07-10 15:49:14.971   Time stamp of our file: 2008-02-25 13:33:22.000
2026-07-10 15:49:14.971   Installing the file.
2026-07-10 15:49:14.980   Successfully installed the file.
2026-07-10 15:49:14.980   -- File entry --
2026-07-10 15:49:14.980   Dest filename: C:\JL\mc\share\locale\es\LC_MESSAGES\ld.mo
2026-07-10 15:49:14.980   Time stamp of our file: 2008-02-25 11:45:14.000
2026-07-10 15:49:14.980   Installing the file.
2026-07-10 15:49:14.982   Successfully installed the file.
2026-07-10 15:49:14.982   -- File entry --
2026-07-10 15:49:14.982   Dest filename: C:\JL\mc\share\locale\es\LC_MESSAGES\opcodes.mo
2026-07-10 15:49:14.982   Time stamp of our file: 2012-06-18 19:55:48.000
2026-07-10 15:49:14.982   Installing the file.
2026-07-10 15:49:14.984   Successfully installed the file.
2026-07-10 15:49:14.984   -- File entry --
2026-07-10 15:49:14.984   Dest filename: C:\JL\mc\share\locale\fi\LC_MESSAGES\bfd.mo
2026-07-10 15:49:14.984   Time stamp of our file: 2012-06-18 19:55:36.000
2026-07-10 15:49:14.984   Installing the file.
2026-07-10 15:49:14.985   Creating directory: C:\JL\mc\share\locale\fi
2026-07-10 15:49:14.985   Creating directory: C:\JL\mc\share\locale\fi\LC_MESSAGES
2026-07-10 15:49:14.987   Successfully installed the file.
2026-07-10 15:49:14.988   -- File entry --
2026-07-10 15:49:14.988   Dest filename: C:\JL\mc\share\locale\fi\LC_MESSAGES\opcodes.mo
2026-07-10 15:49:14.988   Time stamp of our file: 2012-06-18 19:55:50.000
2026-07-10 15:49:14.988   Installing the file.
2026-07-10 15:49:14.989   Successfully installed the file.
2026-07-10 15:49:14.989   -- File entry --
2026-07-10 15:49:14.989   Dest filename: C:\JL\mc\share\locale\fr\LC_MESSAGES\bfd.mo
2026-07-10 15:49:14.989   Time stamp of our file: 2012-06-18 19:55:36.000
2026-07-10 15:49:14.989   Installing the file.
2026-07-10 15:49:14.989   Creating directory: C:\JL\mc\share\locale\fr
2026-07-10 15:49:14.990   Creating directory: C:\JL\mc\share\locale\fr\LC_MESSAGES
2026-07-10 15:49:14.993   Successfully installed the file.
2026-07-10 15:49:14.993   -- File entry --
2026-07-10 15:49:14.993   Dest filename: C:\JL\mc\share\locale\fr\LC_MESSAGES\binutils.mo
2026-07-10 15:49:14.994   Time stamp of our file: 2008-02-25 11:44:40.000
2026-07-10 15:49:14.994   Installing the file.
2026-07-10 15:49:14.996   Successfully installed the file.
2026-07-10 15:49:14.996   -- File entry --
2026-07-10 15:49:14.996   Dest filename: C:\JL\mc\share\locale\fr\LC_MESSAGES\gas.mo
2026-07-10 15:49:14.996   Time stamp of our file: 2008-02-25 11:45:08.000
2026-07-10 15:49:14.996   Installing the file.
2026-07-10 15:49:15.000   Successfully installed the file.
2026-07-10 15:49:15.001   -- File entry --
2026-07-10 15:49:15.001   Dest filename: C:\JL\mc\share\locale\fr\LC_MESSAGES\gcc.mo
2026-07-10 15:49:15.001   Time stamp of our file: 2008-02-25 13:33:22.000
2026-07-10 15:49:15.001   Installing the file.
2026-07-10 15:49:15.009   Successfully installed the file.
2026-07-10 15:49:15.009   -- File entry --
2026-07-10 15:49:15.009   Dest filename: C:\JL\mc\share\locale\fr\LC_MESSAGES\ld.mo
2026-07-10 15:49:15.009   Time stamp of our file: 2008-02-25 11:45:14.000
2026-07-10 15:49:15.009   Installing the file.
2026-07-10 15:49:15.010   Successfully installed the file.
2026-07-10 15:49:15.010   -- File entry --
2026-07-10 15:49:15.011   Dest filename: C:\JL\mc\share\locale\fr\LC_MESSAGES\opcodes.mo
2026-07-10 15:49:15.011   Time stamp of our file: 2012-06-18 19:55:50.000
2026-07-10 15:49:15.011   Installing the file.
2026-07-10 15:49:15.012   Successfully installed the file.
2026-07-10 15:49:15.012   -- File entry --
2026-07-10 15:49:15.012   Dest filename: C:\JL\mc\share\locale\ga\LC_MESSAGES\opcodes.mo
2026-07-10 15:49:15.012   Time stamp of our file: 2012-06-18 19:55:50.000
2026-07-10 15:49:15.012   Installing the file.
2026-07-10 15:49:15.012   Creating directory: C:\JL\mc\share\locale\ga
2026-07-10 15:49:15.013   Creating directory: C:\JL\mc\share\locale\ga\LC_MESSAGES
2026-07-10 15:49:15.015   Successfully installed the file.
2026-07-10 15:49:15.015   -- File entry --
2026-07-10 15:49:15.015   Dest filename: C:\JL\mc\share\locale\gcc-3.4.3.rw\LC_MESSAGES\gcc.mo
2026-07-10 15:49:15.015   Time stamp of our file: 2008-02-25 13:33:22.000
2026-07-10 15:49:15.015   Installing the file.
2026-07-10 15:49:15.015   Creating directory: C:\JL\mc\share\locale\gcc-3.4.3.rw
2026-07-10 15:49:15.015   Creating directory: C:\JL\mc\share\locale\gcc-3.4.3.rw\LC_MESSAGES
2026-07-10 15:49:15.016   Successfully installed the file.
2026-07-10 15:49:15.016   -- File entry --
2026-07-10 15:49:15.016   Dest filename: C:\JL\mc\share\locale\id\LC_MESSAGES\bfd.mo
2026-07-10 15:49:15.018   Time stamp of our file: 2012-06-18 19:55:38.000
2026-07-10 15:49:15.018   Installing the file.
2026-07-10 15:49:15.018   Creating directory: C:\JL\mc\share\locale\id
2026-07-10 15:49:15.018   Creating directory: C:\JL\mc\share\locale\id\LC_MESSAGES
2026-07-10 15:49:15.021   Successfully installed the file.
2026-07-10 15:49:15.021   -- File entry --
2026-07-10 15:49:15.021   Dest filename: C:\JL\mc\share\locale\id\LC_MESSAGES\opcodes.mo
2026-07-10 15:49:15.021   Time stamp of our file: 2012-06-18 19:55:50.000
2026-07-10 15:49:15.021   Installing the file.
2026-07-10 15:49:15.023   Successfully installed the file.
2026-07-10 15:49:15.023   -- File entry --
2026-07-10 15:49:15.023   Dest filename: C:\JL\mc\share\locale\ja\LC_MESSAGES\bfd.mo
2026-07-10 15:49:15.023   Time stamp of our file: 2012-06-18 19:55:38.000
2026-07-10 15:49:15.023   Installing the file.
2026-07-10 15:49:15.024   Creating directory: C:\JL\mc\share\locale\ja
2026-07-10 15:49:15.024   Creating directory: C:\JL\mc\share\locale\ja\LC_MESSAGES
2026-07-10 15:49:15.026   Successfully installed the file.
2026-07-10 15:49:15.026   -- File entry --
2026-07-10 15:49:15.026   Dest filename: C:\JL\mc\share\locale\ja\LC_MESSAGES\binutils.mo
2026-07-10 15:49:15.026   Time stamp of our file: 2008-02-25 11:44:40.000
2026-07-10 15:49:15.026   Installing the file.
2026-07-10 15:49:15.029   Successfully installed the file.
2026-07-10 15:49:15.030   -- File entry --
2026-07-10 15:49:15.030   Dest filename: C:\JL\mc\share\locale\ja\LC_MESSAGES\gcc.mo
2026-07-10 15:49:15.030   Time stamp of our file: 2008-02-25 13:33:22.000
2026-07-10 15:49:15.030   Installing the file.
2026-07-10 15:49:15.034   Successfully installed the file.
2026-07-10 15:49:15.034   -- File entry --
2026-07-10 15:49:15.034   Dest filename: C:\JL\mc\share\locale\nl\LC_MESSAGES\gcc.mo
2026-07-10 15:49:15.035   Time stamp of our file: 2008-02-25 13:33:22.000
2026-07-10 15:49:15.035   Installing the file.
2026-07-10 15:49:15.035   Creating directory: C:\JL\mc\share\locale\nl
2026-07-10 15:49:15.035   Creating directory: C:\JL\mc\share\locale\nl\LC_MESSAGES
2026-07-10 15:49:15.037   Successfully installed the file.
2026-07-10 15:49:15.037   -- File entry --
2026-07-10 15:49:15.037   Dest filename: C:\JL\mc\share\locale\nl\LC_MESSAGES\opcodes.mo
2026-07-10 15:49:15.038   Time stamp of our file: 2012-06-18 19:55:50.000
2026-07-10 15:49:15.038   Installing the file.
2026-07-10 15:49:15.039   Successfully installed the file.
2026-07-10 15:49:15.039   -- File entry --
2026-07-10 15:49:15.039   Dest filename: C:\JL\mc\share\locale\pt_BR\LC_MESSAGES\opcodes.mo
2026-07-10 15:49:15.039   Time stamp of our file: 2012-06-18 19:55:50.000
2026-07-10 15:49:15.039   Installing the file.
2026-07-10 15:49:15.039   Creating directory: C:\JL\mc\share\locale\pt_BR
2026-07-10 15:49:15.040   Creating directory: C:\JL\mc\share\locale\pt_BR\LC_MESSAGES
2026-07-10 15:49:15.041   Successfully installed the file.
2026-07-10 15:49:15.041   -- File entry --
2026-07-10 15:49:15.041   Dest filename: C:\JL\mc\share\locale\ro\LC_MESSAGES\bfd.mo
2026-07-10 15:49:15.042   Time stamp of our file: 2012-06-18 19:55:38.000
2026-07-10 15:49:15.042   Installing the file.
2026-07-10 15:49:15.042   Creating directory: C:\JL\mc\share\locale\ro
2026-07-10 15:49:15.042   Creating directory: C:\JL\mc\share\locale\ro\LC_MESSAGES
2026-07-10 15:49:15.045   Successfully installed the file.
2026-07-10 15:49:15.045   -- File entry --
2026-07-10 15:49:15.045   Dest filename: C:\JL\mc\share\locale\ro\LC_MESSAGES\binutils.mo
2026-07-10 15:49:15.045   Time stamp of our file: 2008-02-25 11:44:42.000
2026-07-10 15:49:15.045   Installing the file.
2026-07-10 15:49:15.046   Successfully installed the file.
2026-07-10 15:49:15.046   -- File entry --
2026-07-10 15:49:15.046   Dest filename: C:\JL\mc\share\locale\ro\LC_MESSAGES\opcodes.mo
2026-07-10 15:49:15.046   Time stamp of our file: 2012-06-18 19:55:52.000
2026-07-10 15:49:15.046   Installing the file.
2026-07-10 15:49:15.047   Successfully installed the file.
2026-07-10 15:49:15.047   -- File entry --
2026-07-10 15:49:15.048   Dest filename: C:\JL\mc\share\locale\ru\LC_MESSAGES\bfd.mo
2026-07-10 15:49:15.048   Time stamp of our file: 2012-06-18 19:55:38.000
2026-07-10 15:49:15.048   Installing the file.
2026-07-10 15:49:15.048   Creating directory: C:\JL\mc\share\locale\ru
2026-07-10 15:49:15.048   Creating directory: C:\JL\mc\share\locale\ru\LC_MESSAGES
2026-07-10 15:49:15.052   Successfully installed the file.
2026-07-10 15:49:15.052   -- File entry --
2026-07-10 15:49:15.052   Dest filename: C:\JL\mc\share\locale\ru\LC_MESSAGES\binutils.mo
2026-07-10 15:49:15.052   Time stamp of our file: 2008-02-25 11:44:42.000
2026-07-10 15:49:15.052   Installing the file.
2026-07-10 15:49:15.054   Successfully installed the file.
2026-07-10 15:49:15.054   -- File entry --
2026-07-10 15:49:15.054   Dest filename: C:\JL\mc\share\locale\rw\LC_MESSAGES\bfd.mo
2026-07-10 15:49:15.055   Time stamp of our file: 2012-06-18 19:55:38.000
2026-07-10 15:49:15.055   Installing the file.
2026-07-10 15:49:15.055   Creating directory: C:\JL\mc\share\locale\rw
2026-07-10 15:49:15.055   Creating directory: C:\JL\mc\share\locale\rw\LC_MESSAGES
2026-07-10 15:49:15.057   Successfully installed the file.
2026-07-10 15:49:15.057   -- File entry --
2026-07-10 15:49:15.057   Dest filename: C:\JL\mc\share\locale\sv\LC_MESSAGES\bfd.mo
2026-07-10 15:49:15.057   Time stamp of our file: 2012-06-18 19:55:38.000
2026-07-10 15:49:15.057   Installing the file.
2026-07-10 15:49:15.058   Creating directory: C:\JL\mc\share\locale\sv
2026-07-10 15:49:15.058   Creating directory: C:\JL\mc\share\locale\sv\LC_MESSAGES
2026-07-10 15:49:15.060   Successfully installed the file.
2026-07-10 15:49:15.060   -- File entry --
2026-07-10 15:49:15.060   Dest filename: C:\JL\mc\share\locale\sv\LC_MESSAGES\binutils.mo
2026-07-10 15:49:15.060   Time stamp of our file: 2008-02-25 11:44:40.000
2026-07-10 15:49:15.060   Installing the file.
2026-07-10 15:49:15.063   Successfully installed the file.
2026-07-10 15:49:15.063   -- File entry --
2026-07-10 15:49:15.063   Dest filename: C:\JL\mc\share\locale\sv\LC_MESSAGES\gcc.mo
2026-07-10 15:49:15.063   Time stamp of our file: 2008-02-25 13:33:24.000
2026-07-10 15:49:15.063   Installing the file.
2026-07-10 15:49:15.066   Successfully installed the file.
2026-07-10 15:49:15.066   -- File entry --
2026-07-10 15:49:15.066   Dest filename: C:\JL\mc\share\locale\sv\LC_MESSAGES\ld.mo
2026-07-10 15:49:15.066   Time stamp of our file: 2008-02-25 11:45:14.000
2026-07-10 15:49:15.066   Installing the file.
2026-07-10 15:49:15.068   Successfully installed the file.
2026-07-10 15:49:15.068   -- File entry --
2026-07-10 15:49:15.068   Dest filename: C:\JL\mc\share\locale\sv\LC_MESSAGES\opcodes.mo
2026-07-10 15:49:15.068   Time stamp of our file: 2012-06-18 19:55:52.000
2026-07-10 15:49:15.068   Installing the file.
2026-07-10 15:49:15.070   Successfully installed the file.
2026-07-10 15:49:15.070   -- File entry --
2026-07-10 15:49:15.070   Dest filename: C:\JL\mc\share\locale\tr\LC_MESSAGES\bfd.mo
2026-07-10 15:49:15.071   Time stamp of our file: 2012-06-18 19:55:40.000
2026-07-10 15:49:15.071   Installing the file.
2026-07-10 15:49:15.071   Creating directory: C:\JL\mc\share\locale\tr
2026-07-10 15:49:15.071   Creating directory: C:\JL\mc\share\locale\tr\LC_MESSAGES
2026-07-10 15:49:15.073   Successfully installed the file.
2026-07-10 15:49:15.073   -- File entry --
2026-07-10 15:49:15.074   Dest filename: C:\JL\mc\share\locale\tr\LC_MESSAGES\binutils.mo
2026-07-10 15:49:15.074   Time stamp of our file: 2008-02-25 11:44:40.000
2026-07-10 15:49:15.074   Installing the file.
2026-07-10 15:49:15.076   Successfully installed the file.
2026-07-10 15:49:15.077   -- File entry --
2026-07-10 15:49:15.077   Dest filename: C:\JL\mc\share\locale\tr\LC_MESSAGES\gas.mo
2026-07-10 15:49:15.077   Time stamp of our file: 2008-02-25 11:45:08.000
2026-07-10 15:49:15.077   Installing the file.
2026-07-10 15:49:15.082   Successfully installed the file.
2026-07-10 15:49:15.082   -- File entry --
2026-07-10 15:49:15.082   Dest filename: C:\JL\mc\share\locale\tr\LC_MESSAGES\gcc.mo
2026-07-10 15:49:15.082   Time stamp of our file: 2008-02-25 13:33:24.000
2026-07-10 15:49:15.082   Installing the file.
2026-07-10 15:49:15.089   Successfully installed the file.
2026-07-10 15:49:15.089   -- File entry --
2026-07-10 15:49:15.089   Dest filename: C:\JL\mc\share\locale\tr\LC_MESSAGES\ld.mo
2026-07-10 15:49:15.089   Time stamp of our file: 2008-02-25 11:45:14.000
2026-07-10 15:49:15.089   Installing the file.
2026-07-10 15:49:15.092   Successfully installed the file.
2026-07-10 15:49:15.092   -- File entry --
2026-07-10 15:49:15.092   Dest filename: C:\JL\mc\share\locale\tr\LC_MESSAGES\opcodes.mo
2026-07-10 15:49:15.092   Time stamp of our file: 2012-06-18 19:55:52.000
2026-07-10 15:49:15.092   Installing the file.
2026-07-10 15:49:15.094   Successfully installed the file.
2026-07-10 15:49:15.094   -- File entry --
2026-07-10 15:49:15.094   Dest filename: C:\JL\mc\share\locale\vi\LC_MESSAGES\bfd.mo
2026-07-10 15:49:15.094   Time stamp of our file: 2012-06-18 19:55:40.000
2026-07-10 15:49:15.094   Installing the file.
2026-07-10 15:49:15.094   Creating directory: C:\JL\mc\share\locale\vi
2026-07-10 15:49:15.094   Creating directory: C:\JL\mc\share\locale\vi\LC_MESSAGES
2026-07-10 15:49:15.097   Successfully installed the file.
2026-07-10 15:49:15.097   -- File entry --
2026-07-10 15:49:15.097   Dest filename: C:\JL\mc\share\locale\vi\LC_MESSAGES\opcodes.mo
2026-07-10 15:49:15.097   Time stamp of our file: 2012-06-18 19:55:52.000
2026-07-10 15:49:15.097   Installing the file.
2026-07-10 15:49:15.099   Successfully installed the file.
2026-07-10 15:49:15.099   -- File entry --
2026-07-10 15:49:15.099   Dest filename: C:\JL\mc\share\locale\zh_CN\LC_MESSAGES\bfd.mo
2026-07-10 15:49:15.099   Time stamp of our file: 2012-06-18 19:55:40.000
2026-07-10 15:49:15.099   Installing the file.
2026-07-10 15:49:15.099   Creating directory: C:\JL\mc\share\locale\zh_CN
2026-07-10 15:49:15.100   Creating directory: C:\JL\mc\share\locale\zh_CN\LC_MESSAGES
2026-07-10 15:49:15.101   Successfully installed the file.
2026-07-10 15:49:15.101   -- File entry --
2026-07-10 15:49:15.101   Dest filename: C:\JL\mc\share\locale\zh_CN\LC_MESSAGES\binutils.mo
2026-07-10 15:49:15.101   Time stamp of our file: 2008-02-25 11:44:42.000
2026-07-10 15:49:15.101   Installing the file.
2026-07-10 15:49:15.103   Successfully installed the file.
2026-07-10 15:49:15.103   -- File entry --
2026-07-10 15:49:15.103   Dest filename: C:\JL\mc\share\locale\zh_CN\LC_MESSAGES\opcodes.mo
2026-07-10 15:49:15.104   Time stamp of our file: 2012-06-18 19:55:52.000
2026-07-10 15:49:15.104   Installing the file.
2026-07-10 15:49:15.105   Successfully installed the file.
2026-07-10 15:49:15.105   -- File entry --
2026-07-10 15:49:15.105   Dest filename: C:\JL\mc\share\man\man1\or32-elf-gdb.1
2026-07-10 15:49:15.105   Time stamp of our file: 2012-06-18 19:56:06.000
2026-07-10 15:49:15.105   Installing the file.
2026-07-10 15:49:15.105   Creating directory: C:\JL\mc\share\man
2026-07-10 15:49:15.106   Creating directory: C:\JL\mc\share\man\man1
2026-07-10 15:49:15.108   Successfully installed the file.
2026-07-10 15:49:15.108   -- File entry --
2026-07-10 15:49:15.108   Dest filename: C:\JL\mc\share\man\man1\or32-elf-gdbtui.1
2026-07-10 15:49:15.108   Time stamp of our file: 2012-06-18 19:56:06.000
2026-07-10 15:49:15.108   Installing the file.
2026-07-10 15:49:15.110   Successfully installed the file.
2026-07-10 15:49:15.110   -- File entry --
2026-07-10 15:49:15.110   Dest filename: C:\JL\mc\share\man\man1\or32-elf-run.1
2026-07-10 15:49:15.110   Time stamp of our file: 2012-06-18 19:56:02.000
2026-07-10 15:49:15.110   Installing the file.
2026-07-10 15:49:15.111   Successfully installed the file.
2026-07-10 15:49:15.111   -- File entry --
2026-07-10 15:49:15.111   Dest filename: C:\JL\pi32\bin\f59-ar.exe
2026-07-10 15:49:15.111   Time stamp of our file: 2019-03-20 13:46:04.000
2026-07-10 15:49:15.111   Installing the file.
2026-07-10 15:49:15.111   Creating directory: C:\JL\pi32\bin
2026-07-10 15:49:15.129   Successfully installed the file.
2026-07-10 15:49:15.129   -- File entry --
2026-07-10 15:49:15.129   Dest filename: C:\JL\pi32\bin\f59-ld.exe
2026-07-10 15:49:15.129   Time stamp of our file: 2019-03-09 17:34:28.000
2026-07-10 15:49:15.129   Installing the file.
2026-07-10 15:49:15.144   Successfully installed the file.
2026-07-10 15:49:15.144   -- File entry --
2026-07-10 15:49:15.144   Dest filename: C:\JL\pi32\bin\f95-ar.exe
2026-07-10 15:49:15.145   Time stamp of our file: 2020-07-13 09:47:00.000
2026-07-10 15:49:15.145   Installing the file.
2026-07-10 15:49:15.150   Successfully installed the file.
2026-07-10 15:49:15.150   -- File entry --
2026-07-10 15:49:15.151   Dest filename: C:\JL\pi32\bin\f95-ld.exe
2026-07-10 15:49:15.151   Time stamp of our file: 2020-07-13 09:45:36.000
2026-07-10 15:49:15.151   Installing the file.
2026-07-10 15:49:15.159   Successfully installed the file.
2026-07-10 15:49:15.159   -- File entry --
2026-07-10 15:49:15.159   Dest filename: C:\JL\pi32\bin\ImportLicense.exe
2026-07-10 15:49:15.159   Time stamp of our file: 2019-11-14 10:48:34.000
2026-07-10 15:49:15.159   Installing the file.
2026-07-10 15:49:15.169   Successfully installed the file.
2026-07-10 15:49:15.169   -- File entry --
2026-07-10 15:49:15.169   Dest filename: C:\JL\pi32\bin\lto-ar.exe
2026-07-10 15:49:15.169   Time stamp of our file: 2018-11-02 09:45:02.000
2026-07-10 15:49:15.169   Installing the file.
2026-07-10 15:49:15.175   Successfully installed the file.
2026-07-10 15:49:15.175   -- File entry --
2026-07-10 15:49:15.175   Dest filename: C:\JL\pi32\bin\lto-wrapper.exe
2026-07-10 15:49:15.175   Time stamp of our file: 2018-11-02 09:45:04.000
2026-07-10 15:49:15.175   Installing the file.
2026-07-10 15:49:15.179   Successfully installed the file.
2026-07-10 15:49:15.179   -- File entry --
2026-07-10 15:49:15.179   Dest filename: C:\JL\pi32\bin\override-seg.exe
2026-07-10 15:49:15.179   Time stamp of our file: 2019-05-16 14:41:14.000
2026-07-10 15:49:15.179   Installing the file.
2026-07-10 15:49:15.184   Successfully installed the file.
2026-07-10 15:49:15.184   -- File entry --
2026-07-10 15:49:15.184   Dest filename: C:\JL\pi32\bin\pi32-ld.exe
2026-07-10 15:49:15.184   Time stamp of our file: 2020-12-17 17:14:08.000
2026-07-10 15:49:15.184   Installing the file.
2026-07-10 15:49:15.193   Successfully installed the file.
2026-07-10 15:49:15.193   -- File entry --
2026-07-10 15:49:15.193   Dest filename: C:\JL\pi32\bin\pi32-link-version.exe
2026-07-10 15:49:15.194   Time stamp of our file: 2018-11-02 09:45:06.000
2026-07-10 15:49:15.194   Installing the file.
2026-07-10 15:49:15.226   Successfully installed the file.
2026-07-10 15:49:15.226   -- File entry --
2026-07-10 15:49:15.226   Dest filename: C:\JL\pi32\bin\pi32-lto-ar.exe
2026-07-10 15:49:15.227   Time stamp of our file: 2018-11-02 09:45:08.000
2026-07-10 15:49:15.227   Installing the file.
2026-07-10 15:49:15.230   Successfully installed the file.
2026-07-10 15:49:15.230   -- File entry --
2026-07-10 15:49:15.230   Dest filename: C:\JL\pi32\bin\pi32-nm.exe
2026-07-10 15:49:15.230   Time stamp of our file: 2020-08-26 11:23:08.000
2026-07-10 15:49:15.230   Installing the file.
2026-07-10 15:49:15.239   Successfully installed the file.
2026-07-10 15:49:15.239   -- File entry --
2026-07-10 15:49:15.239   Dest filename: C:\JL\pi32\bin\pi32-strip.exe
2026-07-10 15:49:15.240   Time stamp of our file: 2020-08-26 11:23:10.000
2026-07-10 15:49:15.240   Installing the file.
2026-07-10 15:49:15.253   Successfully installed the file.
2026-07-10 15:49:15.253   -- File entry --
2026-07-10 15:49:15.253   Dest filename: C:\JL\pi32\bin\pi32v2-ld.exe
2026-07-10 15:49:15.253   Time stamp of our file: 2025-02-06 09:41:48.000
2026-07-10 15:49:15.253   Installing the file.
2026-07-10 15:49:15.264   Successfully installed the file.
2026-07-10 15:49:15.265   -- File entry --
2026-07-10 15:49:15.265   Dest filename: C:\JL\pi32\bin\pi32v2-lto-ar.exe
2026-07-10 15:49:15.265   Time stamp of our file: 2018-11-02 09:45:10.000
2026-07-10 15:49:15.265   Installing the file.
2026-07-10 15:49:15.268   Successfully installed the file.
2026-07-10 15:49:15.268   -- File entry --
2026-07-10 15:49:15.268   Dest filename: C:\JL\pi32\bin\pi32v2-lto-wrapper.exe
2026-07-10 15:49:15.269   Time stamp of our file: 2018-11-02 09:45:10.000
2026-07-10 15:49:15.269   Installing the file.
2026-07-10 15:49:15.272   Successfully installed the file.
2026-07-10 15:49:15.272   -- File entry --
2026-07-10 15:49:15.272   Dest filename: C:\JL\pi32\bin\pi32v2-nm.exe
2026-07-10 15:49:15.272   Time stamp of our file: 2020-08-26 11:20:18.000
2026-07-10 15:49:15.272   Installing the file.
2026-07-10 15:49:15.281   Successfully installed the file.
2026-07-10 15:49:15.281   -- File entry --
2026-07-10 15:49:15.281   Dest filename: C:\JL\pi32\bin\pi32v2-strip.exe
2026-07-10 15:49:15.281   Time stamp of our file: 2020-08-26 11:19:08.000
2026-07-10 15:49:15.281   Installing the file.
2026-07-10 15:49:15.289   Successfully installed the file.
2026-07-10 15:49:15.289   -- File entry --
2026-07-10 15:49:15.289   Dest filename: C:\JL\pi32\bin\q32s-ld.exe
2026-07-10 15:49:15.289   Time stamp of our file: 2020-01-15 10:55:26.000
2026-07-10 15:49:15.289   Installing the file.
2026-07-10 15:49:15.298   Successfully installed the file.
2026-07-10 15:49:15.298   -- File entry --
2026-07-10 15:49:15.298   Dest filename: C:\JL\pi32\bin\q32s-lto-ar.exe
2026-07-10 15:49:15.298   Time stamp of our file: 2018-11-02 09:45:14.000
2026-07-10 15:49:15.299   Installing the file.
2026-07-10 15:49:15.301   Successfully installed the file.
2026-07-10 15:49:15.301   -- File entry --
2026-07-10 15:49:15.301   Dest filename: C:\JL\pi32\bin\q32s-lto-wrapper.exe
2026-07-10 15:49:15.301   Time stamp of our file: 2018-11-02 09:45:14.000
2026-07-10 15:49:15.301   Installing the file.
2026-07-10 15:49:15.303   Successfully installed the file.
2026-07-10 15:49:15.303   -- File entry --
2026-07-10 15:49:15.303   Dest filename: C:\JL\pi32\bin\q32s-nm.exe
2026-07-10 15:49:15.303   Time stamp of our file: 2020-08-26 11:26:08.000
2026-07-10 15:49:15.304   Installing the file.
2026-07-10 15:49:15.311   Successfully installed the file.
2026-07-10 15:49:15.311   -- File entry --
2026-07-10 15:49:15.311   Dest filename: C:\JL\pi32\bin\q32s-strip.exe
2026-07-10 15:49:15.311   Time stamp of our file: 2020-08-26 11:26:10.000
2026-07-10 15:49:15.311   Installing the file.
2026-07-10 15:49:15.319   Successfully installed the file.
2026-07-10 15:49:15.319   -- File entry --
2026-07-10 15:49:15.319   Dest filename: C:\JL\pi32\bin\RegTokenGenerate.exe
2026-07-10 15:49:15.320   Time stamp of our file: 2019-11-14 11:20:10.000
2026-07-10 15:49:15.320   Installing the file.
2026-07-10 15:49:15.325   Successfully installed the file.
2026-07-10 15:49:15.325   -- File entry --
2026-07-10 15:49:15.325   Dest filename: C:\JL\pi32\bin\replacetime.exe
2026-07-10 15:49:15.325   Time stamp of our file: 2018-11-02 09:45:16.000
2026-07-10 15:49:15.326   Installing the file.
2026-07-10 15:49:15.330   Successfully installed the file.
2026-07-10 15:49:15.330   -- File entry --
2026-07-10 15:49:15.330   Dest filename: C:\JL\pi32\include\compiler\adxintrin.h
2026-07-10 15:49:15.330   Time stamp of our file: 2016-08-08 15:36:40.000
2026-07-10 15:49:15.330   Installing the file.
2026-07-10 15:49:15.330   Creating directory: C:\JL\pi32\include\compiler
2026-07-10 15:49:15.333   Successfully installed the file.
2026-07-10 15:49:15.333   -- File entry --
2026-07-10 15:49:15.333   Dest filename: C:\JL\pi32\include\compiler\altivec.h
2026-07-10 15:49:15.333   Time stamp of our file: 2016-08-08 15:36:40.000
2026-07-10 15:49:15.333   Installing the file.
2026-07-10 15:49:15.339   Successfully installed the file.
2026-07-10 15:49:15.339   -- File entry --
2026-07-10 15:49:15.339   Dest filename: C:\JL\pi32\include\compiler\ammintrin.h
2026-07-10 15:49:15.339   Time stamp of our file: 2016-08-08 15:36:40.000
2026-07-10 15:49:15.339   Installing the file.
2026-07-10 15:49:15.340   Successfully installed the file.
2026-07-10 15:49:15.340   -- File entry --
2026-07-10 15:49:15.340   Dest filename: C:\JL\pi32\include\compiler\arm_acle.h
2026-07-10 15:49:15.340   Time stamp of our file: 2016-08-08 15:36:40.000
2026-07-10 15:49:15.340   Installing the file.
2026-07-10 15:49:15.342   Successfully installed the file.
2026-07-10 15:49:15.342   -- File entry --
2026-07-10 15:49:15.342   Dest filename: C:\JL\pi32\include\compiler\arm_neon.h
2026-07-10 15:49:15.342   Time stamp of our file: 2016-08-08 15:36:40.000
2026-07-10 15:49:15.342   Installing the file.
2026-07-10 15:49:15.361   Successfully installed the file.
2026-07-10 15:49:15.361   -- File entry --
2026-07-10 15:49:15.361   Dest filename: C:\JL\pi32\include\compiler\avx2intrin.h
2026-07-10 15:49:15.361   Time stamp of our file: 2016-08-08 15:36:40.000
2026-07-10 15:49:15.361   Installing the file.
2026-07-10 15:49:15.363   Successfully installed the file.
2026-07-10 15:49:15.363   -- File entry --
2026-07-10 15:49:15.363   Dest filename: C:\JL\pi32\include\compiler\avx512bwintrin.h
2026-07-10 15:49:15.363   Time stamp of our file: 2016-08-08 15:36:40.000
2026-07-10 15:49:15.363   Installing the file.
2026-07-10 15:49:15.364   Successfully installed the file.
2026-07-10 15:49:15.364   -- File entry --
2026-07-10 15:49:15.365   Dest filename: C:\JL\pi32\include\compiler\avx512cdintrin.h
2026-07-10 15:49:15.365   Time stamp of our file: 2016-08-08 15:36:40.000
2026-07-10 15:49:15.365   Installing the file.
2026-07-10 15:49:15.366   Successfully installed the file.
2026-07-10 15:49:15.366   -- File entry --
2026-07-10 15:49:15.366   Dest filename: C:\JL\pi32\include\compiler\avx512dqintrin.h
2026-07-10 15:49:15.366   Time stamp of our file: 2016-08-08 15:36:40.000
2026-07-10 15:49:15.366   Installing the file.
2026-07-10 15:49:15.367   Successfully installed the file.
2026-07-10 15:49:15.367   -- File entry --
2026-07-10 15:49:15.367   Dest filename: C:\JL\pi32\include\compiler\avx512erintrin.h
2026-07-10 15:49:15.367   Time stamp of our file: 2016-08-08 15:36:40.000
2026-07-10 15:49:15.367   Installing the file.
2026-07-10 15:49:15.369   Successfully installed the file.
2026-07-10 15:49:15.369   -- File entry --
2026-07-10 15:49:15.369   Dest filename: C:\JL\pi32\include\compiler\avx512fintrin.h
2026-07-10 15:49:15.369   Time stamp of our file: 2016-08-08 15:36:40.000
2026-07-10 15:49:15.369   Installing the file.
2026-07-10 15:49:15.372   Successfully installed the file.
2026-07-10 15:49:15.372   -- File entry --
2026-07-10 15:49:15.372   Dest filename: C:\JL\pi32\include\compiler\avx512vlbwintrin.h
2026-07-10 15:49:15.372   Time stamp of our file: 2016-08-08 15:36:40.000
2026-07-10 15:49:15.372   Installing the file.
2026-07-10 15:49:15.373   Successfully installed the file.
2026-07-10 15:49:15.374   -- File entry --
2026-07-10 15:49:15.374   Dest filename: C:\JL\pi32\include\compiler\avx512vldqintrin.h
2026-07-10 15:49:15.374   Time stamp of our file: 2016-08-08 15:36:40.000
2026-07-10 15:49:15.374   Installing the file.
2026-07-10 15:49:15.375   Successfully installed the file.
2026-07-10 15:49:15.375   -- File entry --
2026-07-10 15:49:15.375   Dest filename: C:\JL\pi32\include\compiler\avx512vlintrin.h
2026-07-10 15:49:15.376   Time stamp of our file: 2016-08-08 15:36:40.000
2026-07-10 15:49:15.376   Installing the file.
2026-07-10 15:49:15.378   Successfully installed the file.
2026-07-10 15:49:15.380   -- File entry --
2026-07-10 15:49:15.380   Dest filename: C:\JL\pi32\include\compiler\avxintrin.h
2026-07-10 15:49:15.380   Time stamp of our file: 2016-08-08 15:36:40.000
2026-07-10 15:49:15.380   Installing the file.
2026-07-10 15:49:15.381   Successfully installed the file.
2026-07-10 15:49:15.381   -- File entry --
2026-07-10 15:49:15.381   Dest filename: C:\JL\pi32\include\compiler\bmi2intrin.h
2026-07-10 15:49:15.382   Time stamp of our file: 2016-08-08 15:36:40.000
2026-07-10 15:49:15.382   Installing the file.
2026-07-10 15:49:15.382   Successfully installed the file.
2026-07-10 15:49:15.382   -- File entry --
2026-07-10 15:49:15.382   Dest filename: C:\JL\pi32\include\compiler\bmiintrin.h
2026-07-10 15:49:15.383   Time stamp of our file: 2016-08-08 15:36:40.000
2026-07-10 15:49:15.383   Installing the file.
2026-07-10 15:49:15.384   Successfully installed the file.
2026-07-10 15:49:15.384   -- File entry --
2026-07-10 15:49:15.384   Dest filename: C:\JL\pi32\include\compiler\cpuid.h
2026-07-10 15:49:15.384   Time stamp of our file: 2016-08-08 15:36:40.000
2026-07-10 15:49:15.384   Installing the file.
2026-07-10 15:49:15.385   Successfully installed the file.
2026-07-10 15:49:15.385   -- File entry --
2026-07-10 15:49:15.385   Dest filename: C:\JL\pi32\include\compiler\cuda_builtin_vars.h
2026-07-10 15:49:15.386   Time stamp of our file: 2016-08-08 15:36:40.000
2026-07-10 15:49:15.386   Installing the file.
2026-07-10 15:49:15.387   Successfully installed the file.
2026-07-10 15:49:15.387   -- File entry --
2026-07-10 15:49:15.387   Dest filename: C:\JL\pi32\include\compiler\emmintrin.h
2026-07-10 15:49:15.388   Time stamp of our file: 2016-08-08 15:36:40.000
2026-07-10 15:49:15.388   Installing the file.
2026-07-10 15:49:15.389   Successfully installed the file.
2026-07-10 15:49:15.389   -- File entry --
2026-07-10 15:49:15.389   Dest filename: C:\JL\pi32\include\compiler\f16cintrin.h
2026-07-10 15:49:15.389   Time stamp of our file: 2016-08-08 15:36:40.000
2026-07-10 15:49:15.389   Installing the file.
2026-07-10 15:49:15.390   Successfully installed the file.
2026-07-10 15:49:15.390   -- File entry --
2026-07-10 15:49:15.390   Dest filename: C:\JL\pi32\include\compiler\float.h
2026-07-10 15:49:15.390   Time stamp of our file: 2016-08-08 15:36:40.000
2026-07-10 15:49:15.390   Installing the file.
2026-07-10 15:49:15.391   Successfully installed the file.
2026-07-10 15:49:15.391   -- File entry --
2026-07-10 15:49:15.391   Dest filename: C:\JL\pi32\include\compiler\fma4intrin.h
2026-07-10 15:49:15.392   Time stamp of our file: 2016-08-08 15:36:40.000
2026-07-10 15:49:15.392   Installing the file.
2026-07-10 15:49:15.393   Successfully installed the file.
2026-07-10 15:49:15.393   -- File entry --
2026-07-10 15:49:15.393   Dest filename: C:\JL\pi32\include\compiler\fmaintrin.h
2026-07-10 15:49:15.393   Time stamp of our file: 2016-08-08 15:36:40.000
2026-07-10 15:49:15.393   Installing the file.
2026-07-10 15:49:15.394   Successfully installed the file.
2026-07-10 15:49:15.394   -- File entry --
2026-07-10 15:49:15.394   Dest filename: C:\JL\pi32\include\compiler\fxsrintrin.h
2026-07-10 15:49:15.394   Time stamp of our file: 2016-08-08 15:36:40.000
2026-07-10 15:49:15.394   Installing the file.
2026-07-10 15:49:15.395   Successfully installed the file.
2026-07-10 15:49:15.395   -- File entry --
2026-07-10 15:49:15.395   Dest filename: C:\JL\pi32\include\compiler\htmintrin.h
2026-07-10 15:49:15.395   Time stamp of our file: 2016-08-08 15:36:40.000
2026-07-10 15:49:15.395   Installing the file.
2026-07-10 15:49:15.396   Successfully installed the file.
2026-07-10 15:49:15.396   -- File entry --
2026-07-10 15:49:15.397   Dest filename: C:\JL\pi32\include\compiler\htmxlintrin.h
2026-07-10 15:49:15.397   Time stamp of our file: 2016-08-08 15:36:40.000
2026-07-10 15:49:15.397   Installing the file.
2026-07-10 15:49:15.398   Successfully installed the file.
2026-07-10 15:49:15.398   -- File entry --
2026-07-10 15:49:15.399   Dest filename: C:\JL\pi32\include\compiler\ia32intrin.h
2026-07-10 15:49:15.399   Time stamp of our file: 2016-08-08 15:36:40.000
2026-07-10 15:49:15.399   Installing the file.
2026-07-10 15:49:15.400   Successfully installed the file.
2026-07-10 15:49:15.400   -- File entry --
2026-07-10 15:49:15.400   Dest filename: C:\JL\pi32\include\compiler\immintrin.h
2026-07-10 15:49:15.400   Time stamp of our file: 2016-08-08 15:36:40.000
2026-07-10 15:49:15.400   Installing the file.
2026-07-10 15:49:15.401   Successfully installed the file.
2026-07-10 15:49:15.401   -- File entry --
2026-07-10 15:49:15.401   Dest filename: C:\JL\pi32\include\compiler\Intrin.h
2026-07-10 15:49:15.401   Time stamp of our file: 2016-08-08 15:36:40.000
2026-07-10 15:49:15.402   Installing the file.
2026-07-10 15:49:15.403   Successfully installed the file.
2026-07-10 15:49:15.403   -- File entry --
2026-07-10 15:49:15.403   Dest filename: C:\JL\pi32\include\compiler\inttypes.h
2026-07-10 15:49:15.403   Time stamp of our file: 2016-08-08 15:36:40.000
2026-07-10 15:49:15.403   Installing the file.
2026-07-10 15:49:15.404   Successfully installed the file.
2026-07-10 15:49:15.404   -- File entry --
2026-07-10 15:49:15.404   Dest filename: C:\JL\pi32\include\compiler\iso646.h
2026-07-10 15:49:15.404   Time stamp of our file: 2016-08-08 15:36:40.000
2026-07-10 15:49:15.404   Installing the file.
2026-07-10 15:49:15.405   Successfully installed the file.
2026-07-10 15:49:15.405   -- File entry --
2026-07-10 15:49:15.405   Dest filename: C:\JL\pi32\include\compiler\limits.h
2026-07-10 15:49:15.406   Time stamp of our file: 2016-08-08 15:36:40.000
2026-07-10 15:49:15.406   Installing the file.
2026-07-10 15:49:15.407   Successfully installed the file.
2026-07-10 15:49:15.407   -- File entry --
2026-07-10 15:49:15.407   Dest filename: C:\JL\pi32\include\compiler\lzcntintrin.h
2026-07-10 15:49:15.407   Time stamp of our file: 2016-08-08 15:36:40.000
2026-07-10 15:49:15.407   Installing the file.
2026-07-10 15:49:15.408   Successfully installed the file.
2026-07-10 15:49:15.408   -- File entry --
2026-07-10 15:49:15.408   Dest filename: C:\JL\pi32\include\compiler\mm3dnow.h
2026-07-10 15:49:15.408   Time stamp of our file: 2016-08-08 15:36:40.000
2026-07-10 15:49:15.408   Installing the file.
2026-07-10 15:49:15.410   Successfully installed the file.
2026-07-10 15:49:15.410   -- File entry --
2026-07-10 15:49:15.410   Dest filename: C:\JL\pi32\include\compiler\mmintrin.h
2026-07-10 15:49:15.411   Time stamp of our file: 2016-08-08 15:36:40.000
2026-07-10 15:49:15.411   Installing the file.
2026-07-10 15:49:15.412   Successfully installed the file.
2026-07-10 15:49:15.412   -- File entry --
2026-07-10 15:49:15.412   Dest filename: C:\JL\pi32\include\compiler\mm_malloc.h
2026-07-10 15:49:15.412   Time stamp of our file: 2016-08-08 15:36:40.000
2026-07-10 15:49:15.412   Installing the file.
2026-07-10 15:49:15.413   Successfully installed the file.
2026-07-10 15:49:15.413   -- File entry --
2026-07-10 15:49:15.413   Dest filename: C:\JL\pi32\include\compiler\module.modulemap
2026-07-10 15:49:15.414   Time stamp of our file: 2016-08-08 15:36:40.000
2026-07-10 15:49:15.414   Installing the file.
2026-07-10 15:49:15.415   Successfully installed the file.
2026-07-10 15:49:15.415   -- File entry --
2026-07-10 15:49:15.415   Dest filename: C:\JL\pi32\include\compiler\nmmintrin.h
2026-07-10 15:49:15.415   Time stamp of our file: 2016-08-08 15:36:40.000
2026-07-10 15:49:15.415   Installing the file.
2026-07-10 15:49:15.417   Successfully installed the file.
2026-07-10 15:49:15.417   -- File entry --
2026-07-10 15:49:15.417   Dest filename: C:\JL\pi32\include\compiler\pmmintrin.h
2026-07-10 15:49:15.417   Time stamp of our file: 2016-08-08 15:36:40.000
2026-07-10 15:49:15.417   Installing the file.
2026-07-10 15:49:15.418   Successfully installed the file.
2026-07-10 15:49:15.418   -- File entry --
2026-07-10 15:49:15.418   Dest filename: C:\JL\pi32\include\compiler\popcntintrin.h
2026-07-10 15:49:15.418   Time stamp of our file: 2016-08-08 15:36:40.000
2026-07-10 15:49:15.418   Installing the file.
2026-07-10 15:49:15.419   Successfully installed the file.
2026-07-10 15:49:15.419   -- File entry --
2026-07-10 15:49:15.419   Dest filename: C:\JL\pi32\include\compiler\prfchwintrin.h
2026-07-10 15:49:15.419   Time stamp of our file: 2016-08-08 15:36:40.000
2026-07-10 15:49:15.419   Installing the file.
2026-07-10 15:49:15.420   Successfully installed the file.
2026-07-10 15:49:15.420   -- File entry --
2026-07-10 15:49:15.420   Dest filename: C:\JL\pi32\include\compiler\rdseedintrin.h
2026-07-10 15:49:15.420   Time stamp of our file: 2016-08-08 15:36:40.000
2026-07-10 15:49:15.421   Installing the file.
2026-07-10 15:49:15.421   Successfully installed the file.
2026-07-10 15:49:15.421   -- File entry --
2026-07-10 15:49:15.422   Dest filename: C:\JL\pi32\include\compiler\rtmintrin.h
2026-07-10 15:49:15.422   Time stamp of our file: 2016-08-08 15:36:40.000
2026-07-10 15:49:15.422   Installing the file.
2026-07-10 15:49:15.423   Successfully installed the file.
2026-07-10 15:49:15.423   -- File entry --
2026-07-10 15:49:15.423   Dest filename: C:\JL\pi32\include\compiler\s390intrin.h
2026-07-10 15:49:15.423   Time stamp of our file: 2016-08-08 15:36:40.000
2026-07-10 15:49:15.423   Installing the file.
2026-07-10 15:49:15.424   Successfully installed the file.
2026-07-10 15:49:15.424   -- File entry --
2026-07-10 15:49:15.424   Dest filename: C:\JL\pi32\include\compiler\shaintrin.h
2026-07-10 15:49:15.424   Time stamp of our file: 2016-08-08 15:36:40.000
2026-07-10 15:49:15.424   Installing the file.
2026-07-10 15:49:15.425   Successfully installed the file.
2026-07-10 15:49:15.425   -- File entry --
2026-07-10 15:49:15.425   Dest filename: C:\JL\pi32\include\compiler\smmintrin.h
2026-07-10 15:49:15.426   Time stamp of our file: 2016-08-08 15:36:40.000
2026-07-10 15:49:15.426   Installing the file.
2026-07-10 15:49:15.427   Successfully installed the file.
2026-07-10 15:49:15.427   -- File entry --
2026-07-10 15:49:15.427   Dest filename: C:\JL\pi32\include\compiler\stdalign.h
2026-07-10 15:49:15.427   Time stamp of our file: 2016-08-08 15:36:40.000
2026-07-10 15:49:15.427   Installing the file.
2026-07-10 15:49:15.428   Successfully installed the file.
2026-07-10 15:49:15.428   -- File entry --
2026-07-10 15:49:15.428   Dest filename: C:\JL\pi32\include\compiler\stdarg.h
2026-07-10 15:49:15.428   Time stamp of our file: 2016-08-08 15:36:40.000
2026-07-10 15:49:15.428   Installing the file.
2026-07-10 15:49:15.429   Successfully installed the file.
2026-07-10 15:49:15.429   -- File entry --
2026-07-10 15:49:15.429   Dest filename: C:\JL\pi32\include\compiler\stdatomic.h
2026-07-10 15:49:15.430   Time stamp of our file: 2016-08-08 15:36:40.000
2026-07-10 15:49:15.430   Installing the file.
2026-07-10 15:49:15.431   Successfully installed the file.
2026-07-10 15:49:15.431   -- File entry --
2026-07-10 15:49:15.431   Dest filename: C:\JL\pi32\include\compiler\stdbool.h
2026-07-10 15:49:15.431   Time stamp of our file: 2016-08-08 15:36:40.000
2026-07-10 15:49:15.431   Installing the file.
2026-07-10 15:49:15.432   Successfully installed the file.
2026-07-10 15:49:15.432   -- File entry --
2026-07-10 15:49:15.432   Dest filename: C:\JL\pi32\include\compiler\stddef.h
2026-07-10 15:49:15.432   Time stamp of our file: 2016-08-08 15:36:40.000
2026-07-10 15:49:15.432   Installing the file.
2026-07-10 15:49:15.433   Successfully installed the file.
2026-07-10 15:49:15.433   -- File entry --
2026-07-10 15:49:15.433   Dest filename: C:\JL\pi32\include\compiler\stdint.h
2026-07-10 15:49:15.433   Time stamp of our file: 2016-08-08 15:36:40.000
2026-07-10 15:49:15.433   Installing the file.
2026-07-10 15:49:15.435   Successfully installed the file.
2026-07-10 15:49:15.435   -- File entry --
2026-07-10 15:49:15.435   Dest filename: C:\JL\pi32\include\compiler\stdnoreturn.h
2026-07-10 15:49:15.436   Time stamp of our file: 2016-08-08 15:36:40.000
2026-07-10 15:49:15.436   Installing the file.
2026-07-10 15:49:15.436   Successfully installed the file.
2026-07-10 15:49:15.437   -- File entry --
2026-07-10 15:49:15.437   Dest filename: C:\JL\pi32\include\compiler\tbmintrin.h
2026-07-10 15:49:15.437   Time stamp of our file: 2016-08-08 15:36:40.000
2026-07-10 15:49:15.437   Installing the file.
2026-07-10 15:49:15.438   Successfully installed the file.
2026-07-10 15:49:15.438   -- File entry --
2026-07-10 15:49:15.438   Dest filename: C:\JL\pi32\include\compiler\tgmath.h
2026-07-10 15:49:15.438   Time stamp of our file: 2016-08-08 15:36:40.000
2026-07-10 15:49:15.438   Installing the file.
2026-07-10 15:49:15.438   Successfully installed the file.
2026-07-10 15:49:15.438   -- File entry --
2026-07-10 15:49:15.438   Dest filename: C:\JL\pi32\include\compiler\tmmintrin.h
2026-07-10 15:49:15.438   Time stamp of our file: 2016-08-08 15:36:40.000
2026-07-10 15:49:15.438   Installing the file.
2026-07-10 15:49:15.441   Successfully installed the file.
2026-07-10 15:49:15.441   -- File entry --
2026-07-10 15:49:15.441   Dest filename: C:\JL\pi32\include\compiler\unwind.h
2026-07-10 15:49:15.442   Time stamp of our file: 2016-08-08 15:36:40.000
2026-07-10 15:49:15.442   Installing the file.
2026-07-10 15:49:15.443   Successfully installed the file.
2026-07-10 15:49:15.443   -- File entry --
2026-07-10 15:49:15.443   Dest filename: C:\JL\pi32\include\compiler\vadefs.h
2026-07-10 15:49:15.443   Time stamp of our file: 2016-08-08 15:36:40.000
2026-07-10 15:49:15.443   Installing the file.
2026-07-10 15:49:15.445   Successfully installed the file.
2026-07-10 15:49:15.445   -- File entry --
2026-07-10 15:49:15.445   Dest filename: C:\JL\pi32\include\compiler\varargs.h
2026-07-10 15:49:15.446   Time stamp of our file: 2016-08-08 15:36:40.000
2026-07-10 15:49:15.446   Installing the file.
2026-07-10 15:49:15.447   Successfully installed the file.
2026-07-10 15:49:15.447   -- File entry --
2026-07-10 15:49:15.447   Dest filename: C:\JL\pi32\include\compiler\vecintrin.h
2026-07-10 15:49:15.447   Time stamp of our file: 2016-08-08 15:36:40.000
2026-07-10 15:49:15.447   Installing the file.
2026-07-10 15:49:15.451   Successfully installed the file.
2026-07-10 15:49:15.451   -- File entry --
2026-07-10 15:49:15.451   Dest filename: C:\JL\pi32\include\compiler\wmmintrin.h
2026-07-10 15:49:15.451   Time stamp of our file: 2016-08-08 15:36:40.000
2026-07-10 15:49:15.451   Installing the file.
2026-07-10 15:49:15.453   Successfully installed the file.
2026-07-10 15:49:15.453   -- File entry --
2026-07-10 15:49:15.453   Dest filename: C:\JL\pi32\include\compiler\x86intrin.h
2026-07-10 15:49:15.453   Time stamp of our file: 2016-08-08 15:36:40.000
2026-07-10 15:49:15.453   Installing the file.
2026-07-10 15:49:15.454   Successfully installed the file.
2026-07-10 15:49:15.454   -- File entry --
2026-07-10 15:49:15.454   Dest filename: C:\JL\pi32\include\compiler\xmmintrin.h
2026-07-10 15:49:15.455   Time stamp of our file: 2016-08-08 15:36:40.000
2026-07-10 15:49:15.455   Installing the file.
2026-07-10 15:49:15.456   Successfully installed the file.
2026-07-10 15:49:15.457   -- File entry --
2026-07-10 15:49:15.457   Dest filename: C:\JL\pi32\include\compiler\xopintrin.h
2026-07-10 15:49:15.457   Time stamp of our file: 2016-08-08 15:36:40.000
2026-07-10 15:49:15.457   Installing the file.
2026-07-10 15:49:15.458   Successfully installed the file.
2026-07-10 15:49:15.458   -- File entry --
2026-07-10 15:49:15.459   Dest filename: C:\JL\pi32\include\compiler\xtestintrin.h
2026-07-10 15:49:15.459   Time stamp of our file: 2016-08-08 15:36:40.000
2026-07-10 15:49:15.459   Installing the file.
2026-07-10 15:49:15.460   Successfully installed the file.
2026-07-10 15:49:15.460   -- File entry --
2026-07-10 15:49:15.460   Dest filename: C:\JL\pi32\include\compiler\__stddef_max_align_t.h
2026-07-10 15:49:15.460   Time stamp of our file: 2016-08-08 15:36:40.000
2026-07-10 15:49:15.460   Installing the file.
2026-07-10 15:49:15.461   Successfully installed the file.
2026-07-10 15:49:15.461   -- File entry --
2026-07-10 15:49:15.461   Dest filename: C:\JL\pi32\include\compiler\__wmmintrin_aes.h
2026-07-10 15:49:15.462   Time stamp of our file: 2016-08-08 15:36:40.000
2026-07-10 15:49:15.462   Installing the file.
2026-07-10 15:49:15.463   Successfully installed the file.
2026-07-10 15:49:15.463   -- File entry --
2026-07-10 15:49:15.463   Dest filename: C:\JL\pi32\include\compiler\__wmmintrin_pclmul.h
2026-07-10 15:49:15.463   Time stamp of our file: 2016-08-08 15:36:40.000
2026-07-10 15:49:15.463   Installing the file.
2026-07-10 15:49:15.464   Successfully installed the file.
2026-07-10 15:49:15.464   -- File entry --
2026-07-10 15:49:15.464   Dest filename: C:\JL\pi32\include\libc\alloca.h
2026-07-10 15:49:15.465   Time stamp of our file: 2021-11-10 17:05:10.000
2026-07-10 15:49:15.465   Installing the file.
2026-07-10 15:49:15.467   Successfully installed the file.
2026-07-10 15:49:15.467   -- File entry --
2026-07-10 15:49:15.467   Dest filename: C:\JL\pi32\include\libc\ar.h
2026-07-10 15:49:15.467   Time stamp of our file: 2021-11-10 17:05:10.000
2026-07-10 15:49:15.467   Installing the file.
2026-07-10 15:49:15.468   Successfully installed the file.
2026-07-10 15:49:15.468   -- File entry --
2026-07-10 15:49:15.468   Dest filename: C:\JL\pi32\include\libc\argz.h
2026-07-10 15:49:15.468   Time stamp of our file: 2021-11-10 17:05:10.000
2026-07-10 15:49:15.468   Installing the file.
2026-07-10 15:49:15.470   Successfully installed the file.
2026-07-10 15:49:15.470   -- File entry --
2026-07-10 15:49:15.470   Dest filename: C:\JL\pi32\include\libc\assert.h
2026-07-10 15:49:15.470   Time stamp of our file: 2021-11-10 17:05:10.000
2026-07-10 15:49:15.470   Installing the file.
2026-07-10 15:49:15.471   Successfully installed the file.
2026-07-10 15:49:15.471   -- File entry --
2026-07-10 15:49:15.471   Dest filename: C:\JL\pi32\include\libc\complex.h
2026-07-10 15:49:15.471   Time stamp of our file: 2021-11-10 17:05:10.000
2026-07-10 15:49:15.471   Installing the file.
2026-07-10 15:49:15.472   Successfully installed the file.
2026-07-10 15:49:15.472   -- File entry --
2026-07-10 15:49:15.472   Dest filename: C:\JL\pi32\include\libc\ctype.h
2026-07-10 15:49:15.472   Time stamp of our file: 2021-11-10 17:05:10.000
2026-07-10 15:49:15.472   Installing the file.
2026-07-10 15:49:15.474   Successfully installed the file.
2026-07-10 15:49:15.474   -- File entry --
2026-07-10 15:49:15.474   Dest filename: C:\JL\pi32\include\libc\dirent.h
2026-07-10 15:49:15.474   Time stamp of our file: 2021-11-10 17:05:10.000
2026-07-10 15:49:15.474   Installing the file.
2026-07-10 15:49:15.475   Successfully installed the file.
2026-07-10 15:49:15.475   -- File entry --
2026-07-10 15:49:15.475   Dest filename: C:\JL\pi32\include\libc\envlock.h
2026-07-10 15:49:15.476   Time stamp of our file: 2021-11-10 17:05:10.000
2026-07-10 15:49:15.476   Installing the file.
2026-07-10 15:49:15.477   Successfully installed the file.
2026-07-10 15:49:15.477   -- File entry --
2026-07-10 15:49:15.477   Dest filename: C:\JL\pi32\include\libc\envz.h
2026-07-10 15:49:15.478   Time stamp of our file: 2021-11-10 17:05:10.000
2026-07-10 15:49:15.478   Installing the file.
2026-07-10 15:49:15.479   Successfully installed the file.
2026-07-10 15:49:15.479   -- File entry --
2026-07-10 15:49:15.479   Dest filename: C:\JL\pi32\include\libc\errno.h
2026-07-10 15:49:15.479   Time stamp of our file: 2021-11-10 17:05:10.000
2026-07-10 15:49:15.479   Installing the file.
2026-07-10 15:49:15.480   Successfully installed the file.
2026-07-10 15:49:15.480   -- File entry --
2026-07-10 15:49:15.480   Dest filename: C:\JL\pi32\include\libc\fastmath.h
2026-07-10 15:49:15.480   Time stamp of our file: 2021-11-10 17:05:10.000
2026-07-10 15:49:15.480   Installing the file.
2026-07-10 15:49:15.481   Successfully installed the file.
2026-07-10 15:49:15.481   -- File entry --
2026-07-10 15:49:15.481   Dest filename: C:\JL\pi32\include\libc\fcntl.h
2026-07-10 15:49:15.481   Time stamp of our file: 2021-11-10 17:05:10.000
2026-07-10 15:49:15.482   Installing the file.
2026-07-10 15:49:15.482   Successfully installed the file.
2026-07-10 15:49:15.483   -- File entry --
2026-07-10 15:49:15.483   Dest filename: C:\JL\pi32\include\libc\fnmatch.h
2026-07-10 15:49:15.483   Time stamp of our file: 2021-11-10 17:05:10.000
2026-07-10 15:49:15.483   Installing the file.
2026-07-10 15:49:15.484   Successfully installed the file.
2026-07-10 15:49:15.484   -- File entry --
2026-07-10 15:49:15.484   Dest filename: C:\JL\pi32\include\libc\getopt.h
2026-07-10 15:49:15.484   Time stamp of our file: 2021-11-10 17:05:10.000
2026-07-10 15:49:15.484   Installing the file.
2026-07-10 15:49:15.485   Successfully installed the file.
2026-07-10 15:49:15.485   -- File entry --
2026-07-10 15:49:15.485   Dest filename: C:\JL\pi32\include\libc\glob.h
2026-07-10 15:49:15.485   Time stamp of our file: 2021-11-10 17:05:10.000
2026-07-10 15:49:15.486   Installing the file.
2026-07-10 15:49:15.487   Successfully installed the file.
2026-07-10 15:49:15.487   -- File entry --
2026-07-10 15:49:15.487   Dest filename: C:\JL\pi32\include\libc\grp.h
2026-07-10 15:49:15.487   Time stamp of our file: 2021-11-10 17:05:10.000
2026-07-10 15:49:15.487   Installing the file.
2026-07-10 15:49:15.488   Successfully installed the file.
2026-07-10 15:49:15.488   -- File entry --
2026-07-10 15:49:15.488   Dest filename: C:\JL\pi32\include\libc\iconv.h
2026-07-10 15:49:15.488   Time stamp of our file: 2021-11-10 17:05:10.000
2026-07-10 15:49:15.488   Installing the file.
2026-07-10 15:49:15.490   Successfully installed the file.
2026-07-10 15:49:15.490   -- File entry --
2026-07-10 15:49:15.490   Dest filename: C:\JL\pi32\include\libc\ieeefp.h
2026-07-10 15:49:15.491   Time stamp of our file: 2021-11-10 17:05:10.000
2026-07-10 15:49:15.491   Installing the file.
2026-07-10 15:49:15.493   Successfully installed the file.
2026-07-10 15:49:15.493   -- File entry --
2026-07-10 15:49:15.493   Dest filename: C:\JL\pi32\include\libc\inttypes.h
2026-07-10 15:49:15.493   Time stamp of our file: 2021-11-10 17:05:10.000
2026-07-10 15:49:15.493   Installing the file.
2026-07-10 15:49:15.495   Successfully installed the file.
2026-07-10 15:49:15.496   -- File entry --
2026-07-10 15:49:15.496   Dest filename: C:\JL\pi32\include\libc\langinfo.h
2026-07-10 15:49:15.496   Time stamp of our file: 2021-11-10 17:05:10.000
2026-07-10 15:49:15.496   Installing the file.
2026-07-10 15:49:15.497   Successfully installed the file.
2026-07-10 15:49:15.497   -- File entry --
2026-07-10 15:49:15.499   Dest filename: C:\JL\pi32\include\libc\libgen.h
2026-07-10 15:49:15.499   Time stamp of our file: 2021-11-10 17:05:10.000
2026-07-10 15:49:15.499   Installing the file.
2026-07-10 15:49:15.501   Successfully installed the file.
2026-07-10 15:49:15.501   -- File entry --
2026-07-10 15:49:15.501   Dest filename: C:\JL\pi32\include\libc\limits.h
2026-07-10 15:49:15.501   Time stamp of our file: 2021-11-10 17:05:10.000
2026-07-10 15:49:15.501   Installing the file.
2026-07-10 15:49:15.503   Successfully installed the file.
2026-07-10 15:49:15.503   -- File entry --
2026-07-10 15:49:15.503   Dest filename: C:\JL\pi32\include\libc\locale.h
2026-07-10 15:49:15.503   Time stamp of our file: 2021-11-10 17:05:10.000
2026-07-10 15:49:15.503   Installing the file.
2026-07-10 15:49:15.504   Successfully installed the file.
2026-07-10 15:49:15.504   -- File entry --
2026-07-10 15:49:15.504   Dest filename: C:\JL\pi32\include\libc\malloc.h
2026-07-10 15:49:15.504   Time stamp of our file: 2021-11-10 17:05:10.000
2026-07-10 15:49:15.504   Installing the file.
2026-07-10 15:49:15.507   Successfully installed the file.
2026-07-10 15:49:15.507   -- File entry --
2026-07-10 15:49:15.507   Dest filename: C:\JL\pi32\include\libc\math.h
2026-07-10 15:49:15.507   Time stamp of our file: 2021-11-10 17:05:10.000
2026-07-10 15:49:15.507   Installing the file.
2026-07-10 15:49:15.509   Successfully installed the file.
2026-07-10 15:49:15.509   -- File entry --
2026-07-10 15:49:15.509   Dest filename: C:\JL\pi32\include\libc\newlib.h
2026-07-10 15:49:15.509   Time stamp of our file: 2021-11-10 17:05:10.000
2026-07-10 15:49:15.509   Installing the file.
2026-07-10 15:49:15.511   Successfully installed the file.
2026-07-10 15:49:15.511   -- File entry --
2026-07-10 15:49:15.511   Dest filename: C:\JL\pi32\include\libc\paths.h
2026-07-10 15:49:15.511   Time stamp of our file: 2021-11-10 17:05:10.000
2026-07-10 15:49:15.511   Installing the file.
2026-07-10 15:49:15.514   Successfully installed the file.
2026-07-10 15:49:15.514   -- File entry --
2026-07-10 15:49:15.514   Dest filename: C:\JL\pi32\include\libc\pthread.h
2026-07-10 15:49:15.514   Time stamp of our file: 2021-11-10 17:05:10.000
2026-07-10 15:49:15.514   Installing the file.
2026-07-10 15:49:15.515   Successfully installed the file.
2026-07-10 15:49:15.516   -- File entry --
2026-07-10 15:49:15.516   Dest filename: C:\JL\pi32\include\libc\pwd.h
2026-07-10 15:49:15.516   Time stamp of our file: 2021-11-10 17:05:10.000
2026-07-10 15:49:15.516   Installing the file.
2026-07-10 15:49:15.518   Successfully installed the file.
2026-07-10 15:49:15.518   -- File entry --
2026-07-10 15:49:15.518   Dest filename: C:\JL\pi32\include\libc\reent.h
2026-07-10 15:49:15.518   Time stamp of our file: 2021-11-10 17:05:10.000
2026-07-10 15:49:15.518   Installing the file.
2026-07-10 15:49:15.521   Successfully installed the file.
2026-07-10 15:49:15.521   -- File entry --
2026-07-10 15:49:15.521   Dest filename: C:\JL\pi32\include\libc\regdef.h
2026-07-10 15:49:15.521   Time stamp of our file: 2021-11-10 17:05:10.000
2026-07-10 15:49:15.521   Installing the file.
2026-07-10 15:49:15.522   Successfully installed the file.
2026-07-10 15:49:15.522   -- File entry --
2026-07-10 15:49:15.522   Dest filename: C:\JL\pi32\include\libc\regex.h
2026-07-10 15:49:15.523   Time stamp of our file: 2021-11-10 17:05:10.000
2026-07-10 15:49:15.523   Installing the file.
2026-07-10 15:49:15.524   Successfully installed the file.
2026-07-10 15:49:15.524   -- File entry --
2026-07-10 15:49:15.524   Dest filename: C:\JL\pi32\include\libc\sched.h
2026-07-10 15:49:15.524   Time stamp of our file: 2021-11-10 17:05:10.000
2026-07-10 15:49:15.525   Installing the file.
2026-07-10 15:49:15.526   Successfully installed the file.
2026-07-10 15:49:15.526   -- File entry --
2026-07-10 15:49:15.526   Dest filename: C:\JL\pi32\include\libc\search.h
2026-07-10 15:49:15.526   Time stamp of our file: 2021-11-10 17:05:10.000
2026-07-10 15:49:15.526   Installing the file.
2026-07-10 15:49:15.527   Successfully installed the file.
2026-07-10 15:49:15.527   -- File entry --
2026-07-10 15:49:15.527   Dest filename: C:\JL\pi32\include\libc\setjmp.h
2026-07-10 15:49:15.527   Time stamp of our file: 2021-11-10 17:05:10.000
2026-07-10 15:49:15.527   Installing the file.
2026-07-10 15:49:15.529   Successfully installed the file.
2026-07-10 15:49:15.529   -- File entry --
2026-07-10 15:49:15.529   Dest filename: C:\JL\pi32\include\libc\signal.h
2026-07-10 15:49:15.529   Time stamp of our file: 2021-11-10 17:05:10.000
2026-07-10 15:49:15.529   Installing the file.
2026-07-10 15:49:15.530   Successfully installed the file.
2026-07-10 15:49:15.530   -- File entry --
2026-07-10 15:49:15.530   Dest filename: C:\JL\pi32\include\libc\spawn.h
2026-07-10 15:49:15.530   Time stamp of our file: 2021-11-10 17:05:10.000
2026-07-10 15:49:15.530   Installing the file.
2026-07-10 15:49:15.532   Successfully installed the file.
2026-07-10 15:49:15.532   -- File entry --
2026-07-10 15:49:15.532   Dest filename: C:\JL\pi32\include\libc\stdatomic.h
2026-07-10 15:49:15.532   Time stamp of our file: 2021-11-10 17:05:10.000
2026-07-10 15:49:15.532   Installing the file.
2026-07-10 15:49:15.534   Successfully installed the file.
2026-07-10 15:49:15.534   -- File entry --
2026-07-10 15:49:15.534   Dest filename: C:\JL\pi32\include\libc\stdint.h
2026-07-10 15:49:15.534   Time stamp of our file: 2021-11-10 17:05:10.000
2026-07-10 15:49:15.534   Installing the file.
2026-07-10 15:49:15.535   Successfully installed the file.
2026-07-10 15:49:15.535   -- File entry --
2026-07-10 15:49:15.535   Dest filename: C:\JL\pi32\include\libc\stdio.h
2026-07-10 15:49:15.536   Time stamp of our file: 2021-11-10 17:05:10.000
2026-07-10 15:49:15.536   Installing the file.
2026-07-10 15:49:15.537   Successfully installed the file.
2026-07-10 15:49:15.537   -- File entry --
2026-07-10 15:49:15.537   Dest filename: C:\JL\pi32\include\libc\stdio_ext.h
2026-07-10 15:49:15.537   Time stamp of our file: 2021-11-10 17:05:10.000
2026-07-10 15:49:15.537   Installing the file.
2026-07-10 15:49:15.538   Successfully installed the file.
2026-07-10 15:49:15.539   -- File entry --
2026-07-10 15:49:15.539   Dest filename: C:\JL\pi32\include\libc\stdlib.h
2026-07-10 15:49:15.539   Time stamp of our file: 2021-11-10 17:05:10.000
2026-07-10 15:49:15.539   Installing the file.
2026-07-10 15:49:15.540   Successfully installed the file.
2026-07-10 15:49:15.540   -- File entry --
2026-07-10 15:49:15.541   Dest filename: C:\JL\pi32\include\libc\string.h
2026-07-10 15:49:15.541   Time stamp of our file: 2021-11-10 17:05:10.000
2026-07-10 15:49:15.541   Installing the file.
2026-07-10 15:49:15.542   Successfully installed the file.
2026-07-10 15:49:15.542   -- File entry --
2026-07-10 15:49:15.542   Dest filename: C:\JL\pi32\include\libc\strings.h
2026-07-10 15:49:15.542   Time stamp of our file: 2021-11-10 17:05:10.000
2026-07-10 15:49:15.542   Installing the file.
2026-07-10 15:49:15.544   Successfully installed the file.
2026-07-10 15:49:15.544   -- File entry --
2026-07-10 15:49:15.544   Dest filename: C:\JL\pi32\include\libc\tar.h
2026-07-10 15:49:15.544   Time stamp of our file: 2021-11-10 17:05:10.000
2026-07-10 15:49:15.544   Installing the file.
2026-07-10 15:49:15.546   Successfully installed the file.
2026-07-10 15:49:15.546   -- File entry --
2026-07-10 15:49:15.546   Dest filename: C:\JL\pi32\include\libc\termios.h
2026-07-10 15:49:15.547   Time stamp of our file: 2021-11-10 17:05:10.000
2026-07-10 15:49:15.547   Installing the file.
2026-07-10 15:49:15.548   Successfully installed the file.
2026-07-10 15:49:15.548   -- File entry --
2026-07-10 15:49:15.548   Dest filename: C:\JL\pi32\include\libc\tgmath.h
2026-07-10 15:49:15.548   Time stamp of our file: 2021-11-10 17:05:10.000
2026-07-10 15:49:15.548   Installing the file.
2026-07-10 15:49:15.549   Successfully installed the file.
2026-07-10 15:49:15.550   -- File entry --
2026-07-10 15:49:15.550   Dest filename: C:\JL\pi32\include\libc\time.h
2026-07-10 15:49:15.550   Time stamp of our file: 2021-11-10 17:05:10.000
2026-07-10 15:49:15.550   Installing the file.
2026-07-10 15:49:15.551   Successfully installed the file.
2026-07-10 15:49:15.551   -- File entry --
2026-07-10 15:49:15.551   Dest filename: C:\JL\pi32\include\libc\unctrl.h
2026-07-10 15:49:15.551   Time stamp of our file: 2021-11-10 17:05:10.000
2026-07-10 15:49:15.551   Installing the file.
2026-07-10 15:49:15.553   Successfully installed the file.
2026-07-10 15:49:15.553   -- File entry --
2026-07-10 15:49:15.553   Dest filename: C:\JL\pi32\include\libc\unistd.h
2026-07-10 15:49:15.553   Time stamp of our file: 2021-11-10 17:05:10.000
2026-07-10 15:49:15.553   Installing the file.
2026-07-10 15:49:15.554   Successfully installed the file.
2026-07-10 15:49:15.554   -- File entry --
2026-07-10 15:49:15.554   Dest filename: C:\JL\pi32\include\libc\utime.h
2026-07-10 15:49:15.554   Time stamp of our file: 2021-11-10 17:05:10.000
2026-07-10 15:49:15.554   Installing the file.
2026-07-10 15:49:15.556   Successfully installed the file.
2026-07-10 15:49:15.556   -- File entry --
2026-07-10 15:49:15.556   Dest filename: C:\JL\pi32\include\libc\utmp.h
2026-07-10 15:49:15.556   Time stamp of our file: 2021-11-10 17:05:10.000
2026-07-10 15:49:15.556   Installing the file.
2026-07-10 15:49:15.558   Successfully installed the file.
2026-07-10 15:49:15.558   -- File entry --
2026-07-10 15:49:15.558   Dest filename: C:\JL\pi32\include\libc\wchar.h
2026-07-10 15:49:15.558   Time stamp of our file: 2021-11-10 17:05:10.000
2026-07-10 15:49:15.558   Installing the file.
2026-07-10 15:49:15.560   Successfully installed the file.
2026-07-10 15:49:15.560   -- File entry --
2026-07-10 15:49:15.560   Dest filename: C:\JL\pi32\include\libc\wctype.h
2026-07-10 15:49:15.560   Time stamp of our file: 2021-11-10 17:05:10.000
2026-07-10 15:49:15.560   Installing the file.
2026-07-10 15:49:15.561   Successfully installed the file.
2026-07-10 15:49:15.561   -- File entry --
2026-07-10 15:49:15.561   Dest filename: C:\JL\pi32\include\libc\wordexp.h
2026-07-10 15:49:15.562   Time stamp of our file: 2021-11-10 17:05:10.000
2026-07-10 15:49:15.562   Installing the file.
2026-07-10 15:49:15.564   Successfully installed the file.
2026-07-10 15:49:15.564   -- File entry --
2026-07-10 15:49:15.564   Dest filename: C:\JL\pi32\include\libc\_ansi.h
2026-07-10 15:49:15.564   Time stamp of our file: 2021-11-10 17:05:10.000
2026-07-10 15:49:15.564   Installing the file.
2026-07-10 15:49:15.566   Successfully installed the file.
2026-07-10 15:49:15.566   -- File entry --
2026-07-10 15:49:15.566   Dest filename: C:\JL\pi32\include\libc\_syslist.h
2026-07-10 15:49:15.566   Time stamp of our file: 2021-11-10 17:05:10.000
2026-07-10 15:49:15.566   Installing the file.
2026-07-10 15:49:15.568   Successfully installed the file.
2026-07-10 15:49:15.568   -- File entry --
2026-07-10 15:49:15.568   Dest filename: C:\JL\pi32\include\libc\machine\ansi.h
2026-07-10 15:49:15.568   Time stamp of our file: 2021-11-10 17:05:10.000
2026-07-10 15:49:15.568   Installing the file.
2026-07-10 15:49:15.568   Creating directory: C:\JL\pi32\include\libc\machine
2026-07-10 15:49:15.570   Successfully installed the file.
2026-07-10 15:49:15.570   -- File entry --
2026-07-10 15:49:15.570   Dest filename: C:\JL\pi32\include\libc\machine\endian.h
2026-07-10 15:49:15.570   Time stamp of our file: 2021-11-10 17:05:10.000
2026-07-10 15:49:15.570   Installing the file.
2026-07-10 15:49:15.571   Successfully installed the file.
2026-07-10 15:49:15.571   -- File entry --
2026-07-10 15:49:15.571   Dest filename: C:\JL\pi32\include\libc\machine\fastmath.h
2026-07-10 15:49:15.572   Time stamp of our file: 2021-11-10 17:05:10.000
2026-07-10 15:49:15.572   Installing the file.
2026-07-10 15:49:15.573   Successfully installed the file.
2026-07-10 15:49:15.573   -- File entry --
2026-07-10 15:49:15.573   Dest filename: C:\JL\pi32\include\libc\machine\ieeefp.h
2026-07-10 15:49:15.574   Time stamp of our file: 2021-11-10 17:05:10.000
2026-07-10 15:49:15.574   Installing the file.
2026-07-10 15:49:15.575   Successfully installed the file.
2026-07-10 15:49:15.575   -- File entry --
2026-07-10 15:49:15.575   Dest filename: C:\JL\pi32\include\libc\machine\malloc.h
2026-07-10 15:49:15.577   Time stamp of our file: 2021-11-10 17:05:10.000
2026-07-10 15:49:15.577   Installing the file.
2026-07-10 15:49:15.578   Successfully installed the file.
2026-07-10 15:49:15.578   -- File entry --
2026-07-10 15:49:15.578   Dest filename: C:\JL\pi32\include\libc\machine\param.h
2026-07-10 15:49:15.578   Time stamp of our file: 2021-11-10 17:05:10.000
2026-07-10 15:49:15.578   Installing the file.
2026-07-10 15:49:15.579   Successfully installed the file.
2026-07-10 15:49:15.579   -- File entry --
2026-07-10 15:49:15.579   Dest filename: C:\JL\pi32\include\libc\machine\setjmp-dj.h
2026-07-10 15:49:15.579   Time stamp of our file: 2021-11-10 17:05:10.000
2026-07-10 15:49:15.579   Installing the file.
2026-07-10 15:49:15.580   Successfully installed the file.
2026-07-10 15:49:15.580   -- File entry --
2026-07-10 15:49:15.580   Dest filename: C:\JL\pi32\include\libc\machine\setjmp.h
2026-07-10 15:49:15.580   Time stamp of our file: 2021-11-10 17:05:10.000
2026-07-10 15:49:15.580   Installing the file.
2026-07-10 15:49:15.581   Successfully installed the file.
2026-07-10 15:49:15.581   -- File entry --
2026-07-10 15:49:15.581   Dest filename: C:\JL\pi32\include\libc\machine\stdlib.h
2026-07-10 15:49:15.582   Time stamp of our file: 2021-11-10 17:05:10.000
2026-07-10 15:49:15.582   Installing the file.
2026-07-10 15:49:15.583   Successfully installed the file.
2026-07-10 15:49:15.583   -- File entry --
2026-07-10 15:49:15.583   Dest filename: C:\JL\pi32\include\libc\machine\termios.h
2026-07-10 15:49:15.583   Time stamp of our file: 2021-11-10 17:05:10.000
2026-07-10 15:49:15.583   Installing the file.
2026-07-10 15:49:15.584   Successfully installed the file.
2026-07-10 15:49:15.584   -- File entry --
2026-07-10 15:49:15.584   Dest filename: C:\JL\pi32\include\libc\machine\time.h
2026-07-10 15:49:15.584   Time stamp of our file: 2021-11-10 17:05:10.000
2026-07-10 15:49:15.584   Installing the file.
2026-07-10 15:49:15.585   Successfully installed the file.
2026-07-10 15:49:15.585   -- File entry --
2026-07-10 15:49:15.586   Dest filename: C:\JL\pi32\include\libc\machine\types.h
2026-07-10 15:49:15.586   Time stamp of our file: 2021-11-10 17:05:10.000
2026-07-10 15:49:15.586   Installing the file.
2026-07-10 15:49:15.588   Successfully installed the file.
2026-07-10 15:49:15.588   -- File entry --
2026-07-10 15:49:15.588   Dest filename: C:\JL\pi32\include\libc\machine\_default_types.h
2026-07-10 15:49:15.588   Time stamp of our file: 2021-11-10 17:05:10.000
2026-07-10 15:49:15.588   Installing the file.
2026-07-10 15:49:15.589   Successfully installed the file.
2026-07-10 15:49:15.589   -- File entry --
2026-07-10 15:49:15.589   Dest filename: C:\JL\pi32\include\libc\machine\_types.h
2026-07-10 15:49:15.590   Time stamp of our file: 2021-11-10 17:05:10.000
2026-07-10 15:49:15.590   Installing the file.
2026-07-10 15:49:15.591   Successfully installed the file.
2026-07-10 15:49:15.591   -- File entry --
2026-07-10 15:49:15.591   Dest filename: C:\JL\pi32\include\libc\rpc\types.h
2026-07-10 15:49:15.591   Time stamp of our file: 2016-08-08 15:36:40.000
2026-07-10 15:49:15.591   Installing the file.
2026-07-10 15:49:15.591   Creating directory: C:\JL\pi32\include\libc\rpc
2026-07-10 15:49:15.593   Successfully installed the file.
2026-07-10 15:49:15.593   -- File entry --
2026-07-10 15:49:15.593   Dest filename: C:\JL\pi32\include\libc\rpc\xdr.h
2026-07-10 15:49:15.593   Time stamp of our file: 2016-08-08 15:36:40.000
2026-07-10 15:49:15.593   Installing the file.
2026-07-10 15:49:15.595   Successfully installed the file.
2026-07-10 15:49:15.595   -- File entry --
2026-07-10 15:49:15.595   Dest filename: C:\JL\pi32\include\libc\sys\cdefs.h
2026-07-10 15:49:15.595   Time stamp of our file: 2021-11-10 17:05:10.000
2026-07-10 15:49:15.595   Installing the file.
2026-07-10 15:49:15.595   Creating directory: C:\JL\pi32\include\libc\sys
2026-07-10 15:49:15.597   Successfully installed the file.
2026-07-10 15:49:15.597   -- File entry --
2026-07-10 15:49:15.597   Dest filename: C:\JL\pi32\include\libc\sys\config.h
2026-07-10 15:49:15.597   Time stamp of our file: 2021-11-10 17:05:10.000
2026-07-10 15:49:15.597   Installing the file.
2026-07-10 15:49:15.599   Successfully installed the file.
2026-07-10 15:49:15.599   -- File entry --
2026-07-10 15:49:15.599   Dest filename: C:\JL\pi32\include\libc\sys\custom_file.h
2026-07-10 15:49:15.599   Time stamp of our file: 2021-11-10 17:05:10.000
2026-07-10 15:49:15.599   Installing the file.
2026-07-10 15:49:15.600   Successfully installed the file.
2026-07-10 15:49:15.600   -- File entry --
2026-07-10 15:49:15.600   Dest filename: C:\JL\pi32\include\libc\sys\dir.h
2026-07-10 15:49:15.600   Time stamp of our file: 2021-11-10 17:05:10.000
2026-07-10 15:49:15.600   Installing the file.
2026-07-10 15:49:15.602   Successfully installed the file.
2026-07-10 15:49:15.603   -- File entry --
2026-07-10 15:49:15.603   Dest filename: C:\JL\pi32\include\libc\sys\dirent.h
2026-07-10 15:49:15.603   Time stamp of our file: 2021-11-10 17:05:10.000
2026-07-10 15:49:15.603   Installing the file.
2026-07-10 15:49:15.604   Successfully installed the file.
2026-07-10 15:49:15.604   -- File entry --
2026-07-10 15:49:15.604   Dest filename: C:\JL\pi32\include\libc\sys\errno.h
2026-07-10 15:49:15.605   Time stamp of our file: 2021-11-10 17:05:10.000
2026-07-10 15:49:15.605   Installing the file.
2026-07-10 15:49:15.606   Successfully installed the file.
2026-07-10 15:49:15.606   -- File entry --
2026-07-10 15:49:15.606   Dest filename: C:\JL\pi32\include\libc\sys\fcntl.h
2026-07-10 15:49:15.606   Time stamp of our file: 2021-11-10 17:05:10.000
2026-07-10 15:49:15.606   Installing the file.
2026-07-10 15:49:15.608   Successfully installed the file.
2026-07-10 15:49:15.608   -- File entry --
2026-07-10 15:49:15.608   Dest filename: C:\JL\pi32\include\libc\sys\features.h
2026-07-10 15:49:15.608   Time stamp of our file: 2021-11-10 17:05:10.000
2026-07-10 15:49:15.608   Installing the file.
2026-07-10 15:49:15.609   Successfully installed the file.
2026-07-10 15:49:15.609   -- File entry --
2026-07-10 15:49:15.609   Dest filename: C:\JL\pi32\include\libc\sys\file.h
2026-07-10 15:49:15.609   Time stamp of our file: 2021-11-10 17:05:10.000
2026-07-10 15:49:15.609   Installing the file.
2026-07-10 15:49:15.610   Successfully installed the file.
2026-07-10 15:49:15.610   -- File entry --
2026-07-10 15:49:15.610   Dest filename: C:\JL\pi32\include\libc\sys\iconvnls.h
2026-07-10 15:49:15.610   Time stamp of our file: 2021-11-10 17:05:10.000
2026-07-10 15:49:15.610   Installing the file.
2026-07-10 15:49:15.612   Successfully installed the file.
2026-07-10 15:49:15.612   -- File entry --
2026-07-10 15:49:15.612   Dest filename: C:\JL\pi32\include\libc\sys\lock.h
2026-07-10 15:49:15.612   Time stamp of our file: 2021-11-10 17:05:10.000
2026-07-10 15:49:15.612   Installing the file.
2026-07-10 15:49:15.613   Successfully installed the file.
2026-07-10 15:49:15.613   -- File entry --
2026-07-10 15:49:15.613   Dest filename: C:\JL\pi32\include\libc\sys\param.h
2026-07-10 15:49:15.613   Time stamp of our file: 2021-11-10 17:05:10.000
2026-07-10 15:49:15.613   Installing the file.
2026-07-10 15:49:15.615   Successfully installed the file.
2026-07-10 15:49:15.615   -- File entry --
2026-07-10 15:49:15.615   Dest filename: C:\JL\pi32\include\libc\sys\queue.h
2026-07-10 15:49:15.615   Time stamp of our file: 2021-11-10 17:05:10.000
2026-07-10 15:49:15.615   Installing the file.
2026-07-10 15:49:15.617   Successfully installed the file.
2026-07-10 15:49:15.617   -- File entry --
2026-07-10 15:49:15.617   Dest filename: C:\JL\pi32\include\libc\sys\reent.h
2026-07-10 15:49:15.618   Time stamp of our file: 2021-11-10 17:05:10.000
2026-07-10 15:49:15.618   Installing the file.
2026-07-10 15:49:15.619   Successfully installed the file.
2026-07-10 15:49:15.619   -- File entry --
2026-07-10 15:49:15.620   Dest filename: C:\JL\pi32\include\libc\sys\resource.h
2026-07-10 15:49:15.620   Time stamp of our file: 2021-11-10 17:05:10.000
2026-07-10 15:49:15.620   Installing the file.
2026-07-10 15:49:15.621   Successfully installed the file.
2026-07-10 15:49:15.621   -- File entry --
2026-07-10 15:49:15.621   Dest filename: C:\JL\pi32\include\libc\sys\sched.h
2026-07-10 15:49:15.621   Time stamp of our file: 2021-11-10 17:05:10.000
2026-07-10 15:49:15.621   Installing the file.
2026-07-10 15:49:15.622   Successfully installed the file.
2026-07-10 15:49:15.622   -- File entry --
2026-07-10 15:49:15.622   Dest filename: C:\JL\pi32\include\libc\sys\signal.h
2026-07-10 15:49:15.623   Time stamp of our file: 2021-11-10 17:05:10.000
2026-07-10 15:49:15.623   Installing the file.
2026-07-10 15:49:15.623   Successfully installed the file.
2026-07-10 15:49:15.623   -- File entry --
2026-07-10 15:49:15.623   Dest filename: C:\JL\pi32\include\libc\sys\stat.h
2026-07-10 15:49:15.625   Time stamp of our file: 2021-11-10 17:05:10.000
2026-07-10 15:49:15.625   Installing the file.
2026-07-10 15:49:15.626   Successfully installed the file.
2026-07-10 15:49:15.626   -- File entry --
2026-07-10 15:49:15.626   Dest filename: C:\JL\pi32\include\libc\sys\stdio.h
2026-07-10 15:49:15.626   Time stamp of our file: 2021-11-10 17:05:10.000
2026-07-10 15:49:15.626   Installing the file.
2026-07-10 15:49:15.630   Successfully installed the file.
2026-07-10 15:49:15.630   -- File entry --
2026-07-10 15:49:15.630   Dest filename: C:\JL\pi32\include\libc\sys\string.h
2026-07-10 15:49:15.631   Time stamp of our file: 2021-11-10 17:05:10.000
2026-07-10 15:49:15.631   Installing the file.
2026-07-10 15:49:15.632   Successfully installed the file.
2026-07-10 15:49:15.632   -- File entry --
2026-07-10 15:49:15.632   Dest filename: C:\JL\pi32\include\libc\sys\syslimits.h
2026-07-10 15:49:15.633   Time stamp of our file: 2021-11-10 17:05:10.000
2026-07-10 15:49:15.633   Installing the file.
2026-07-10 15:49:15.634   Successfully installed the file.
2026-07-10 15:49:15.634   -- File entry --
2026-07-10 15:49:15.634   Dest filename: C:\JL\pi32\include\libc\sys\time.h
2026-07-10 15:49:15.634   Time stamp of our file: 2021-11-10 17:05:10.000
2026-07-10 15:49:15.635   Installing the file.
2026-07-10 15:49:15.636   Successfully installed the file.
2026-07-10 15:49:15.636   -- File entry --
2026-07-10 15:49:15.636   Dest filename: C:\JL\pi32\include\libc\sys\timeb.h
2026-07-10 15:49:15.636   Time stamp of our file: 2021-11-10 17:05:10.000
2026-07-10 15:49:15.636   Installing the file.
2026-07-10 15:49:15.637   Successfully installed the file.
2026-07-10 15:49:15.638   -- File entry --
2026-07-10 15:49:15.638   Dest filename: C:\JL\pi32\include\libc\sys\times.h
2026-07-10 15:49:15.638   Time stamp of our file: 2021-11-10 17:05:10.000
2026-07-10 15:49:15.638   Installing the file.
2026-07-10 15:49:15.639   Successfully installed the file.
2026-07-10 15:49:15.639   -- File entry --
2026-07-10 15:49:15.639   Dest filename: C:\JL\pi32\include\libc\sys\timespec.h
2026-07-10 15:49:15.639   Time stamp of our file: 2021-11-10 17:05:10.000
2026-07-10 15:49:15.639   Installing the file.
2026-07-10 15:49:15.640   Successfully installed the file.
2026-07-10 15:49:15.641   -- File entry --
2026-07-10 15:49:15.641   Dest filename: C:\JL\pi32\include\libc\sys\tree.h
2026-07-10 15:49:15.641   Time stamp of our file: 2021-11-10 17:05:10.000
2026-07-10 15:49:15.641   Installing the file.
2026-07-10 15:49:15.642   Successfully installed the file.
2026-07-10 15:49:15.642   -- File entry --
2026-07-10 15:49:15.643   Dest filename: C:\JL\pi32\include\libc\sys\types.h
2026-07-10 15:49:15.643   Time stamp of our file: 2021-11-10 17:05:10.000
2026-07-10 15:49:15.643   Installing the file.
2026-07-10 15:49:15.644   Successfully installed the file.
2026-07-10 15:49:15.644   -- File entry --
2026-07-10 15:49:15.644   Dest filename: C:\JL\pi32\include\libc\sys\unistd.h
2026-07-10 15:49:15.644   Time stamp of our file: 2021-11-10 17:05:10.000
2026-07-10 15:49:15.644   Installing the file.
2026-07-10 15:49:15.647   Successfully installed the file.
2026-07-10 15:49:15.647   -- File entry --
2026-07-10 15:49:15.647   Dest filename: C:\JL\pi32\include\libc\sys\utime.h
2026-07-10 15:49:15.647   Time stamp of our file: 2021-11-10 17:05:10.000
2026-07-10 15:49:15.647   Installing the file.
2026-07-10 15:49:15.648   Successfully installed the file.
2026-07-10 15:49:15.648   -- File entry --
2026-07-10 15:49:15.648   Dest filename: C:\JL\pi32\include\libc\sys\wait.h
2026-07-10 15:49:15.648   Time stamp of our file: 2021-11-10 17:05:10.000
2026-07-10 15:49:15.648   Installing the file.
2026-07-10 15:49:15.649   Successfully installed the file.
2026-07-10 15:49:15.649   -- File entry --
2026-07-10 15:49:15.649   Dest filename: C:\JL\pi32\include\libc\sys\_default_fcntl.h
2026-07-10 15:49:15.649   Time stamp of our file: 2021-11-10 17:05:10.000
2026-07-10 15:49:15.649   Installing the file.
2026-07-10 15:49:15.650   Successfully installed the file.
2026-07-10 15:49:15.651   -- File entry --
2026-07-10 15:49:15.651   Dest filename: C:\JL\pi32\include\libc\sys\_intsup.h
2026-07-10 15:49:15.651   Time stamp of our file: 2021-11-10 17:05:10.000
2026-07-10 15:49:15.651   Installing the file.
2026-07-10 15:49:15.652   Successfully installed the file.
2026-07-10 15:49:15.652   -- File entry --
2026-07-10 15:49:15.652   Dest filename: C:\JL\pi32\include\libc\sys\_stdint.h
2026-07-10 15:49:15.652   Time stamp of our file: 2021-11-10 17:05:10.000
2026-07-10 15:49:15.652   Installing the file.
2026-07-10 15:49:15.653   Successfully installed the file.
2026-07-10 15:49:15.653   -- File entry --
2026-07-10 15:49:15.654   Dest filename: C:\JL\pi32\include\libc\sys\_timespec.h
2026-07-10 15:49:15.654   Time stamp of our file: 2021-11-10 17:05:10.000
2026-07-10 15:49:15.654   Installing the file.
2026-07-10 15:49:15.655   Successfully installed the file.
2026-07-10 15:49:15.655   -- File entry --
2026-07-10 15:49:15.655   Dest filename: C:\JL\pi32\include\libc\sys\_timeval.h
2026-07-10 15:49:15.655   Time stamp of our file: 2021-11-10 17:05:10.000
2026-07-10 15:49:15.655   Installing the file.
2026-07-10 15:49:15.656   Successfully installed the file.
2026-07-10 15:49:15.656   -- File entry --
2026-07-10 15:49:15.656   Dest filename: C:\JL\pi32\include\libc\sys\_types.h
2026-07-10 15:49:15.657   Time stamp of our file: 2021-11-10 17:05:10.000
2026-07-10 15:49:15.657   Installing the file.
2026-07-10 15:49:15.658   Successfully installed the file.
2026-07-10 15:49:15.658   -- File entry --
2026-07-10 15:49:15.658   Dest filename: C:\JL\pi32\lib\libc.a
2026-07-10 15:49:15.658   Time stamp of our file: 2021-11-10 17:05:10.000
2026-07-10 15:49:15.658   Installing the file.
2026-07-10 15:49:15.658   Creating directory: C:\JL\pi32\lib
2026-07-10 15:49:15.664   Successfully installed the file.
2026-07-10 15:49:15.664   -- File entry --
2026-07-10 15:49:15.664   Dest filename: C:\JL\pi32\lib\libcompiler-rt.a
2026-07-10 15:49:15.664   Time stamp of our file: 2016-08-08 15:36:36.000
2026-07-10 15:49:15.664   Installing the file.
2026-07-10 15:49:15.667   Successfully installed the file.
2026-07-10 15:49:15.667   -- File entry --
2026-07-10 15:49:15.667   Dest filename: C:\JL\pi32\lib\libcsupply.a
2026-07-10 15:49:15.667   Time stamp of our file: 2022-11-11 15:43:58.000
2026-07-10 15:49:15.667   Installing the file.
2026-07-10 15:49:15.669   Successfully installed the file.
2026-07-10 15:49:15.669   -- File entry --
2026-07-10 15:49:15.669   Dest filename: C:\JL\pi32\lib\libcsupply_f.a
2026-07-10 15:49:15.669   Time stamp of our file: 2022-11-11 15:43:56.000
2026-07-10 15:49:15.669   Installing the file.
2026-07-10 15:49:15.671   Successfully installed the file.
2026-07-10 15:49:15.671   -- File entry --
2026-07-10 15:49:15.671   Dest filename: C:\JL\pi32\lib\libcsupply_fll.a
2026-07-10 15:49:15.671   Time stamp of our file: 2022-11-11 15:43:56.000
2026-07-10 15:49:15.671   Installing the file.
2026-07-10 15:49:15.672   Successfully installed the file.
2026-07-10 15:49:15.672   -- File entry --
2026-07-10 15:49:15.672   Dest filename: C:\JL\pi32\lib\libcsupply_ll.a
2026-07-10 15:49:15.673   Time stamp of our file: 2022-11-11 15:43:58.000
2026-07-10 15:49:15.673   Installing the file.
2026-07-10 15:49:15.674   Successfully installed the file.
2026-07-10 15:49:15.674   -- File entry --
2026-07-10 15:49:15.674   Dest filename: C:\JL\pi32\lib\libg.a
2026-07-10 15:49:15.674   Time stamp of our file: 2021-11-10 17:05:10.000
2026-07-10 15:49:15.674   Installing the file.
2026-07-10 15:49:15.682   Successfully installed the file.
2026-07-10 15:49:15.682   -- File entry --
2026-07-10 15:49:15.682   Dest filename: C:\JL\pi32\lib\libm.a
2026-07-10 15:49:15.682   Time stamp of our file: 2021-11-10 17:05:10.000
2026-07-10 15:49:15.682   Installing the file.
2026-07-10 15:49:15.690   Successfully installed the file.
2026-07-10 15:49:15.690   -- File entry --
2026-07-10 15:49:15.690   Dest filename: C:\JL\pi32\lib\clang\3.8.0\include\adxintrin.h
2026-07-10 15:49:15.690   Time stamp of our file: 2016-08-08 15:36:38.000
2026-07-10 15:49:15.690   Installing the file.
2026-07-10 15:49:15.690   Creating directory: C:\JL\pi32\lib\clang
2026-07-10 15:49:15.690   Creating directory: C:\JL\pi32\lib\clang\3.8.0
2026-07-10 15:49:15.691   Creating directory: C:\JL\pi32\lib\clang\3.8.0\include
2026-07-10 15:49:15.692   Successfully installed the file.
2026-07-10 15:49:15.692   -- File entry --
2026-07-10 15:49:15.692   Dest filename: C:\JL\pi32\lib\clang\3.8.0\include\altivec.h
2026-07-10 15:49:15.692   Time stamp of our file: 2016-08-08 15:36:38.000
2026-07-10 15:49:15.692   Installing the file.
2026-07-10 15:49:15.696   Successfully installed the file.
2026-07-10 15:49:15.696   -- File entry --
2026-07-10 15:49:15.696   Dest filename: C:\JL\pi32\lib\clang\3.8.0\include\ammintrin.h
2026-07-10 15:49:15.696   Time stamp of our file: 2016-08-08 15:36:38.000
2026-07-10 15:49:15.696   Installing the file.
2026-07-10 15:49:15.697   Successfully installed the file.
2026-07-10 15:49:15.697   -- File entry --
2026-07-10 15:49:15.697   Dest filename: C:\JL\pi32\lib\clang\3.8.0\include\arm_acle.h
2026-07-10 15:49:15.698   Time stamp of our file: 2016-08-08 15:36:38.000
2026-07-10 15:49:15.698   Installing the file.
2026-07-10 15:49:15.699   Successfully installed the file.
2026-07-10 15:49:15.699   -- File entry --
2026-07-10 15:49:15.699   Dest filename: C:\JL\pi32\lib\clang\3.8.0\include\arm_neon.h
2026-07-10 15:49:15.699   Time stamp of our file: 2016-08-08 15:36:38.000
2026-07-10 15:49:15.699   Installing the file.
2026-07-10 15:49:15.710   Successfully installed the file.
2026-07-10 15:49:15.712   -- File entry --
2026-07-10 15:49:15.712   Dest filename: C:\JL\pi32\lib\clang\3.8.0\include\avx2intrin.h
2026-07-10 15:49:15.712   Time stamp of our file: 2016-08-08 15:36:38.000
2026-07-10 15:49:15.712   Installing the file.
2026-07-10 15:49:15.713   Successfully installed the file.
2026-07-10 15:49:15.713   -- File entry --
2026-07-10 15:49:15.713   Dest filename: C:\JL\pi32\lib\clang\3.8.0\include\avx512bwintrin.h
2026-07-10 15:49:15.714   Time stamp of our file: 2016-08-08 15:36:38.000
2026-07-10 15:49:15.714   Installing the file.
2026-07-10 15:49:15.715   Successfully installed the file.
2026-07-10 15:49:15.715   -- File entry --
2026-07-10 15:49:15.715   Dest filename: C:\JL\pi32\lib\clang\3.8.0\include\avx512cdintrin.h
2026-07-10 15:49:15.715   Time stamp of our file: 2016-08-08 15:36:38.000
2026-07-10 15:49:15.715   Installing the file.
2026-07-10 15:49:15.716   Successfully installed the file.
2026-07-10 15:49:15.716   -- File entry --
2026-07-10 15:49:15.716   Dest filename: C:\JL\pi32\lib\clang\3.8.0\include\avx512dqintrin.h
2026-07-10 15:49:15.716   Time stamp of our file: 2016-08-08 15:36:38.000
2026-07-10 15:49:15.716   Installing the file.
2026-07-10 15:49:15.718   Successfully installed the file.
2026-07-10 15:49:15.718   -- File entry --
2026-07-10 15:49:15.718   Dest filename: C:\JL\pi32\lib\clang\3.8.0\include\avx512erintrin.h
2026-07-10 15:49:15.718   Time stamp of our file: 2016-08-08 15:36:38.000
2026-07-10 15:49:15.718   Installing the file.
2026-07-10 15:49:15.719   Successfully installed the file.
2026-07-10 15:49:15.719   -- File entry --
2026-07-10 15:49:15.719   Dest filename: C:\JL\pi32\lib\clang\3.8.0\include\avx512fintrin.h
2026-07-10 15:49:15.719   Time stamp of our file: 2016-08-08 15:36:38.000
2026-07-10 15:49:15.719   Installing the file.
2026-07-10 15:49:15.721   Successfully installed the file.
2026-07-10 15:49:15.721   -- File entry --
2026-07-10 15:49:15.721   Dest filename: C:\JL\pi32\lib\clang\3.8.0\include\avx512vlbwintrin.h
2026-07-10 15:49:15.721   Time stamp of our file: 2016-08-08 15:36:38.000
2026-07-10 15:49:15.721   Installing the file.
2026-07-10 15:49:15.724   Successfully installed the file.
2026-07-10 15:49:15.724   -- File entry --
2026-07-10 15:49:15.724   Dest filename: C:\JL\pi32\lib\clang\3.8.0\include\avx512vldqintrin.h
2026-07-10 15:49:15.724   Time stamp of our file: 2016-08-08 15:36:38.000
2026-07-10 15:49:15.724   Installing the file.
2026-07-10 15:49:15.725   Successfully installed the file.
2026-07-10 15:49:15.725   -- File entry --
2026-07-10 15:49:15.725   Dest filename: C:\JL\pi32\lib\clang\3.8.0\include\avx512vlintrin.h
2026-07-10 15:49:15.725   Time stamp of our file: 2016-08-08 15:36:38.000
2026-07-10 15:49:15.726   Installing the file.
2026-07-10 15:49:15.728   Successfully installed the file.
2026-07-10 15:49:15.728   -- File entry --
2026-07-10 15:49:15.728   Dest filename: C:\JL\pi32\lib\clang\3.8.0\include\avxintrin.h
2026-07-10 15:49:15.728   Time stamp of our file: 2016-08-08 15:36:38.000
2026-07-10 15:49:15.728   Installing the file.
2026-07-10 15:49:15.729   Successfully installed the file.
2026-07-10 15:49:15.729   -- File entry --
2026-07-10 15:49:15.729   Dest filename: C:\JL\pi32\lib\clang\3.8.0\include\bmi2intrin.h
2026-07-10 15:49:15.729   Time stamp of our file: 2016-08-08 15:36:38.000
2026-07-10 15:49:15.729   Installing the file.
2026-07-10 15:49:15.730   Successfully installed the file.
2026-07-10 15:49:15.730   -- File entry --
2026-07-10 15:49:15.730   Dest filename: C:\JL\pi32\lib\clang\3.8.0\include\bmiintrin.h
2026-07-10 15:49:15.731   Time stamp of our file: 2016-08-08 15:36:38.000
2026-07-10 15:49:15.731   Installing the file.
2026-07-10 15:49:15.732   Successfully installed the file.
2026-07-10 15:49:15.732   -- File entry --
2026-07-10 15:49:15.733   Dest filename: C:\JL\pi32\lib\clang\3.8.0\include\cpuid.h
2026-07-10 15:49:15.733   Time stamp of our file: 2016-08-08 15:36:36.000
2026-07-10 15:49:15.733   Installing the file.
2026-07-10 15:49:15.734   Successfully installed the file.
2026-07-10 15:49:15.734   -- File entry --
2026-07-10 15:49:15.734   Dest filename: C:\JL\pi32\lib\clang\3.8.0\include\cuda_builtin_vars.h
2026-07-10 15:49:15.734   Time stamp of our file: 2016-08-08 15:36:38.000
2026-07-10 15:49:15.734   Installing the file.
2026-07-10 15:49:15.735   Successfully installed the file.
2026-07-10 15:49:15.735   -- File entry --
2026-07-10 15:49:15.735   Dest filename: C:\JL\pi32\lib\clang\3.8.0\include\emmintrin.h
2026-07-10 15:49:15.736   Time stamp of our file: 2016-08-08 15:36:38.000
2026-07-10 15:49:15.736   Installing the file.
2026-07-10 15:49:15.737   Successfully installed the file.
2026-07-10 15:49:15.737   -- File entry --
2026-07-10 15:49:15.737   Dest filename: C:\JL\pi32\lib\clang\3.8.0\include\f16cintrin.h
2026-07-10 15:49:15.737   Time stamp of our file: 2016-08-08 15:36:38.000
2026-07-10 15:49:15.737   Installing the file.
2026-07-10 15:49:15.738   Successfully installed the file.
2026-07-10 15:49:15.738   -- File entry --
2026-07-10 15:49:15.739   Dest filename: C:\JL\pi32\lib\clang\3.8.0\include\float.h
2026-07-10 15:49:15.739   Time stamp of our file: 2016-08-08 15:36:38.000
2026-07-10 15:49:15.739   Installing the file.
2026-07-10 15:49:15.740   Successfully installed the file.
2026-07-10 15:49:15.740   -- File entry --
2026-07-10 15:49:15.740   Dest filename: C:\JL\pi32\lib\clang\3.8.0\include\fma4intrin.h
2026-07-10 15:49:15.740   Time stamp of our file: 2016-08-08 15:36:38.000
2026-07-10 15:49:15.740   Installing the file.
2026-07-10 15:49:15.741   Successfully installed the file.
2026-07-10 15:49:15.741   -- File entry --
2026-07-10 15:49:15.741   Dest filename: C:\JL\pi32\lib\clang\3.8.0\include\fmaintrin.h
2026-07-10 15:49:15.741   Time stamp of our file: 2016-08-08 15:36:38.000
2026-07-10 15:49:15.741   Installing the file.
2026-07-10 15:49:15.742   Successfully installed the file.
2026-07-10 15:49:15.743   -- File entry --
2026-07-10 15:49:15.743   Dest filename: C:\JL\pi32\lib\clang\3.8.0\include\fxsrintrin.h
2026-07-10 15:49:15.743   Time stamp of our file: 2016-08-08 15:36:38.000
2026-07-10 15:49:15.743   Installing the file.
2026-07-10 15:49:15.744   Successfully installed the file.
2026-07-10 15:49:15.744   -- File entry --
2026-07-10 15:49:15.744   Dest filename: C:\JL\pi32\lib\clang\3.8.0\include\htmintrin.h
2026-07-10 15:49:15.744   Time stamp of our file: 2016-08-08 15:36:38.000
2026-07-10 15:49:15.744   Installing the file.
2026-07-10 15:49:15.745   Successfully installed the file.
2026-07-10 15:49:15.745   -- File entry --
2026-07-10 15:49:15.745   Dest filename: C:\JL\pi32\lib\clang\3.8.0\include\htmxlintrin.h
2026-07-10 15:49:15.746   Time stamp of our file: 2016-08-08 15:36:38.000
2026-07-10 15:49:15.746   Installing the file.
2026-07-10 15:49:15.746   Successfully installed the file.
2026-07-10 15:49:15.747   -- File entry --
2026-07-10 15:49:15.747   Dest filename: C:\JL\pi32\lib\clang\3.8.0\include\ia32intrin.h
2026-07-10 15:49:15.747   Time stamp of our file: 2016-08-08 15:36:38.000
2026-07-10 15:49:15.747   Installing the file.
2026-07-10 15:49:15.748   Successfully installed the file.
2026-07-10 15:49:15.748   -- File entry --
2026-07-10 15:49:15.748   Dest filename: C:\JL\pi32\lib\clang\3.8.0\include\immintrin.h
2026-07-10 15:49:15.749   Time stamp of our file: 2016-08-08 15:36:38.000
2026-07-10 15:49:15.749   Installing the file.
2026-07-10 15:49:15.750   Successfully installed the file.
2026-07-10 15:49:15.750   -- File entry --
2026-07-10 15:49:15.750   Dest filename: C:\JL\pi32\lib\clang\3.8.0\include\Intrin.h
2026-07-10 15:49:15.750   Time stamp of our file: 2016-08-08 15:36:38.000
2026-07-10 15:49:15.750   Installing the file.
2026-07-10 15:49:15.751   Successfully installed the file.
2026-07-10 15:49:15.751   -- File entry --
2026-07-10 15:49:15.751   Dest filename: C:\JL\pi32\lib\clang\3.8.0\include\inttypes.h
2026-07-10 15:49:15.751   Time stamp of our file: 2016-08-08 15:36:38.000
2026-07-10 15:49:15.751   Installing the file.
2026-07-10 15:49:15.753   Successfully installed the file.
2026-07-10 15:49:15.753   -- File entry --
2026-07-10 15:49:15.753   Dest filename: C:\JL\pi32\lib\clang\3.8.0\include\iso646.h
2026-07-10 15:49:15.753   Time stamp of our file: 2016-08-08 15:36:38.000
2026-07-10 15:49:15.753   Installing the file.
2026-07-10 15:49:15.754   Successfully installed the file.
2026-07-10 15:49:15.754   -- File entry --
2026-07-10 15:49:15.754   Dest filename: C:\JL\pi32\lib\clang\3.8.0\include\limits.h
2026-07-10 15:49:15.754   Time stamp of our file: 2016-08-08 15:36:38.000
2026-07-10 15:49:15.754   Installing the file.
2026-07-10 15:49:15.756   Successfully installed the file.
2026-07-10 15:49:15.756   -- File entry --
2026-07-10 15:49:15.756   Dest filename: C:\JL\pi32\lib\clang\3.8.0\include\lzcntintrin.h
2026-07-10 15:49:15.756   Time stamp of our file: 2016-08-08 15:36:38.000
2026-07-10 15:49:15.756   Installing the file.
2026-07-10 15:49:15.757   Successfully installed the file.
2026-07-10 15:49:15.757   -- File entry --
2026-07-10 15:49:15.757   Dest filename: C:\JL\pi32\lib\clang\3.8.0\include\mm3dnow.h
2026-07-10 15:49:15.758   Time stamp of our file: 2016-08-08 15:36:38.000
2026-07-10 15:49:15.758   Installing the file.
2026-07-10 15:49:15.758   Successfully installed the file.
2026-07-10 15:49:15.758   -- File entry --
2026-07-10 15:49:15.758   Dest filename: C:\JL\pi32\lib\clang\3.8.0\include\mmintrin.h
2026-07-10 15:49:15.758   Time stamp of our file: 2016-08-08 15:36:38.000
2026-07-10 15:49:15.758   Installing the file.
2026-07-10 15:49:15.760   Successfully installed the file.
2026-07-10 15:49:15.760   -- File entry --
2026-07-10 15:49:15.760   Dest filename: C:\JL\pi32\lib\clang\3.8.0\include\mm_malloc.h
2026-07-10 15:49:15.760   Time stamp of our file: 2016-08-08 15:36:38.000
2026-07-10 15:49:15.760   Installing the file.
2026-07-10 15:49:15.762   Successfully installed the file.
2026-07-10 15:49:15.762   -- File entry --
2026-07-10 15:49:15.762   Dest filename: C:\JL\pi32\lib\clang\3.8.0\include\module.modulemap
2026-07-10 15:49:15.763   Time stamp of our file: 2016-08-08 15:36:38.000
2026-07-10 15:49:15.763   Installing the file.
2026-07-10 15:49:15.764   Successfully installed the file.
2026-07-10 15:49:15.764   -- File entry --
2026-07-10 15:49:15.764   Dest filename: C:\JL\pi32\lib\clang\3.8.0\include\nmmintrin.h
2026-07-10 15:49:15.764   Time stamp of our file: 2016-08-08 15:36:38.000
2026-07-10 15:49:15.764   Installing the file.
2026-07-10 15:49:15.765   Successfully installed the file.
2026-07-10 15:49:15.765   -- File entry --
2026-07-10 15:49:15.765   Dest filename: C:\JL\pi32\lib\clang\3.8.0\include\pmmintrin.h
2026-07-10 15:49:15.765   Time stamp of our file: 2016-08-08 15:36:38.000
2026-07-10 15:49:15.765   Installing the file.
2026-07-10 15:49:15.767   Successfully installed the file.
2026-07-10 15:49:15.767   -- File entry --
2026-07-10 15:49:15.767   Dest filename: C:\JL\pi32\lib\clang\3.8.0\include\popcntintrin.h
2026-07-10 15:49:15.768   Time stamp of our file: 2016-08-08 15:36:38.000
2026-07-10 15:49:15.768   Installing the file.
2026-07-10 15:49:15.769   Successfully installed the file.
2026-07-10 15:49:15.769   -- File entry --
2026-07-10 15:49:15.769   Dest filename: C:\JL\pi32\lib\clang\3.8.0\include\prfchwintrin.h
2026-07-10 15:49:15.769   Time stamp of our file: 2016-08-08 15:36:38.000
2026-07-10 15:49:15.769   Installing the file.
2026-07-10 15:49:15.770   Successfully installed the file.
2026-07-10 15:49:15.770   -- File entry --
2026-07-10 15:49:15.771   Dest filename: C:\JL\pi32\lib\clang\3.8.0\include\rdseedintrin.h
2026-07-10 15:49:15.771   Time stamp of our file: 2016-08-08 15:36:38.000
2026-07-10 15:49:15.771   Installing the file.
2026-07-10 15:49:15.772   Successfully installed the file.
2026-07-10 15:49:15.772   -- File entry --
2026-07-10 15:49:15.772   Dest filename: C:\JL\pi32\lib\clang\3.8.0\include\rtmintrin.h
2026-07-10 15:49:15.772   Time stamp of our file: 2016-08-08 15:36:38.000
2026-07-10 15:49:15.772   Installing the file.
2026-07-10 15:49:15.773   Successfully installed the file.
2026-07-10 15:49:15.774   -- File entry --
2026-07-10 15:49:15.774   Dest filename: C:\JL\pi32\lib\clang\3.8.0\include\s390intrin.h
2026-07-10 15:49:15.774   Time stamp of our file: 2016-08-08 15:36:38.000
2026-07-10 15:49:15.774   Installing the file.
2026-07-10 15:49:15.775   Successfully installed the file.
2026-07-10 15:49:15.775   -- File entry --
2026-07-10 15:49:15.775   Dest filename: C:\JL\pi32\lib\clang\3.8.0\include\shaintrin.h
2026-07-10 15:49:15.775   Time stamp of our file: 2016-08-08 15:36:38.000
2026-07-10 15:49:15.775   Installing the file.
2026-07-10 15:49:15.776   Successfully installed the file.
2026-07-10 15:49:15.776   -- File entry --
2026-07-10 15:49:15.777   Dest filename: C:\JL\pi32\lib\clang\3.8.0\include\smmintrin.h
2026-07-10 15:49:15.777   Time stamp of our file: 2016-08-08 15:36:38.000
2026-07-10 15:49:15.777   Installing the file.
2026-07-10 15:49:15.778   Successfully installed the file.
2026-07-10 15:49:15.778   -- File entry --
2026-07-10 15:49:15.778   Dest filename: C:\JL\pi32\lib\clang\3.8.0\include\stdalign.h
2026-07-10 15:49:15.779   Time stamp of our file: 2016-08-08 15:36:38.000
2026-07-10 15:49:15.779   Installing the file.
2026-07-10 15:49:15.779   Successfully installed the file.
2026-07-10 15:49:15.779   -- File entry --
2026-07-10 15:49:15.779   Dest filename: C:\JL\pi32\lib\clang\3.8.0\include\stdarg.h
2026-07-10 15:49:15.780   Time stamp of our file: 2016-08-08 15:36:38.000
2026-07-10 15:49:15.780   Installing the file.
2026-07-10 15:49:15.781   Successfully installed the file.
2026-07-10 15:49:15.781   -- File entry --
2026-07-10 15:49:15.781   Dest filename: C:\JL\pi32\lib\clang\3.8.0\include\stdatomic.h
2026-07-10 15:49:15.781   Time stamp of our file: 2016-08-08 15:36:38.000
2026-07-10 15:49:15.781   Installing the file.
2026-07-10 15:49:15.782   Successfully installed the file.
2026-07-10 15:49:15.782   -- File entry --
2026-07-10 15:49:15.782   Dest filename: C:\JL\pi32\lib\clang\3.8.0\include\stdbool.h
2026-07-10 15:49:15.783   Time stamp of our file: 2016-08-08 15:36:38.000
2026-07-10 15:49:15.783   Installing the file.
2026-07-10 15:49:15.784   Successfully installed the file.
2026-07-10 15:49:15.784   -- File entry --
2026-07-10 15:49:15.784   Dest filename: C:\JL\pi32\lib\clang\3.8.0\include\stddef.h
2026-07-10 15:49:15.784   Time stamp of our file: 2016-08-08 15:36:38.000
2026-07-10 15:49:15.784   Installing the file.
2026-07-10 15:49:15.785   Successfully installed the file.
2026-07-10 15:49:15.785   -- File entry --
2026-07-10 15:49:15.785   Dest filename: C:\JL\pi32\lib\clang\3.8.0\include\stdint.h
2026-07-10 15:49:15.786   Time stamp of our file: 2016-08-08 15:36:38.000
2026-07-10 15:49:15.786   Installing the file.
2026-07-10 15:49:15.787   Successfully installed the file.
2026-07-10 15:49:15.787   -- File entry --
2026-07-10 15:49:15.787   Dest filename: C:\JL\pi32\lib\clang\3.8.0\include\stdnoreturn.h
2026-07-10 15:49:15.787   Time stamp of our file: 2016-08-08 15:36:38.000
2026-07-10 15:49:15.787   Installing the file.
2026-07-10 15:49:15.788   Successfully installed the file.
2026-07-10 15:49:15.788   -- File entry --
2026-07-10 15:49:15.788   Dest filename: C:\JL\pi32\lib\clang\3.8.0\include\tbmintrin.h
2026-07-10 15:49:15.789   Time stamp of our file: 2016-08-08 15:36:38.000
2026-07-10 15:49:15.789   Installing the file.
2026-07-10 15:49:15.790   Successfully installed the file.
2026-07-10 15:49:15.790   -- File entry --
2026-07-10 15:49:15.790   Dest filename: C:\JL\pi32\lib\clang\3.8.0\include\tgmath.h
2026-07-10 15:49:15.790   Time stamp of our file: 2016-08-08 15:36:38.000
2026-07-10 15:49:15.790   Installing the file.
2026-07-10 15:49:15.792   Successfully installed the file.
2026-07-10 15:49:15.792   -- File entry --
2026-07-10 15:49:15.792   Dest filename: C:\JL\pi32\lib\clang\3.8.0\include\tmmintrin.h
2026-07-10 15:49:15.792   Time stamp of our file: 2016-08-08 15:36:38.000
2026-07-10 15:49:15.792   Installing the file.
2026-07-10 15:49:15.793   Successfully installed the file.
2026-07-10 15:49:15.793   -- File entry --
2026-07-10 15:49:15.793   Dest filename: C:\JL\pi32\lib\clang\3.8.0\include\unwind.h
2026-07-10 15:49:15.794   Time stamp of our file: 2016-08-08 15:36:38.000
2026-07-10 15:49:15.794   Installing the file.
2026-07-10 15:49:15.795   Successfully installed the file.
2026-07-10 15:49:15.795   -- File entry --
2026-07-10 15:49:15.795   Dest filename: C:\JL\pi32\lib\clang\3.8.0\include\vadefs.h
2026-07-10 15:49:15.795   Time stamp of our file: 2016-08-08 15:36:38.000
2026-07-10 15:49:15.795   Installing the file.
2026-07-10 15:49:15.796   Successfully installed the file.
2026-07-10 15:49:15.796   -- File entry --
2026-07-10 15:49:15.796   Dest filename: C:\JL\pi32\lib\clang\3.8.0\include\varargs.h
2026-07-10 15:49:15.796   Time stamp of our file: 2016-08-08 15:36:38.000
2026-07-10 15:49:15.796   Installing the file.
2026-07-10 15:49:15.797   Successfully installed the file.
2026-07-10 15:49:15.797   -- File entry --
2026-07-10 15:49:15.797   Dest filename: C:\JL\pi32\lib\clang\3.8.0\include\vecintrin.h
2026-07-10 15:49:15.797   Time stamp of our file: 2016-08-08 15:36:38.000
2026-07-10 15:49:15.797   Installing the file.
2026-07-10 15:49:15.799   Successfully installed the file.
2026-07-10 15:49:15.799   -- File entry --
2026-07-10 15:49:15.799   Dest filename: C:\JL\pi32\lib\clang\3.8.0\include\wmmintrin.h
2026-07-10 15:49:15.799   Time stamp of our file: 2016-08-08 15:36:38.000
2026-07-10 15:49:15.799   Installing the file.
2026-07-10 15:49:15.802   Successfully installed the file.
2026-07-10 15:49:15.802   -- File entry --
2026-07-10 15:49:15.802   Dest filename: C:\JL\pi32\lib\clang\3.8.0\include\x86intrin.h
2026-07-10 15:49:15.802   Time stamp of our file: 2016-08-08 15:36:38.000
2026-07-10 15:49:15.802   Installing the file.
2026-07-10 15:49:15.803   Successfully installed the file.
2026-07-10 15:49:15.803   -- File entry --
2026-07-10 15:49:15.803   Dest filename: C:\JL\pi32\lib\clang\3.8.0\include\xmmintrin.h
2026-07-10 15:49:15.804   Time stamp of our file: 2016-08-08 15:36:38.000
2026-07-10 15:49:15.804   Installing the file.
2026-07-10 15:49:15.805   Successfully installed the file.
2026-07-10 15:49:15.805   -- File entry --
2026-07-10 15:49:15.805   Dest filename: C:\JL\pi32\lib\clang\3.8.0\include\xopintrin.h
2026-07-10 15:49:15.805   Time stamp of our file: 2016-08-08 15:36:38.000
2026-07-10 15:49:15.805   Installing the file.
2026-07-10 15:49:15.807   Successfully installed the file.
2026-07-10 15:49:15.807   -- File entry --
2026-07-10 15:49:15.807   Dest filename: C:\JL\pi32\lib\clang\3.8.0\include\xtestintrin.h
2026-07-10 15:49:15.807   Time stamp of our file: 2016-08-08 15:36:38.000
2026-07-10 15:49:15.807   Installing the file.
2026-07-10 15:49:15.808   Successfully installed the file.
2026-07-10 15:49:15.808   -- File entry --
2026-07-10 15:49:15.808   Dest filename: C:\JL\pi32\lib\clang\3.8.0\include\__stddef_max_align_t.h
2026-07-10 15:49:15.808   Time stamp of our file: 2016-08-08 15:36:38.000
2026-07-10 15:49:15.808   Installing the file.
2026-07-10 15:49:15.809   Successfully installed the file.
2026-07-10 15:49:15.809   -- File entry --
2026-07-10 15:49:15.809   Dest filename: C:\JL\pi32\lib\clang\3.8.0\include\__wmmintrin_aes.h
2026-07-10 15:49:15.809   Time stamp of our file: 2016-08-08 15:36:38.000
2026-07-10 15:49:15.809   Installing the file.
2026-07-10 15:49:15.811   Successfully installed the file.
2026-07-10 15:49:15.811   -- File entry --
2026-07-10 15:49:15.811   Dest filename: C:\JL\pi32\lib\clang\3.8.0\include\__wmmintrin_pclmul.h
2026-07-10 15:49:15.812   Time stamp of our file: 2016-08-08 15:36:38.000
2026-07-10 15:49:15.812   Installing the file.
2026-07-10 15:49:15.812   Successfully installed the file.
2026-07-10 15:49:15.814   -- File entry --
2026-07-10 15:49:15.814   Dest filename: C:\JL\pi32\lib\clang\3.9.0\include\adxintrin.h
2026-07-10 15:49:15.814   Time stamp of our file: 2016-08-08 15:36:38.000
2026-07-10 15:49:15.814   Installing the file.
2026-07-10 15:49:15.814   Creating directory: C:\JL\pi32\lib\clang\3.9.0
2026-07-10 15:49:15.814   Creating directory: C:\JL\pi32\lib\clang\3.9.0\include
2026-07-10 15:49:15.815   Successfully installed the file.
2026-07-10 15:49:15.816   -- File entry --
2026-07-10 15:49:15.816   Dest filename: C:\JL\pi32\lib\clang\3.9.0\include\altivec.h
2026-07-10 15:49:15.816   Time stamp of our file: 2016-08-08 15:36:40.000
2026-07-10 15:49:15.816   Installing the file.
2026-07-10 15:49:15.820   Successfully installed the file.
2026-07-10 15:49:15.821   -- File entry --
2026-07-10 15:49:15.821   Dest filename: C:\JL\pi32\lib\clang\3.9.0\include\ammintrin.h
2026-07-10 15:49:15.821   Time stamp of our file: 2016-08-08 15:36:40.000
2026-07-10 15:49:15.821   Installing the file.
2026-07-10 15:49:15.822   Successfully installed the file.
2026-07-10 15:49:15.822   -- File entry --
2026-07-10 15:49:15.822   Dest filename: C:\JL\pi32\lib\clang\3.9.0\include\arm_acle.h
2026-07-10 15:49:15.822   Time stamp of our file: 2016-08-08 15:36:38.000
2026-07-10 15:49:15.822   Installing the file.
2026-07-10 15:49:15.823   Successfully installed the file.
2026-07-10 15:49:15.823   -- File entry --
2026-07-10 15:49:15.823   Dest filename: C:\JL\pi32\lib\clang\3.9.0\include\arm_neon.h
2026-07-10 15:49:15.823   Time stamp of our file: 2016-08-08 15:36:40.000
2026-07-10 15:49:15.823   Installing the file.
2026-07-10 15:49:15.836   Successfully installed the file.
2026-07-10 15:49:15.836   -- File entry --
2026-07-10 15:49:15.836   Dest filename: C:\JL\pi32\lib\clang\3.9.0\include\avx2intrin.h
2026-07-10 15:49:15.836   Time stamp of our file: 2016-08-08 15:36:38.000
2026-07-10 15:49:15.836   Installing the file.
2026-07-10 15:49:15.838   Successfully installed the file.
2026-07-10 15:49:15.838   -- File entry --
2026-07-10 15:49:15.838   Dest filename: C:\JL\pi32\lib\clang\3.9.0\include\avx512bwintrin.h
2026-07-10 15:49:15.838   Time stamp of our file: 2016-08-08 15:36:38.000
2026-07-10 15:49:15.838   Installing the file.
2026-07-10 15:49:15.840   Successfully installed the file.
2026-07-10 15:49:15.840   -- File entry --
2026-07-10 15:49:15.840   Dest filename: C:\JL\pi32\lib\clang\3.9.0\include\avx512cdintrin.h
2026-07-10 15:49:15.840   Time stamp of our file: 2016-08-08 15:36:38.000
2026-07-10 15:49:15.840   Installing the file.
2026-07-10 15:49:15.841   Successfully installed the file.
2026-07-10 15:49:15.841   -- File entry --
2026-07-10 15:49:15.841   Dest filename: C:\JL\pi32\lib\clang\3.9.0\include\avx512dqintrin.h
2026-07-10 15:49:15.841   Time stamp of our file: 2016-08-08 15:36:38.000
2026-07-10 15:49:15.842   Installing the file.
2026-07-10 15:49:15.844   Successfully installed the file.
2026-07-10 15:49:15.844   -- File entry --
2026-07-10 15:49:15.844   Dest filename: C:\JL\pi32\lib\clang\3.9.0\include\avx512erintrin.h
2026-07-10 15:49:15.844   Time stamp of our file: 2016-08-08 15:36:40.000
2026-07-10 15:49:15.844   Installing the file.
2026-07-10 15:49:15.845   Successfully installed the file.
2026-07-10 15:49:15.845   -- File entry --
2026-07-10 15:49:15.845   Dest filename: C:\JL\pi32\lib\clang\3.9.0\include\avx512fintrin.h
2026-07-10 15:49:15.845   Time stamp of our file: 2016-08-08 15:36:40.000
2026-07-10 15:49:15.845   Installing the file.
2026-07-10 15:49:15.850   Successfully installed the file.
2026-07-10 15:49:15.850   -- File entry --
2026-07-10 15:49:15.850   Dest filename: C:\JL\pi32\lib\clang\3.9.0\include\avx512ifmaintrin.h
2026-07-10 15:49:15.850   Time stamp of our file: 2016-08-08 15:36:38.000
2026-07-10 15:49:15.850   Installing the file.
2026-07-10 15:49:15.851   Successfully installed the file.
2026-07-10 15:49:15.851   -- File entry --
2026-07-10 15:49:15.851   Dest filename: C:\JL\pi32\lib\clang\3.9.0\include\avx512ifmavlintrin.h
2026-07-10 15:49:15.851   Time stamp of our file: 2016-08-08 15:36:40.000
2026-07-10 15:49:15.851   Installing the file.
2026-07-10 15:49:15.853   Successfully installed the file.
2026-07-10 15:49:15.853   -- File entry --
2026-07-10 15:49:15.853   Dest filename: C:\JL\pi32\lib\clang\3.9.0\include\avx512pfintrin.h
2026-07-10 15:49:15.853   Time stamp of our file: 2016-08-08 15:36:38.000
2026-07-10 15:49:15.853   Installing the file.
2026-07-10 15:49:15.854   Successfully installed the file.
2026-07-10 15:49:15.854   -- File entry --
2026-07-10 15:49:15.854   Dest filename: C:\JL\pi32\lib\clang\3.9.0\include\avx512vbmiintrin.h
2026-07-10 15:49:15.855   Time stamp of our file: 2016-08-08 15:36:40.000
2026-07-10 15:49:15.855   Installing the file.
2026-07-10 15:49:15.855   Successfully installed the file.
2026-07-10 15:49:15.855   -- File entry --
2026-07-10 15:49:15.855   Dest filename: C:\JL\pi32\lib\clang\3.9.0\include\avx512vbmivlintrin.h
2026-07-10 15:49:15.855   Time stamp of our file: 2016-08-08 15:36:38.000
2026-07-10 15:49:15.855   Installing the file.
2026-07-10 15:49:15.857   Successfully installed the file.
2026-07-10 15:49:15.857   -- File entry --
2026-07-10 15:49:15.857   Dest filename: C:\JL\pi32\lib\clang\3.9.0\include\avx512vlbwintrin.h
2026-07-10 15:49:15.857   Time stamp of our file: 2016-08-08 15:36:38.000
2026-07-10 15:49:15.857   Installing the file.
2026-07-10 15:49:15.859   Successfully installed the file.
2026-07-10 15:49:15.860   -- File entry --
2026-07-10 15:49:15.860   Dest filename: C:\JL\pi32\lib\clang\3.9.0\include\avx512vlcdintrin.h
2026-07-10 15:49:15.860   Time stamp of our file: 2016-08-08 15:36:40.000
2026-07-10 15:49:15.860   Installing the file.
2026-07-10 15:49:15.861   Successfully installed the file.
2026-07-10 15:49:15.861   -- File entry --
2026-07-10 15:49:15.861   Dest filename: C:\JL\pi32\lib\clang\3.9.0\include\avx512vldqintrin.h
2026-07-10 15:49:15.862   Time stamp of our file: 2016-08-08 15:36:38.000
2026-07-10 15:49:15.862   Installing the file.
2026-07-10 15:49:15.863   Successfully installed the file.
2026-07-10 15:49:15.863   -- File entry --
2026-07-10 15:49:15.863   Dest filename: C:\JL\pi32\lib\clang\3.9.0\include\avx512vlintrin.h
2026-07-10 15:49:15.863   Time stamp of our file: 2016-08-08 15:36:40.000
2026-07-10 15:49:15.863   Installing the file.
2026-07-10 15:49:15.867   Successfully installed the file.
2026-07-10 15:49:15.867   -- File entry --
2026-07-10 15:49:15.867   Dest filename: C:\JL\pi32\lib\clang\3.9.0\include\avxintrin.h
2026-07-10 15:49:15.867   Time stamp of our file: 2016-08-08 15:36:38.000
2026-07-10 15:49:15.867   Installing the file.
2026-07-10 15:49:15.870   Successfully installed the file.
2026-07-10 15:49:15.870   -- File entry --
2026-07-10 15:49:15.870   Dest filename: C:\JL\pi32\lib\clang\3.9.0\include\bmi2intrin.h
2026-07-10 15:49:15.870   Time stamp of our file: 2016-08-08 15:36:40.000
2026-07-10 15:49:15.870   Installing the file.
2026-07-10 15:49:15.871   Successfully installed the file.
2026-07-10 15:49:15.871   -- File entry --
2026-07-10 15:49:15.871   Dest filename: C:\JL\pi32\lib\clang\3.9.0\include\bmiintrin.h
2026-07-10 15:49:15.872   Time stamp of our file: 2016-08-08 15:36:40.000
2026-07-10 15:49:15.872   Installing the file.
2026-07-10 15:49:15.873   Successfully installed the file.
2026-07-10 15:49:15.873   -- File entry --
2026-07-10 15:49:15.873   Dest filename: C:\JL\pi32\lib\clang\3.9.0\include\clflushoptintrin.h
2026-07-10 15:49:15.873   Time stamp of our file: 2016-08-08 15:36:38.000
2026-07-10 15:49:15.873   Installing the file.
2026-07-10 15:49:15.875   Successfully installed the file.
2026-07-10 15:49:15.875   -- File entry --
2026-07-10 15:49:15.875   Dest filename: C:\JL\pi32\lib\clang\3.9.0\include\cpuid.h
2026-07-10 15:49:15.875   Time stamp of our file: 2016-08-08 15:36:38.000
2026-07-10 15:49:15.875   Installing the file.
2026-07-10 15:49:15.876   Successfully installed the file.
2026-07-10 15:49:15.876   -- File entry --
2026-07-10 15:49:15.876   Dest filename: C:\JL\pi32\lib\clang\3.9.0\include\cuda_builtin_vars.h
2026-07-10 15:49:15.877   Time stamp of our file: 2016-08-08 15:36:38.000
2026-07-10 15:49:15.877   Installing the file.
2026-07-10 15:49:15.878   Successfully installed the file.
2026-07-10 15:49:15.878   -- File entry --
2026-07-10 15:49:15.878   Dest filename: C:\JL\pi32\lib\clang\3.9.0\include\emmintrin.h
2026-07-10 15:49:15.879   Time stamp of our file: 2016-08-08 15:36:38.000
2026-07-10 15:49:15.879   Installing the file.
2026-07-10 15:49:15.880   Successfully installed the file.
2026-07-10 15:49:15.881   -- File entry --
2026-07-10 15:49:15.881   Dest filename: C:\JL\pi32\lib\clang\3.9.0\include\f16cintrin.h
2026-07-10 15:49:15.881   Time stamp of our file: 2016-08-08 15:36:38.000
2026-07-10 15:49:15.881   Installing the file.
2026-07-10 15:49:15.882   Successfully installed the file.
2026-07-10 15:49:15.882   -- File entry --
2026-07-10 15:49:15.882   Dest filename: C:\JL\pi32\lib\clang\3.9.0\include\float.h
2026-07-10 15:49:15.882   Time stamp of our file: 2016-08-08 15:36:38.000
2026-07-10 15:49:15.882   Installing the file.
2026-07-10 15:49:15.884   Successfully installed the file.
2026-07-10 15:49:15.884   -- File entry --
2026-07-10 15:49:15.884   Dest filename: C:\JL\pi32\lib\clang\3.9.0\include\fma4intrin.h
2026-07-10 15:49:15.884   Time stamp of our file: 2016-08-08 15:36:38.000
2026-07-10 15:49:15.884   Installing the file.
2026-07-10 15:49:15.886   Successfully installed the file.
2026-07-10 15:49:15.886   -- File entry --
2026-07-10 15:49:15.886   Dest filename: C:\JL\pi32\lib\clang\3.9.0\include\fmaintrin.h
2026-07-10 15:49:15.886   Time stamp of our file: 2016-08-08 15:36:38.000
2026-07-10 15:49:15.886   Installing the file.
2026-07-10 15:49:15.888   Successfully installed the file.
2026-07-10 15:49:15.888   -- File entry --
2026-07-10 15:49:15.888   Dest filename: C:\JL\pi32\lib\clang\3.9.0\include\fxsrintrin.h
2026-07-10 15:49:15.888   Time stamp of our file: 2016-08-08 15:36:38.000
2026-07-10 15:49:15.888   Installing the file.
2026-07-10 15:49:15.889   Successfully installed the file.
2026-07-10 15:49:15.889   -- File entry --
2026-07-10 15:49:15.889   Dest filename: C:\JL\pi32\lib\clang\3.9.0\include\htmintrin.h
2026-07-10 15:49:15.890   Time stamp of our file: 2016-08-08 15:36:38.000
2026-07-10 15:49:15.890   Installing the file.
2026-07-10 15:49:15.890   Successfully installed the file.
2026-07-10 15:49:15.890   -- File entry --
2026-07-10 15:49:15.890   Dest filename: C:\JL\pi32\lib\clang\3.9.0\include\htmxlintrin.h
2026-07-10 15:49:15.891   Time stamp of our file: 2016-08-08 15:36:38.000
2026-07-10 15:49:15.891   Installing the file.
2026-07-10 15:49:15.892   Successfully installed the file.
2026-07-10 15:49:15.892   -- File entry --
2026-07-10 15:49:15.892   Dest filename: C:\JL\pi32\lib\clang\3.9.0\include\ia32intrin.h
2026-07-10 15:49:15.892   Time stamp of our file: 2016-08-08 15:36:38.000
2026-07-10 15:49:15.892   Installing the file.
2026-07-10 15:49:15.893   Successfully installed the file.
2026-07-10 15:49:15.893   -- File entry --
2026-07-10 15:49:15.893   Dest filename: C:\JL\pi32\lib\clang\3.9.0\include\immintrin.h
2026-07-10 15:49:15.894   Time stamp of our file: 2016-08-08 15:36:40.000
2026-07-10 15:49:15.894   Installing the file.
2026-07-10 15:49:15.895   Successfully installed the file.
2026-07-10 15:49:15.895   -- File entry --
2026-07-10 15:49:15.896   Dest filename: C:\JL\pi32\lib\clang\3.9.0\include\intrin.h
2026-07-10 15:49:15.896   Time stamp of our file: 2016-08-08 15:36:38.000
2026-07-10 15:49:15.896   Installing the file.
2026-07-10 15:49:15.897   Successfully installed the file.
2026-07-10 15:49:15.897   -- File entry --
2026-07-10 15:49:15.897   Dest filename: C:\JL\pi32\lib\clang\3.9.0\include\inttypes.h
2026-07-10 15:49:15.897   Time stamp of our file: 2016-08-08 15:36:38.000
2026-07-10 15:49:15.897   Installing the file.
2026-07-10 15:49:15.898   Successfully installed the file.
2026-07-10 15:49:15.898   -- File entry --
2026-07-10 15:49:15.898   Dest filename: C:\JL\pi32\lib\clang\3.9.0\include\iso646.h
2026-07-10 15:49:15.899   Time stamp of our file: 2016-08-08 15:36:38.000
2026-07-10 15:49:15.899   Installing the file.
2026-07-10 15:49:15.899   Successfully installed the file.
2026-07-10 15:49:15.899   -- File entry --
2026-07-10 15:49:15.899   Dest filename: C:\JL\pi32\lib\clang\3.9.0\include\limits.h
2026-07-10 15:49:15.899   Time stamp of our file: 2016-08-08 15:36:38.000
2026-07-10 15:49:15.899   Installing the file.
2026-07-10 15:49:15.901   Successfully installed the file.
2026-07-10 15:49:15.901   -- File entry --
2026-07-10 15:49:15.901   Dest filename: C:\JL\pi32\lib\clang\3.9.0\include\lzcntintrin.h
2026-07-10 15:49:15.901   Time stamp of our file: 2016-08-08 15:36:38.000
2026-07-10 15:49:15.901   Installing the file.
2026-07-10 15:49:15.902   Successfully installed the file.
2026-07-10 15:49:15.902   -- File entry --
2026-07-10 15:49:15.902   Dest filename: C:\JL\pi32\lib\clang\3.9.0\include\mm3dnow.h
2026-07-10 15:49:15.903   Time stamp of our file: 2016-08-08 15:36:38.000
2026-07-10 15:49:15.903   Installing the file.
2026-07-10 15:49:15.904   Successfully installed the file.
2026-07-10 15:49:15.904   -- File entry --
2026-07-10 15:49:15.904   Dest filename: C:\JL\pi32\lib\clang\3.9.0\include\mmintrin.h
2026-07-10 15:49:15.904   Time stamp of our file: 2016-08-08 15:36:38.000
2026-07-10 15:49:15.904   Installing the file.
2026-07-10 15:49:15.906   Successfully installed the file.
2026-07-10 15:49:15.906   -- File entry --
2026-07-10 15:49:15.907   Dest filename: C:\JL\pi32\lib\clang\3.9.0\include\mm_malloc.h
2026-07-10 15:49:15.907   Time stamp of our file: 2016-08-08 15:36:38.000
2026-07-10 15:49:15.907   Installing the file.
2026-07-10 15:49:15.908   Successfully installed the file.
2026-07-10 15:49:15.908   -- File entry --
2026-07-10 15:49:15.908   Dest filename: C:\JL\pi32\lib\clang\3.9.0\include\module.modulemap
2026-07-10 15:49:15.908   Time stamp of our file: 2016-08-08 15:36:40.000
2026-07-10 15:49:15.908   Installing the file.
2026-07-10 15:49:15.911   Successfully installed the file.
2026-07-10 15:49:15.911   -- File entry --
2026-07-10 15:49:15.911   Dest filename: C:\JL\pi32\lib\clang\3.9.0\include\mwaitxintrin.h
2026-07-10 15:49:15.911   Time stamp of our file: 2016-08-08 15:36:38.000
2026-07-10 15:49:15.911   Installing the file.
2026-07-10 15:49:15.912   Successfully installed the file.
2026-07-10 15:49:15.912   -- File entry --
2026-07-10 15:49:15.912   Dest filename: C:\JL\pi32\lib\clang\3.9.0\include\nmmintrin.h
2026-07-10 15:49:15.913   Time stamp of our file: 2016-08-08 15:36:38.000
2026-07-10 15:49:15.913   Installing the file.
2026-07-10 15:49:15.913   Successfully installed the file.
2026-07-10 15:49:15.913   -- File entry --
2026-07-10 15:49:15.913   Dest filename: C:\JL\pi32\lib\clang\3.9.0\include\opencl-c.h
2026-07-10 15:49:15.914   Time stamp of our file: 2016-08-08 15:36:40.000
2026-07-10 15:49:15.914   Installing the file.
2026-07-10 15:49:15.921   Successfully installed the file.
2026-07-10 15:49:15.921   -- File entry --
2026-07-10 15:49:15.923   Dest filename: C:\JL\pi32\lib\clang\3.9.0\include\pkuintrin.h
2026-07-10 15:49:15.923   Time stamp of our file: 2016-08-08 15:36:38.000
2026-07-10 15:49:15.923   Installing the file.
2026-07-10 15:49:15.924   Successfully installed the file.
2026-07-10 15:49:15.924   -- File entry --
2026-07-10 15:49:15.924   Dest filename: C:\JL\pi32\lib\clang\3.9.0\include\pmmintrin.h
2026-07-10 15:49:15.925   Time stamp of our file: 2016-08-08 15:36:40.000
2026-07-10 15:49:15.925   Installing the file.
2026-07-10 15:49:15.926   Successfully installed the file.
2026-07-10 15:49:15.926   -- File entry --
2026-07-10 15:49:15.926   Dest filename: C:\JL\pi32\lib\clang\3.9.0\include\popcntintrin.h
2026-07-10 15:49:15.926   Time stamp of our file: 2016-08-08 15:36:40.000
2026-07-10 15:49:15.926   Installing the file.
2026-07-10 15:49:15.927   Successfully installed the file.
2026-07-10 15:49:15.927   -- File entry --
2026-07-10 15:49:15.927   Dest filename: C:\JL\pi32\lib\clang\3.9.0\include\prfchwintrin.h
2026-07-10 15:49:15.928   Time stamp of our file: 2016-08-08 15:36:38.000
2026-07-10 15:49:15.928   Installing the file.
2026-07-10 15:49:15.928   Successfully installed the file.
2026-07-10 15:49:15.928   -- File entry --
2026-07-10 15:49:15.928   Dest filename: C:\JL\pi32\lib\clang\3.9.0\include\rdseedintrin.h
2026-07-10 15:49:15.929   Time stamp of our file: 2016-08-08 15:36:38.000
2026-07-10 15:49:15.929   Installing the file.
2026-07-10 15:49:15.930   Successfully installed the file.
2026-07-10 15:49:15.930   -- File entry --
2026-07-10 15:49:15.930   Dest filename: C:\JL\pi32\lib\clang\3.9.0\include\rtmintrin.h
2026-07-10 15:49:15.930   Time stamp of our file: 2016-08-08 15:36:38.000
2026-07-10 15:49:15.930   Installing the file.
2026-07-10 15:49:15.932   Successfully installed the file.
2026-07-10 15:49:15.932   -- File entry --
2026-07-10 15:49:15.932   Dest filename: C:\JL\pi32\lib\clang\3.9.0\include\s390intrin.h
2026-07-10 15:49:15.932   Time stamp of our file: 2016-08-08 15:36:38.000
2026-07-10 15:49:15.932   Installing the file.
2026-07-10 15:49:15.933   Successfully installed the file.
2026-07-10 15:49:15.933   -- File entry --
2026-07-10 15:49:15.933   Dest filename: C:\JL\pi32\lib\clang\3.9.0\include\shaintrin.h
2026-07-10 15:49:15.933   Time stamp of our file: 2016-08-08 15:36:40.000
2026-07-10 15:49:15.933   Installing the file.
2026-07-10 15:49:15.935   Successfully installed the file.
2026-07-10 15:49:15.935   -- File entry --
2026-07-10 15:49:15.935   Dest filename: C:\JL\pi32\lib\clang\3.9.0\include\smmintrin.h
2026-07-10 15:49:15.935   Time stamp of our file: 2016-08-08 15:36:38.000
2026-07-10 15:49:15.935   Installing the file.
2026-07-10 15:49:15.936   Successfully installed the file.
2026-07-10 15:49:15.936   -- File entry --
2026-07-10 15:49:15.936   Dest filename: C:\JL\pi32\lib\clang\3.9.0\include\stdalign.h
2026-07-10 15:49:15.936   Time stamp of our file: 2016-08-08 15:36:38.000
2026-07-10 15:49:15.936   Installing the file.
2026-07-10 15:49:15.938   Successfully installed the file.
2026-07-10 15:49:15.938   -- File entry --
2026-07-10 15:49:15.938   Dest filename: C:\JL\pi32\lib\clang\3.9.0\include\stdarg.h
2026-07-10 15:49:15.938   Time stamp of our file: 2016-08-08 15:36:38.000
2026-07-10 15:49:15.938   Installing the file.
2026-07-10 15:49:15.939   Successfully installed the file.
2026-07-10 15:49:15.939   -- File entry --
2026-07-10 15:49:15.939   Dest filename: C:\JL\pi32\lib\clang\3.9.0\include\stdatomic.h
2026-07-10 15:49:15.939   Time stamp of our file: 2016-08-08 15:36:38.000
2026-07-10 15:49:15.939   Installing the file.
2026-07-10 15:49:15.941   Successfully installed the file.
2026-07-10 15:49:15.941   -- File entry --
2026-07-10 15:49:15.941   Dest filename: C:\JL\pi32\lib\clang\3.9.0\include\stdbool.h
2026-07-10 15:49:15.941   Time stamp of our file: 2016-08-08 15:36:40.000
2026-07-10 15:49:15.941   Installing the file.
2026-07-10 15:49:15.942   Successfully installed the file.
2026-07-10 15:49:15.942   -- File entry --
2026-07-10 15:49:15.942   Dest filename: C:\JL\pi32\lib\clang\3.9.0\include\stddef.h
2026-07-10 15:49:15.943   Time stamp of our file: 2016-08-08 15:36:38.000
2026-07-10 15:49:15.943   Installing the file.
2026-07-10 15:49:15.944   Successfully installed the file.
2026-07-10 15:49:15.944   -- File entry --
2026-07-10 15:49:15.944   Dest filename: C:\JL\pi32\lib\clang\3.9.0\include\stdint.h
2026-07-10 15:49:15.944   Time stamp of our file: 2016-08-08 15:36:38.000
2026-07-10 15:49:15.944   Installing the file.
2026-07-10 15:49:15.946   Successfully installed the file.
2026-07-10 15:49:15.946   -- File entry --
2026-07-10 15:49:15.946   Dest filename: C:\JL\pi32\lib\clang\3.9.0\include\stdnoreturn.h
2026-07-10 15:49:15.946   Time stamp of our file: 2016-08-08 15:36:38.000
2026-07-10 15:49:15.946   Installing the file.
2026-07-10 15:49:15.947   Successfully installed the file.
2026-07-10 15:49:15.947   -- File entry --
2026-07-10 15:49:15.947   Dest filename: C:\JL\pi32\lib\clang\3.9.0\include\tbmintrin.h
2026-07-10 15:49:15.947   Time stamp of our file: 2016-08-08 15:36:38.000
2026-07-10 15:49:15.947   Installing the file.
2026-07-10 15:49:15.948   Successfully installed the file.
2026-07-10 15:49:15.948   -- File entry --
2026-07-10 15:49:15.949   Dest filename: C:\JL\pi32\lib\clang\3.9.0\include\tgmath.h
2026-07-10 15:49:15.949   Time stamp of our file: 2016-08-08 15:36:38.000
2026-07-10 15:49:15.949   Installing the file.
2026-07-10 15:49:15.950   Successfully installed the file.
2026-07-10 15:49:15.950   -- File entry --
2026-07-10 15:49:15.950   Dest filename: C:\JL\pi32\lib\clang\3.9.0\include\tmmintrin.h
2026-07-10 15:49:15.951   Time stamp of our file: 2016-08-08 15:36:40.000
2026-07-10 15:49:15.951   Installing the file.
2026-07-10 15:49:15.952   Successfully installed the file.
2026-07-10 15:49:15.952   -- File entry --
2026-07-10 15:49:15.952   Dest filename: C:\JL\pi32\lib\clang\3.9.0\include\unwind.h
2026-07-10 15:49:15.952   Time stamp of our file: 2016-08-08 15:36:38.000
2026-07-10 15:49:15.952   Installing the file.
2026-07-10 15:49:15.953   Successfully installed the file.
2026-07-10 15:49:15.953   -- File entry --
2026-07-10 15:49:15.953   Dest filename: C:\JL\pi32\lib\clang\3.9.0\include\vadefs.h
2026-07-10 15:49:15.953   Time stamp of our file: 2016-08-08 15:36:38.000
2026-07-10 15:49:15.954   Installing the file.
2026-07-10 15:49:15.955   Successfully installed the file.
2026-07-10 15:49:15.955   -- File entry --
2026-07-10 15:49:15.955   Dest filename: C:\JL\pi32\lib\clang\3.9.0\include\varargs.h
2026-07-10 15:49:15.955   Time stamp of our file: 2016-08-08 15:36:38.000
2026-07-10 15:49:15.955   Installing the file.
2026-07-10 15:49:15.956   Successfully installed the file.
2026-07-10 15:49:15.956   -- File entry --
2026-07-10 15:49:15.956   Dest filename: C:\JL\pi32\lib\clang\3.9.0\include\vecintrin.h
2026-07-10 15:49:15.956   Time stamp of our file: 2016-08-08 15:36:38.000
2026-07-10 15:49:15.956   Installing the file.
2026-07-10 15:49:15.958   Successfully installed the file.
2026-07-10 15:49:15.958   -- File entry --
2026-07-10 15:49:15.958   Dest filename: C:\JL\pi32\lib\clang\3.9.0\include\wmmintrin.h
2026-07-10 15:49:15.958   Time stamp of our file: 2016-08-08 15:36:40.000
2026-07-10 15:49:15.958   Installing the file.
2026-07-10 15:49:15.960   Successfully installed the file.
2026-07-10 15:49:15.960   -- File entry --
2026-07-10 15:49:15.960   Dest filename: C:\JL\pi32\lib\clang\3.9.0\include\x86intrin.h
2026-07-10 15:49:15.960   Time stamp of our file: 2016-08-08 15:36:40.000
2026-07-10 15:49:15.961   Installing the file.
2026-07-10 15:49:15.961   Successfully installed the file.
2026-07-10 15:49:15.961   -- File entry --
2026-07-10 15:49:15.961   Dest filename: C:\JL\pi32\lib\clang\3.9.0\include\xmmintrin.h
2026-07-10 15:49:15.961   Time stamp of our file: 2016-08-08 15:36:38.000
2026-07-10 15:49:15.961   Installing the file.
2026-07-10 15:49:15.963   Successfully installed the file.
2026-07-10 15:49:15.963   -- File entry --
2026-07-10 15:49:15.963   Dest filename: C:\JL\pi32\lib\clang\3.9.0\include\xopintrin.h
2026-07-10 15:49:15.964   Time stamp of our file: 2016-08-08 15:36:38.000
2026-07-10 15:49:15.964   Installing the file.
2026-07-10 15:49:15.965   Successfully installed the file.
2026-07-10 15:49:15.965   -- File entry --
2026-07-10 15:49:15.965   Dest filename: C:\JL\pi32\lib\clang\3.9.0\include\xsavecintrin.h
2026-07-10 15:49:15.965   Time stamp of our file: 2016-08-08 15:36:38.000
2026-07-10 15:49:15.965   Installing the file.
2026-07-10 15:49:15.966   Successfully installed the file.
2026-07-10 15:49:15.966   -- File entry --
2026-07-10 15:49:15.966   Dest filename: C:\JL\pi32\lib\clang\3.9.0\include\xsaveintrin.h
2026-07-10 15:49:15.967   Time stamp of our file: 2016-08-08 15:36:38.000
2026-07-10 15:49:15.967   Installing the file.
2026-07-10 15:49:15.967   Successfully installed the file.
2026-07-10 15:49:15.968   -- File entry --
2026-07-10 15:49:15.968   Dest filename: C:\JL\pi32\lib\clang\3.9.0\include\xsaveoptintrin.h
2026-07-10 15:49:15.968   Time stamp of our file: 2016-08-08 15:36:38.000
2026-07-10 15:49:15.968   Installing the file.
2026-07-10 15:49:15.969   Successfully installed the file.
2026-07-10 15:49:15.969   -- File entry --
2026-07-10 15:49:15.969   Dest filename: C:\JL\pi32\lib\clang\3.9.0\include\xsavesintrin.h
2026-07-10 15:49:15.969   Time stamp of our file: 2016-08-08 15:36:38.000
2026-07-10 15:49:15.969   Installing the file.
2026-07-10 15:49:15.970   Successfully installed the file.
2026-07-10 15:49:15.970   -- File entry --
2026-07-10 15:49:15.970   Dest filename: C:\JL\pi32\lib\clang\3.9.0\include\xtestintrin.h
2026-07-10 15:49:15.970   Time stamp of our file: 2016-08-08 15:36:40.000
2026-07-10 15:49:15.970   Installing the file.
2026-07-10 15:49:15.971   Successfully installed the file.
2026-07-10 15:49:15.972   -- File entry --
2026-07-10 15:49:15.972   Dest filename: C:\JL\pi32\lib\clang\3.9.0\include\__clang_cuda_cmath.h
2026-07-10 15:49:15.972   Time stamp of our file: 2016-08-08 15:36:38.000
2026-07-10 15:49:15.972   Installing the file.
2026-07-10 15:49:15.974   Successfully installed the file.
2026-07-10 15:49:15.974   -- File entry --
2026-07-10 15:49:15.974   Dest filename: C:\JL\pi32\lib\clang\3.9.0\include\__clang_cuda_intrinsics.h
2026-07-10 15:49:15.974   Time stamp of our file: 2016-08-08 15:36:40.000
2026-07-10 15:49:15.974   Installing the file.
2026-07-10 15:49:15.975   Successfully installed the file.
2026-07-10 15:49:15.975   -- File entry --
2026-07-10 15:49:15.975   Dest filename: C:\JL\pi32\lib\clang\3.9.0\include\__clang_cuda_math_forward_declares.h
2026-07-10 15:49:15.976   Time stamp of our file: 2016-08-08 15:36:38.000
2026-07-10 15:49:15.976   Installing the file.
2026-07-10 15:49:15.977   Successfully installed the file.
2026-07-10 15:49:15.977   -- File entry --
2026-07-10 15:49:15.977   Dest filename: C:\JL\pi32\lib\clang\3.9.0\include\__clang_cuda_runtime_wrapper.h
2026-07-10 15:49:15.977   Time stamp of our file: 2016-08-08 15:36:38.000
2026-07-10 15:49:15.977   Installing the file.
2026-07-10 15:49:15.979   Successfully installed the file.
2026-07-10 15:49:15.979   -- File entry --
2026-07-10 15:49:15.979   Dest filename: C:\JL\pi32\lib\clang\3.9.0\include\__stddef_max_align_t.h
2026-07-10 15:49:15.979   Time stamp of our file: 2016-08-08 15:36:38.000
2026-07-10 15:49:15.979   Installing the file.
2026-07-10 15:49:15.980   Successfully installed the file.
2026-07-10 15:49:15.980   -- File entry --
2026-07-10 15:49:15.980   Dest filename: C:\JL\pi32\lib\clang\3.9.0\include\__wmmintrin_aes.h
2026-07-10 15:49:15.981   Time stamp of our file: 2016-08-08 15:36:38.000
2026-07-10 15:49:15.981   Installing the file.
2026-07-10 15:49:15.981   Successfully installed the file.
2026-07-10 15:49:15.981   -- File entry --
2026-07-10 15:49:15.981   Dest filename: C:\JL\pi32\lib\clang\3.9.0\include\__wmmintrin_pclmul.h
2026-07-10 15:49:15.981   Time stamp of our file: 2016-08-08 15:36:38.000
2026-07-10 15:49:15.982   Installing the file.
2026-07-10 15:49:15.983   Successfully installed the file.
2026-07-10 15:49:15.983   -- File entry --
2026-07-10 15:49:15.983   Dest filename: C:\JL\pi32\lib\clang\4.0.0\include\adxintrin.h
2026-07-10 15:49:15.983   Time stamp of our file: 2017-03-27 16:14:16.000
2026-07-10 15:49:15.983   Installing the file.
2026-07-10 15:49:15.983   Creating directory: C:\JL\pi32\lib\clang\4.0.0
2026-07-10 15:49:15.984   Creating directory: C:\JL\pi32\lib\clang\4.0.0\include
2026-07-10 15:49:15.985   Successfully installed the file.
2026-07-10 15:49:15.985   -- File entry --
2026-07-10 15:49:15.985   Dest filename: C:\JL\pi32\lib\clang\4.0.0\include\altivec.h
2026-07-10 15:49:15.985   Time stamp of our file: 2017-03-27 16:14:18.000
2026-07-10 15:49:15.985   Installing the file.
2026-07-10 15:49:15.992   Successfully installed the file.
2026-07-10 15:49:15.992   -- File entry --
2026-07-10 15:49:15.992   Dest filename: C:\JL\pi32\lib\clang\4.0.0\include\ammintrin.h
2026-07-10 15:49:15.992   Time stamp of our file: 2017-03-27 16:14:20.000
2026-07-10 15:49:15.992   Installing the file.
2026-07-10 15:49:15.993   Successfully installed the file.
2026-07-10 15:49:15.993   -- File entry --
2026-07-10 15:49:15.993   Dest filename: C:\JL\pi32\lib\clang\4.0.0\include\armintr.h
2026-07-10 15:49:15.993   Time stamp of our file: 2017-03-27 16:14:22.000
2026-07-10 15:49:15.993   Installing the file.
2026-07-10 15:49:15.994   Successfully installed the file.
2026-07-10 15:49:15.994   -- File entry --
2026-07-10 15:49:15.994   Dest filename: C:\JL\pi32\lib\clang\4.0.0\include\arm_acle.h
2026-07-10 15:49:15.994   Time stamp of our file: 2017-03-27 16:14:22.000
2026-07-10 15:49:15.994   Installing the file.
2026-07-10 15:49:15.996   Successfully installed the file.
2026-07-10 15:49:15.996   -- File entry --
2026-07-10 15:49:15.996   Dest filename: C:\JL\pi32\lib\clang\4.0.0\include\arm_neon.h
2026-07-10 15:49:15.997   Time stamp of our file: 2017-03-27 16:14:26.000
2026-07-10 15:49:15.997   Installing the file.
2026-07-10 15:49:16.014   Successfully installed the file.
2026-07-10 15:49:16.014   -- File entry --
2026-07-10 15:49:16.014   Dest filename: C:\JL\pi32\lib\clang\4.0.0\include\avx2intrin.h
2026-07-10 15:49:16.014   Time stamp of our file: 2017-03-27 16:14:22.000
2026-07-10 15:49:16.014   Installing the file.
2026-07-10 15:49:16.016   Successfully installed the file.
2026-07-10 15:49:16.016   -- File entry --
2026-07-10 15:49:16.016   Dest filename: C:\JL\pi32\lib\clang\4.0.0\include\avx512bwintrin.h
2026-07-10 15:49:16.016   Time stamp of our file: 2017-03-27 16:14:22.000
2026-07-10 15:49:16.016   Installing the file.
2026-07-10 15:49:16.019   Successfully installed the file.
2026-07-10 15:49:16.019   -- File entry --
2026-07-10 15:49:16.019   Dest filename: C:\JL\pi32\lib\clang\4.0.0\include\avx512cdintrin.h
2026-07-10 15:49:16.019   Time stamp of our file: 2017-03-27 16:14:22.000
2026-07-10 15:49:16.019   Installing the file.
2026-07-10 15:49:16.021   Successfully installed the file.
2026-07-10 15:49:16.021   -- File entry --
2026-07-10 15:49:16.021   Dest filename: C:\JL\pi32\lib\clang\4.0.0\include\avx512dqintrin.h
2026-07-10 15:49:16.021   Time stamp of our file: 2017-03-27 16:14:22.000
2026-07-10 15:49:16.021   Installing the file.
2026-07-10 15:49:16.084   Successfully installed the file.
2026-07-10 15:49:16.084   -- File entry --
2026-07-10 15:49:16.084   Dest filename: C:\JL\pi32\lib\clang\4.0.0\include\avx512erintrin.h
2026-07-10 15:49:16.084   Time stamp of our file: 2017-03-27 16:14:22.000
2026-07-10 15:49:16.084   Installing the file.
2026-07-10 15:49:16.086   Successfully installed the file.
2026-07-10 15:49:16.086   -- File entry --
2026-07-10 15:49:16.086   Dest filename: C:\JL\pi32\lib\clang\4.0.0\include\avx512fintrin.h
2026-07-10 15:49:16.086   Time stamp of our file: 2017-03-27 16:14:22.000
2026-07-10 15:49:16.086   Installing the file.
2026-07-10 15:49:16.090   Successfully installed the file.
2026-07-10 15:49:16.090   -- File entry --
2026-07-10 15:49:16.090   Dest filename: C:\JL\pi32\lib\clang\4.0.0\include\avx512ifmaintrin.h
2026-07-10 15:49:16.090   Time stamp of our file: 2017-03-27 16:14:22.000
2026-07-10 15:49:16.090   Installing the file.
2026-07-10 15:49:16.091   Successfully installed the file.
2026-07-10 15:49:16.091   -- File entry --
2026-07-10 15:49:16.091   Dest filename: C:\JL\pi32\lib\clang\4.0.0\include\avx512ifmavlintrin.h
2026-07-10 15:49:16.092   Time stamp of our file: 2017-03-27 16:14:22.000
2026-07-10 15:49:16.092   Installing the file.
2026-07-10 15:49:16.093   Successfully installed the file.
2026-07-10 15:49:16.093   -- File entry --
2026-07-10 15:49:16.093   Dest filename: C:\JL\pi32\lib\clang\4.0.0\include\avx512pfintrin.h
2026-07-10 15:49:16.094   Time stamp of our file: 2017-03-27 16:14:22.000
2026-07-10 15:49:16.094   Installing the file.
2026-07-10 15:49:16.095   Successfully installed the file.
2026-07-10 15:49:16.095   -- File entry --
2026-07-10 15:49:16.095   Dest filename: C:\JL\pi32\lib\clang\4.0.0\include\avx512vbmiintrin.h
2026-07-10 15:49:16.095   Time stamp of our file: 2017-03-27 16:14:22.000
2026-07-10 15:49:16.095   Installing the file.
2026-07-10 15:49:16.097   Successfully installed the file.
2026-07-10 15:49:16.097   -- File entry --
2026-07-10 15:49:16.097   Dest filename: C:\JL\pi32\lib\clang\4.0.0\include\avx512vbmivlintrin.h
2026-07-10 15:49:16.097   Time stamp of our file: 2017-03-27 16:14:22.000
2026-07-10 15:49:16.097   Installing the file.
2026-07-10 15:49:16.098   Successfully installed the file.
2026-07-10 15:49:16.099   -- File entry --
2026-07-10 15:49:16.099   Dest filename: C:\JL\pi32\lib\clang\4.0.0\include\avx512vlbwintrin.h
2026-07-10 15:49:16.099   Time stamp of our file: 2017-03-27 16:14:22.000
2026-07-10 15:49:16.099   Installing the file.
2026-07-10 15:49:16.101   Successfully installed the file.
2026-07-10 15:49:16.101   -- File entry --
2026-07-10 15:49:16.101   Dest filename: C:\JL\pi32\lib\clang\4.0.0\include\avx512vlcdintrin.h
2026-07-10 15:49:16.102   Time stamp of our file: 2017-03-27 16:14:22.000
2026-07-10 15:49:16.102   Installing the file.
2026-07-10 15:49:16.103   Successfully installed the file.
2026-07-10 15:49:16.103   -- File entry --
2026-07-10 15:49:16.103   Dest filename: C:\JL\pi32\lib\clang\4.0.0\include\avx512vldqintrin.h
2026-07-10 15:49:16.103   Time stamp of our file: 2017-03-27 16:14:24.000
2026-07-10 15:49:16.103   Installing the file.
2026-07-10 15:49:16.104   Successfully installed the file.
2026-07-10 15:49:16.104   -- File entry --
2026-07-10 15:49:16.105   Dest filename: C:\JL\pi32\lib\clang\4.0.0\include\avx512vlintrin.h
2026-07-10 15:49:16.105   Time stamp of our file: 2017-03-27 16:14:24.000
2026-07-10 15:49:16.105   Installing the file.
2026-07-10 15:49:16.109   Successfully installed the file.
2026-07-10 15:49:16.109   -- File entry --
2026-07-10 15:49:16.109   Dest filename: C:\JL\pi32\lib\clang\4.0.0\include\avxintrin.h
2026-07-10 15:49:16.109   Time stamp of our file: 2017-03-27 16:14:24.000
2026-07-10 15:49:16.109   Installing the file.
2026-07-10 15:49:16.112   Successfully installed the file.
2026-07-10 15:49:16.113   -- File entry --
2026-07-10 15:49:16.113   Dest filename: C:\JL\pi32\lib\clang\4.0.0\include\bmi2intrin.h
2026-07-10 15:49:16.113   Time stamp of our file: 2017-03-27 16:14:24.000
2026-07-10 15:49:16.113   Installing the file.
2026-07-10 15:49:16.114   Successfully installed the file.
2026-07-10 15:49:16.114   -- File entry --
2026-07-10 15:49:16.114   Dest filename: C:\JL\pi32\lib\clang\4.0.0\include\bmiintrin.h
2026-07-10 15:49:16.114   Time stamp of our file: 2017-03-27 16:14:24.000
2026-07-10 15:49:16.114   Installing the file.
2026-07-10 15:49:16.116   Successfully installed the file.
2026-07-10 15:49:16.116   -- File entry --
2026-07-10 15:49:16.116   Dest filename: C:\JL\pi32\lib\clang\4.0.0\include\clflushoptintrin.h
2026-07-10 15:49:16.116   Time stamp of our file: 2017-03-27 16:14:24.000
2026-07-10 15:49:16.116   Installing the file.
2026-07-10 15:49:16.117   Successfully installed the file.
2026-07-10 15:49:16.117   -- File entry --
2026-07-10 15:49:16.117   Dest filename: C:\JL\pi32\lib\clang\4.0.0\include\cpuid.h
2026-07-10 15:49:16.118   Time stamp of our file: 2017-03-27 16:14:24.000
2026-07-10 15:49:16.118   Installing the file.
2026-07-10 15:49:16.119   Successfully installed the file.
2026-07-10 15:49:16.119   -- File entry --
2026-07-10 15:49:16.119   Dest filename: C:\JL\pi32\lib\clang\4.0.0\include\emmintrin.h
2026-07-10 15:49:16.119   Time stamp of our file: 2017-03-27 16:14:24.000
2026-07-10 15:49:16.119   Installing the file.
2026-07-10 15:49:16.123   Successfully installed the file.
2026-07-10 15:49:16.123   -- File entry --
2026-07-10 15:49:16.123   Dest filename: C:\JL\pi32\lib\clang\4.0.0\include\f16cintrin.h
2026-07-10 15:49:16.123   Time stamp of our file: 2017-03-27 16:14:24.000
2026-07-10 15:49:16.123   Installing the file.
2026-07-10 15:49:16.124   Successfully installed the file.
2026-07-10 15:49:16.124   -- File entry --
2026-07-10 15:49:16.124   Dest filename: C:\JL\pi32\lib\clang\4.0.0\include\float.h
2026-07-10 15:49:16.125   Time stamp of our file: 2017-03-27 16:14:24.000
2026-07-10 15:49:16.125   Installing the file.
2026-07-10 15:49:16.126   Successfully installed the file.
2026-07-10 15:49:16.126   -- File entry --
2026-07-10 15:49:16.126   Dest filename: C:\JL\pi32\lib\clang\4.0.0\include\fma4intrin.h
2026-07-10 15:49:16.126   Time stamp of our file: 2017-03-27 16:14:24.000
2026-07-10 15:49:16.126   Installing the file.
2026-07-10 15:49:16.127   Successfully installed the file.
2026-07-10 15:49:16.127   -- File entry --
2026-07-10 15:49:16.127   Dest filename: C:\JL\pi32\lib\clang\4.0.0\include\fmaintrin.h
2026-07-10 15:49:16.128   Time stamp of our file: 2017-03-27 16:14:24.000
2026-07-10 15:49:16.128   Installing the file.
2026-07-10 15:49:16.129   Successfully installed the file.
2026-07-10 15:49:16.129   -- File entry --
2026-07-10 15:49:16.129   Dest filename: C:\JL\pi32\lib\clang\4.0.0\include\fxsrintrin.h
2026-07-10 15:49:16.129   Time stamp of our file: 2017-03-27 16:14:24.000
2026-07-10 15:49:16.129   Installing the file.
2026-07-10 15:49:16.131   Successfully installed the file.
2026-07-10 15:49:16.131   -- File entry --
2026-07-10 15:49:16.131   Dest filename: C:\JL\pi32\lib\clang\4.0.0\include\htmintrin.h
2026-07-10 15:49:16.132   Time stamp of our file: 2017-03-27 16:14:24.000
2026-07-10 15:49:16.132   Installing the file.
2026-07-10 15:49:16.133   Successfully installed the file.
2026-07-10 15:49:16.133   -- File entry --
2026-07-10 15:49:16.133   Dest filename: C:\JL\pi32\lib\clang\4.0.0\include\htmxlintrin.h
2026-07-10 15:49:16.133   Time stamp of our file: 2017-03-27 16:14:24.000
2026-07-10 15:49:16.133   Installing the file.
2026-07-10 15:49:16.134   Successfully installed the file.
2026-07-10 15:49:16.134   -- File entry --
2026-07-10 15:49:16.134   Dest filename: C:\JL\pi32\lib\clang\4.0.0\include\ia32intrin.h
2026-07-10 15:49:16.134   Time stamp of our file: 2017-03-27 16:14:24.000
2026-07-10 15:49:16.134   Installing the file.
2026-07-10 15:49:16.135   Successfully installed the file.
2026-07-10 15:49:16.136   -- File entry --
2026-07-10 15:49:16.136   Dest filename: C:\JL\pi32\lib\clang\4.0.0\include\immintrin.h
2026-07-10 15:49:16.136   Time stamp of our file: 2017-03-27 16:14:24.000
2026-07-10 15:49:16.136   Installing the file.
2026-07-10 15:49:16.137   Successfully installed the file.
2026-07-10 15:49:16.137   -- File entry --
2026-07-10 15:49:16.137   Dest filename: C:\JL\pi32\lib\clang\4.0.0\include\intrin.h
2026-07-10 15:49:16.137   Time stamp of our file: 2017-03-27 16:14:24.000
2026-07-10 15:49:16.137   Installing the file.
2026-07-10 15:49:16.138   Successfully installed the file.
2026-07-10 15:49:16.138   -- File entry --
2026-07-10 15:49:16.138   Dest filename: C:\JL\pi32\lib\clang\4.0.0\include\inttypes.h
2026-07-10 15:49:16.139   Time stamp of our file: 2017-03-27 16:14:24.000
2026-07-10 15:49:16.139   Installing the file.
2026-07-10 15:49:16.140   Successfully installed the file.
2026-07-10 15:49:16.140   -- File entry --
2026-07-10 15:49:16.140   Dest filename: C:\JL\pi32\lib\clang\4.0.0\include\iso646.h
2026-07-10 15:49:16.140   Time stamp of our file: 2017-03-27 16:14:24.000
2026-07-10 15:49:16.140   Installing the file.
2026-07-10 15:49:16.142   Successfully installed the file.
2026-07-10 15:49:16.142   -- File entry --
2026-07-10 15:49:16.142   Dest filename: C:\JL\pi32\lib\clang\4.0.0\include\limits.h
2026-07-10 15:49:16.143   Time stamp of our file: 2017-03-27 16:14:24.000
2026-07-10 15:49:16.143   Installing the file.
2026-07-10 15:49:16.144   Successfully installed the file.
2026-07-10 15:49:16.144   -- File entry --
2026-07-10 15:49:16.144   Dest filename: C:\JL\pi32\lib\clang\4.0.0\include\lzcntintrin.h
2026-07-10 15:49:16.144   Time stamp of our file: 2017-03-27 16:14:24.000
2026-07-10 15:49:16.144   Installing the file.
2026-07-10 15:49:16.145   Successfully installed the file.
2026-07-10 15:49:16.145   -- File entry --
2026-07-10 15:49:16.145   Dest filename: C:\JL\pi32\lib\clang\4.0.0\include\mm3dnow.h
2026-07-10 15:49:16.146   Time stamp of our file: 2017-03-27 16:14:24.000
2026-07-10 15:49:16.146   Installing the file.
2026-07-10 15:49:16.147   Successfully installed the file.
2026-07-10 15:49:16.147   -- File entry --
2026-07-10 15:49:16.147   Dest filename: C:\JL\pi32\lib\clang\4.0.0\include\mmintrin.h
2026-07-10 15:49:16.147   Time stamp of our file: 2017-03-27 16:14:24.000
2026-07-10 15:49:16.147   Installing the file.
2026-07-10 15:49:16.149   Successfully installed the file.
2026-07-10 15:49:16.149   -- File entry --
2026-07-10 15:49:16.149   Dest filename: C:\JL\pi32\lib\clang\4.0.0\include\mm_malloc.h
2026-07-10 15:49:16.149   Time stamp of our file: 2017-03-27 16:14:24.000
2026-07-10 15:49:16.149   Installing the file.
2026-07-10 15:49:16.150   Successfully installed the file.
2026-07-10 15:49:16.150   -- File entry --
2026-07-10 15:49:16.150   Dest filename: C:\JL\pi32\lib\clang\4.0.0\include\module.modulemap
2026-07-10 15:49:16.150   Time stamp of our file: 2017-03-27 16:14:24.000
2026-07-10 15:49:16.150   Installing the file.
2026-07-10 15:49:16.152   Successfully installed the file.
2026-07-10 15:49:16.152   -- File entry --
2026-07-10 15:49:16.152   Dest filename: C:\JL\pi32\lib\clang\4.0.0\include\msa.h
2026-07-10 15:49:16.152   Time stamp of our file: 2017-03-27 16:14:24.000
2026-07-10 15:49:16.152   Installing the file.
2026-07-10 15:49:16.154   Successfully installed the file.
2026-07-10 15:49:16.154   -- File entry --
2026-07-10 15:49:16.154   Dest filename: C:\JL\pi32\lib\clang\4.0.0\include\mwaitxintrin.h
2026-07-10 15:49:16.154   Time stamp of our file: 2017-03-27 16:14:24.000
2026-07-10 15:49:16.154   Installing the file.
2026-07-10 15:49:16.155   Successfully installed the file.
2026-07-10 15:49:16.155   -- File entry --
2026-07-10 15:49:16.155   Dest filename: C:\JL\pi32\lib\clang\4.0.0\include\nmmintrin.h
2026-07-10 15:49:16.155   Time stamp of our file: 2017-03-27 16:14:24.000
2026-07-10 15:49:16.155   Installing the file.
2026-07-10 15:49:16.157   Successfully installed the file.
2026-07-10 15:49:16.157   -- File entry --
2026-07-10 15:49:16.157   Dest filename: C:\JL\pi32\lib\clang\4.0.0\include\opencl-c.h
2026-07-10 15:49:16.157   Time stamp of our file: 2017-03-27 16:14:24.000
2026-07-10 15:49:16.157   Installing the file.
2026-07-10 15:49:16.166   Successfully installed the file.
2026-07-10 15:49:16.166   -- File entry --
2026-07-10 15:49:16.166   Dest filename: C:\JL\pi32\lib\clang\4.0.0\include\pkuintrin.h
2026-07-10 15:49:16.166   Time stamp of our file: 2017-03-27 16:14:24.000
2026-07-10 15:49:16.166   Installing the file.
2026-07-10 15:49:16.167   Successfully installed the file.
2026-07-10 15:49:16.167   -- File entry --
2026-07-10 15:49:16.167   Dest filename: C:\JL\pi32\lib\clang\4.0.0\include\pmmintrin.h
2026-07-10 15:49:16.167   Time stamp of our file: 2017-03-27 16:14:24.000
2026-07-10 15:49:16.167   Installing the file.
2026-07-10 15:49:16.168   Successfully installed the file.
2026-07-10 15:49:16.168   -- File entry --
2026-07-10 15:49:16.169   Dest filename: C:\JL\pi32\lib\clang\4.0.0\include\popcntintrin.h
2026-07-10 15:49:16.169   Time stamp of our file: 2017-03-27 16:14:24.000
2026-07-10 15:49:16.169   Installing the file.
2026-07-10 15:49:16.170   Successfully installed the file.
2026-07-10 15:49:16.170   -- File entry --
2026-07-10 15:49:16.170   Dest filename: C:\JL\pi32\lib\clang\4.0.0\include\prfchwintrin.h
2026-07-10 15:49:16.170   Time stamp of our file: 2017-03-27 16:14:24.000
2026-07-10 15:49:16.170   Installing the file.
2026-07-10 15:49:16.171   Successfully installed the file.
2026-07-10 15:49:16.171   -- File entry --
2026-07-10 15:49:16.171   Dest filename: C:\JL\pi32\lib\clang\4.0.0\include\rdseedintrin.h
2026-07-10 15:49:16.172   Time stamp of our file: 2017-03-27 16:14:24.000
2026-07-10 15:49:16.172   Installing the file.
2026-07-10 15:49:16.172   Successfully installed the file.
2026-07-10 15:49:16.173   -- File entry --
2026-07-10 15:49:16.173   Dest filename: C:\JL\pi32\lib\clang\4.0.0\include\rtmintrin.h
2026-07-10 15:49:16.173   Time stamp of our file: 2017-03-27 16:14:24.000
2026-07-10 15:49:16.173   Installing the file.
2026-07-10 15:49:16.174   Successfully installed the file.
2026-07-10 15:49:16.174   -- File entry --
2026-07-10 15:49:16.174   Dest filename: C:\JL\pi32\lib\clang\4.0.0\include\s390intrin.h
2026-07-10 15:49:16.174   Time stamp of our file: 2017-03-27 16:14:24.000
2026-07-10 15:49:16.174   Installing the file.
2026-07-10 15:49:16.176   Successfully installed the file.
2026-07-10 15:49:16.176   -- File entry --
2026-07-10 15:49:16.176   Dest filename: C:\JL\pi32\lib\clang\4.0.0\include\shaintrin.h
2026-07-10 15:49:16.177   Time stamp of our file: 2017-03-27 16:14:24.000
2026-07-10 15:49:16.177   Installing the file.
2026-07-10 15:49:16.178   Successfully installed the file.
2026-07-10 15:49:16.178   -- File entry --
2026-07-10 15:49:16.178   Dest filename: C:\JL\pi32\lib\clang\4.0.0\include\smmintrin.h
2026-07-10 15:49:16.178   Time stamp of our file: 2017-03-27 16:14:24.000
2026-07-10 15:49:16.178   Installing the file.
2026-07-10 15:49:16.179   Successfully installed the file.
2026-07-10 15:49:16.180   -- File entry --
2026-07-10 15:49:16.180   Dest filename: C:\JL\pi32\lib\clang\4.0.0\include\stdalign.h
2026-07-10 15:49:16.180   Time stamp of our file: 2017-03-27 16:14:26.000
2026-07-10 15:49:16.180   Installing the file.
2026-07-10 15:49:16.181   Successfully installed the file.
2026-07-10 15:49:16.181   -- File entry --
2026-07-10 15:49:16.181   Dest filename: C:\JL\pi32\lib\clang\4.0.0\include\stdarg.h
2026-07-10 15:49:16.182   Time stamp of our file: 2017-03-27 16:14:26.000
2026-07-10 15:49:16.182   Installing the file.
2026-07-10 15:49:16.183   Successfully installed the file.
2026-07-10 15:49:16.183   -- File entry --
2026-07-10 15:49:16.183   Dest filename: C:\JL\pi32\lib\clang\4.0.0\include\stdatomic.h
2026-07-10 15:49:16.184   Time stamp of our file: 2017-03-27 16:14:26.000
2026-07-10 15:49:16.184   Installing the file.
2026-07-10 15:49:16.184   Successfully installed the file.
2026-07-10 15:49:16.184   -- File entry --
2026-07-10 15:49:16.184   Dest filename: C:\JL\pi32\lib\clang\4.0.0\include\stdbool.h
2026-07-10 15:49:16.185   Time stamp of our file: 2017-03-27 16:14:26.000
2026-07-10 15:49:16.185   Installing the file.
2026-07-10 15:49:16.186   Successfully installed the file.
2026-07-10 15:49:16.187   -- File entry --
2026-07-10 15:49:16.187   Dest filename: C:\JL\pi32\lib\clang\4.0.0\include\stddef.h
2026-07-10 15:49:16.187   Time stamp of our file: 2017-03-27 16:14:26.000
2026-07-10 15:49:16.187   Installing the file.
2026-07-10 15:49:16.187   Successfully installed the file.
2026-07-10 15:49:16.187   -- File entry --
2026-07-10 15:49:16.187   Dest filename: C:\JL\pi32\lib\clang\4.0.0\include\stdint.h
2026-07-10 15:49:16.187   Time stamp of our file: 2017-03-27 16:14:26.000
2026-07-10 15:49:16.187   Installing the file.
2026-07-10 15:49:16.190   Successfully installed the file.
2026-07-10 15:49:16.190   -- File entry --
2026-07-10 15:49:16.190   Dest filename: C:\JL\pi32\lib\clang\4.0.0\include\stdnoreturn.h
2026-07-10 15:49:16.190   Time stamp of our file: 2017-03-27 16:14:26.000
2026-07-10 15:49:16.190   Installing the file.
2026-07-10 15:49:16.191   Successfully installed the file.
2026-07-10 15:49:16.191   -- File entry --
2026-07-10 15:49:16.191   Dest filename: C:\JL\pi32\lib\clang\4.0.0\include\tbmintrin.h
2026-07-10 15:49:16.192   Time stamp of our file: 2017-03-27 16:14:26.000
2026-07-10 15:49:16.192   Installing the file.
2026-07-10 15:49:16.193   Successfully installed the file.
2026-07-10 15:49:16.193   -- File entry --
2026-07-10 15:49:16.193   Dest filename: C:\JL\pi32\lib\clang\4.0.0\include\tgmath.h
2026-07-10 15:49:16.193   Time stamp of our file: 2017-03-27 16:14:26.000
2026-07-10 15:49:16.193   Installing the file.
2026-07-10 15:49:16.194   Successfully installed the file.
2026-07-10 15:49:16.194   -- File entry --
2026-07-10 15:49:16.194   Dest filename: C:\JL\pi32\lib\clang\4.0.0\include\tmmintrin.h
2026-07-10 15:49:16.195   Time stamp of our file: 2017-03-27 16:14:26.000
2026-07-10 15:49:16.195   Installing the file.
2026-07-10 15:49:16.196   Successfully installed the file.
2026-07-10 15:49:16.196   -- File entry --
2026-07-10 15:49:16.197   Dest filename: C:\JL\pi32\lib\clang\4.0.0\include\unwind.h
2026-07-10 15:49:16.197   Time stamp of our file: 2017-03-27 16:14:26.000
2026-07-10 15:49:16.197   Installing the file.
2026-07-10 15:49:16.198   Successfully installed the file.
2026-07-10 15:49:16.198   -- File entry --
2026-07-10 15:49:16.198   Dest filename: C:\JL\pi32\lib\clang\4.0.0\include\vadefs.h
2026-07-10 15:49:16.198   Time stamp of our file: 2017-03-27 16:14:26.000
2026-07-10 15:49:16.198   Installing the file.
2026-07-10 15:49:16.200   Successfully installed the file.
2026-07-10 15:49:16.200   -- File entry --
2026-07-10 15:49:16.200   Dest filename: C:\JL\pi32\lib\clang\4.0.0\include\varargs.h
2026-07-10 15:49:16.200   Time stamp of our file: 2017-03-27 16:14:26.000
2026-07-10 15:49:16.200   Installing the file.
2026-07-10 15:49:16.201   Successfully installed the file.
2026-07-10 15:49:16.201   -- File entry --
2026-07-10 15:49:16.202   Dest filename: C:\JL\pi32\lib\clang\4.0.0\include\vecintrin.h
2026-07-10 15:49:16.202   Time stamp of our file: 2017-03-27 16:14:26.000
2026-07-10 15:49:16.202   Installing the file.
2026-07-10 15:49:16.205   Successfully installed the file.
2026-07-10 15:49:16.205   -- File entry --
2026-07-10 15:49:16.205   Dest filename: C:\JL\pi32\lib\clang\4.0.0\include\wmmintrin.h
2026-07-10 15:49:16.205   Time stamp of our file: 2017-03-27 16:14:26.000
2026-07-10 15:49:16.205   Installing the file.
2026-07-10 15:49:16.207   Successfully installed the file.
2026-07-10 15:49:16.207   -- File entry --
2026-07-10 15:49:16.207   Dest filename: C:\JL\pi32\lib\clang\4.0.0\include\x86intrin.h
2026-07-10 15:49:16.207   Time stamp of our file: 2017-03-27 16:14:26.000
2026-07-10 15:49:16.207   Installing the file.
2026-07-10 15:49:16.208   Successfully installed the file.
2026-07-10 15:49:16.208   -- File entry --
2026-07-10 15:49:16.208   Dest filename: C:\JL\pi32\lib\clang\4.0.0\include\xmmintrin.h
2026-07-10 15:49:16.208   Time stamp of our file: 2017-03-27 16:14:26.000
2026-07-10 15:49:16.208   Installing the file.
2026-07-10 15:49:16.210   Successfully installed the file.
2026-07-10 15:49:16.210   -- File entry --
2026-07-10 15:49:16.210   Dest filename: C:\JL\pi32\lib\clang\4.0.0\include\xopintrin.h
2026-07-10 15:49:16.210   Time stamp of our file: 2017-03-27 16:14:26.000
2026-07-10 15:49:16.210   Installing the file.
2026-07-10 15:49:16.213   Successfully installed the file.
2026-07-10 15:49:16.213   -- File entry --
2026-07-10 15:49:16.213   Dest filename: C:\JL\pi32\lib\clang\4.0.0\include\xsavecintrin.h
2026-07-10 15:49:16.213   Time stamp of our file: 2017-03-27 16:14:26.000
2026-07-10 15:49:16.213   Installing the file.
2026-07-10 15:49:16.215   Successfully installed the file.
2026-07-10 15:49:16.215   -- File entry --
2026-07-10 15:49:16.215   Dest filename: C:\JL\pi32\lib\clang\4.0.0\include\xsaveintrin.h
2026-07-10 15:49:16.215   Time stamp of our file: 2017-03-27 16:14:26.000
2026-07-10 15:49:16.215   Installing the file.
2026-07-10 15:49:16.216   Successfully installed the file.
2026-07-10 15:49:16.216   -- File entry --
2026-07-10 15:49:16.217   Dest filename: C:\JL\pi32\lib\clang\4.0.0\include\xsaveoptintrin.h
2026-07-10 15:49:16.217   Time stamp of our file: 2017-03-27 16:14:26.000
2026-07-10 15:49:16.217   Installing the file.
2026-07-10 15:49:16.218   Successfully installed the file.
2026-07-10 15:49:16.218   -- File entry --
2026-07-10 15:49:16.218   Dest filename: C:\JL\pi32\lib\clang\4.0.0\include\xsavesintrin.h
2026-07-10 15:49:16.219   Time stamp of our file: 2017-03-27 16:14:26.000
2026-07-10 15:49:16.219   Installing the file.
2026-07-10 15:49:16.220   Successfully installed the file.
2026-07-10 15:49:16.220   -- File entry --
2026-07-10 15:49:16.220   Dest filename: C:\JL\pi32\lib\clang\4.0.0\include\xtestintrin.h
2026-07-10 15:49:16.220   Time stamp of our file: 2017-03-27 16:14:26.000
2026-07-10 15:49:16.220   Installing the file.
2026-07-10 15:49:16.221   Successfully installed the file.
2026-07-10 15:49:16.221   -- File entry --
2026-07-10 15:49:16.221   Dest filename: C:\JL\pi32\lib\clang\4.0.0\include\__clang_cuda_builtin_vars.h
2026-07-10 15:49:16.221   Time stamp of our file: 2017-03-27 16:14:24.000
2026-07-10 15:49:16.221   Installing the file.
2026-07-10 15:49:16.222   Successfully installed the file.
2026-07-10 15:49:16.222   -- File entry --
2026-07-10 15:49:16.222   Dest filename: C:\JL\pi32\lib\clang\4.0.0\include\__clang_cuda_cmath.h
2026-07-10 15:49:16.222   Time stamp of our file: 2017-03-27 16:14:24.000
2026-07-10 15:49:16.222   Installing the file.
2026-07-10 15:49:16.223   Successfully installed the file.
2026-07-10 15:49:16.223   -- File entry --
2026-07-10 15:49:16.225   Dest filename: C:\JL\pi32\lib\clang\4.0.0\include\__clang_cuda_complex_builtins.h
2026-07-10 15:49:16.225   Time stamp of our file: 2017-03-27 16:14:24.000
2026-07-10 15:49:16.225   Installing the file.
2026-07-10 15:49:16.226   Successfully installed the file.
2026-07-10 15:49:16.226   -- File entry --
2026-07-10 15:49:16.226   Dest filename: C:\JL\pi32\lib\clang\4.0.0\include\__clang_cuda_intrinsics.h
2026-07-10 15:49:16.226   Time stamp of our file: 2017-03-27 16:14:24.000
2026-07-10 15:49:16.226   Installing the file.
2026-07-10 15:49:16.228   Successfully installed the file.
2026-07-10 15:49:16.228   -- File entry --
2026-07-10 15:49:16.228   Dest filename: C:\JL\pi32\lib\clang\4.0.0\include\__clang_cuda_math_forward_declares.h
2026-07-10 15:49:16.228   Time stamp of our file: 2017-03-27 16:14:24.000
2026-07-10 15:49:16.228   Installing the file.
2026-07-10 15:49:16.229   Successfully installed the file.
2026-07-10 15:49:16.229   -- File entry --
2026-07-10 15:49:16.229   Dest filename: C:\JL\pi32\lib\clang\4.0.0\include\__clang_cuda_runtime_wrapper.h
2026-07-10 15:49:16.229   Time stamp of our file: 2017-03-27 16:14:24.000
2026-07-10 15:49:16.229   Installing the file.
2026-07-10 15:49:16.231   Successfully installed the file.
2026-07-10 15:49:16.231   -- File entry --
2026-07-10 15:49:16.231   Dest filename: C:\JL\pi32\lib\clang\4.0.0\include\__stddef_max_align_t.h
2026-07-10 15:49:16.232   Time stamp of our file: 2017-03-27 16:14:26.000
2026-07-10 15:49:16.232   Installing the file.
2026-07-10 15:49:16.233   Successfully installed the file.
2026-07-10 15:49:16.233   -- File entry --
2026-07-10 15:49:16.233   Dest filename: C:\JL\pi32\lib\clang\4.0.0\include\__wmmintrin_aes.h
2026-07-10 15:49:16.233   Time stamp of our file: 2017-03-27 16:14:26.000
2026-07-10 15:49:16.233   Installing the file.
2026-07-10 15:49:16.234   Successfully installed the file.
2026-07-10 15:49:16.234   -- File entry --
2026-07-10 15:49:16.234   Dest filename: C:\JL\pi32\lib\clang\4.0.0\include\__wmmintrin_pclmul.h
2026-07-10 15:49:16.234   Time stamp of our file: 2017-03-27 16:14:26.000
2026-07-10 15:49:16.234   Installing the file.
2026-07-10 15:49:16.236   Successfully installed the file.
2026-07-10 15:49:16.236   -- File entry --
2026-07-10 15:49:16.236   Dest filename: C:\JL\pi32\lib\clang\4.0.0\include\cuda_wrappers\algorithm
2026-07-10 15:49:16.236   Time stamp of our file: 2017-03-27 16:14:26.000
2026-07-10 15:49:16.236   Installing the file.
2026-07-10 15:49:16.236   Creating directory: C:\JL\pi32\lib\clang\4.0.0\include\cuda_wrappers
2026-07-10 15:49:16.238   Successfully installed the file.
2026-07-10 15:49:16.238   -- File entry --
2026-07-10 15:49:16.238   Dest filename: C:\JL\pi32\lib\clang\4.0.0\include\cuda_wrappers\complex
2026-07-10 15:49:16.238   Time stamp of our file: 2017-03-27 16:14:26.000
2026-07-10 15:49:16.238   Installing the file.
2026-07-10 15:49:16.239   Successfully installed the file.
2026-07-10 15:49:16.239   -- File entry --
2026-07-10 15:49:16.239   Dest filename: C:\JL\pi32\lib\clang\4.0.0\include\cuda_wrappers\new
2026-07-10 15:49:16.240   Time stamp of our file: 2017-03-27 16:14:26.000
2026-07-10 15:49:16.240   Installing the file.
2026-07-10 15:49:16.241   Successfully installed the file.
2026-07-10 15:49:16.241   -- File entry --
2026-07-10 15:49:16.241   Dest filename: C:\JL\pi32\lib\clang\4.0.1\include\adxintrin.h
2026-07-10 15:49:16.241   Time stamp of our file: 2017-03-27 16:14:16.000
2026-07-10 15:49:16.241   Installing the file.
2026-07-10 15:49:16.242   Creating directory: C:\JL\pi32\lib\clang\4.0.1
2026-07-10 15:49:16.242   Creating directory: C:\JL\pi32\lib\clang\4.0.1\include
2026-07-10 15:49:16.243   Successfully installed the file.
2026-07-10 15:49:16.243   -- File entry --
2026-07-10 15:49:16.243   Dest filename: C:\JL\pi32\lib\clang\4.0.1\include\altivec.h
2026-07-10 15:49:16.244   Time stamp of our file: 2017-03-27 16:14:18.000
2026-07-10 15:49:16.244   Installing the file.
2026-07-10 15:49:16.249   Successfully installed the file.
2026-07-10 15:49:16.249   -- File entry --
2026-07-10 15:49:16.249   Dest filename: C:\JL\pi32\lib\clang\4.0.1\include\ammintrin.h
2026-07-10 15:49:16.249   Time stamp of our file: 2017-03-27 16:14:20.000
2026-07-10 15:49:16.249   Installing the file.
2026-07-10 15:49:16.250   Successfully installed the file.
2026-07-10 15:49:16.250   -- File entry --
2026-07-10 15:49:16.250   Dest filename: C:\JL\pi32\lib\clang\4.0.1\include\armintr.h
2026-07-10 15:49:16.251   Time stamp of our file: 2017-03-27 16:14:22.000
2026-07-10 15:49:16.251   Installing the file.
2026-07-10 15:49:16.252   Successfully installed the file.
2026-07-10 15:49:16.252   -- File entry --
2026-07-10 15:49:16.252   Dest filename: C:\JL\pi32\lib\clang\4.0.1\include\arm_acle.h
2026-07-10 15:49:16.253   Time stamp of our file: 2017-03-27 16:14:22.000
2026-07-10 15:49:16.253   Installing the file.
2026-07-10 15:49:16.254   Successfully installed the file.
2026-07-10 15:49:16.254   -- File entry --
2026-07-10 15:49:16.254   Dest filename: C:\JL\pi32\lib\clang\4.0.1\include\arm_neon.h
2026-07-10 15:49:16.254   Time stamp of our file: 2017-03-27 16:14:26.000
2026-07-10 15:49:16.254   Installing the file.
2026-07-10 15:49:16.268   Successfully installed the file.
2026-07-10 15:49:16.268   -- File entry --
2026-07-10 15:49:16.268   Dest filename: C:\JL\pi32\lib\clang\4.0.1\include\avx2intrin.h
2026-07-10 15:49:16.269   Time stamp of our file: 2017-03-27 16:14:22.000
2026-07-10 15:49:16.269   Installing the file.
2026-07-10 15:49:16.270   Successfully installed the file.
2026-07-10 15:49:16.270   -- File entry --
2026-07-10 15:49:16.270   Dest filename: C:\JL\pi32\lib\clang\4.0.1\include\avx512bwintrin.h
2026-07-10 15:49:16.271   Time stamp of our file: 2017-03-27 16:14:22.000
2026-07-10 15:49:16.271   Installing the file.
2026-07-10 15:49:16.272   Successfully installed the file.
2026-07-10 15:49:16.273   -- File entry --
2026-07-10 15:49:16.273   Dest filename: C:\JL\pi32\lib\clang\4.0.1\include\avx512cdintrin.h
2026-07-10 15:49:16.273   Time stamp of our file: 2017-03-27 16:14:22.000
2026-07-10 15:49:16.273   Installing the file.
2026-07-10 15:49:16.274   Successfully installed the file.
2026-07-10 15:49:16.274   -- File entry --
2026-07-10 15:49:16.274   Dest filename: C:\JL\pi32\lib\clang\4.0.1\include\avx512dqintrin.h
2026-07-10 15:49:16.274   Time stamp of our file: 2017-03-27 16:14:22.000
2026-07-10 15:49:16.274   Installing the file.
2026-07-10 15:49:16.276   Successfully installed the file.
2026-07-10 15:49:16.276   -- File entry --
2026-07-10 15:49:16.276   Dest filename: C:\JL\pi32\lib\clang\4.0.1\include\avx512erintrin.h
2026-07-10 15:49:16.276   Time stamp of our file: 2017-03-27 16:14:22.000
2026-07-10 15:49:16.276   Installing the file.
2026-07-10 15:49:16.278   Successfully installed the file.
2026-07-10 15:49:16.278   -- File entry --
2026-07-10 15:49:16.278   Dest filename: C:\JL\pi32\lib\clang\4.0.1\include\avx512fintrin.h
2026-07-10 15:49:16.278   Time stamp of our file: 2017-03-27 16:14:22.000
2026-07-10 15:49:16.278   Installing the file.
2026-07-10 15:49:16.281   Successfully installed the file.
2026-07-10 15:49:16.281   -- File entry --
2026-07-10 15:49:16.281   Dest filename: C:\JL\pi32\lib\clang\4.0.1\include\avx512ifmaintrin.h
2026-07-10 15:49:16.281   Time stamp of our file: 2017-03-27 16:14:22.000
2026-07-10 15:49:16.281   Installing the file.
2026-07-10 15:49:16.284   Successfully installed the file.
2026-07-10 15:49:16.284   -- File entry --
2026-07-10 15:49:16.284   Dest filename: C:\JL\pi32\lib\clang\4.0.1\include\avx512ifmavlintrin.h
2026-07-10 15:49:16.284   Time stamp of our file: 2017-03-27 16:14:22.000
2026-07-10 15:49:16.284   Installing the file.
2026-07-10 15:49:16.285   Successfully installed the file.
2026-07-10 15:49:16.285   -- File entry --
2026-07-10 15:49:16.285   Dest filename: C:\JL\pi32\lib\clang\4.0.1\include\avx512pfintrin.h
2026-07-10 15:49:16.285   Time stamp of our file: 2017-03-27 16:14:22.000
2026-07-10 15:49:16.285   Installing the file.
2026-07-10 15:49:16.287   Successfully installed the file.
2026-07-10 15:49:16.287   -- File entry --
2026-07-10 15:49:16.287   Dest filename: C:\JL\pi32\lib\clang\4.0.1\include\avx512vbmiintrin.h
2026-07-10 15:49:16.287   Time stamp of our file: 2017-03-27 16:14:22.000
2026-07-10 15:49:16.287   Installing the file.
2026-07-10 15:49:16.288   Successfully installed the file.
2026-07-10 15:49:16.288   -- File entry --
2026-07-10 15:49:16.288   Dest filename: C:\JL\pi32\lib\clang\4.0.1\include\avx512vbmivlintrin.h
2026-07-10 15:49:16.288   Time stamp of our file: 2017-03-27 16:14:22.000
2026-07-10 15:49:16.288   Installing the file.
2026-07-10 15:49:16.290   Successfully installed the file.
2026-07-10 15:49:16.290   -- File entry --
2026-07-10 15:49:16.290   Dest filename: C:\JL\pi32\lib\clang\4.0.1\include\avx512vlbwintrin.h
2026-07-10 15:49:16.290   Time stamp of our file: 2017-03-27 16:14:22.000
2026-07-10 15:49:16.290   Installing the file.
2026-07-10 15:49:16.291   Successfully installed the file.
2026-07-10 15:49:16.291   -- File entry --
2026-07-10 15:49:16.291   Dest filename: C:\JL\pi32\lib\clang\4.0.1\include\avx512vlcdintrin.h
2026-07-10 15:49:16.291   Time stamp of our file: 2017-03-27 16:14:22.000
2026-07-10 15:49:16.291   Installing the file.
2026-07-10 15:49:16.293   Successfully installed the file.
2026-07-10 15:49:16.293   -- File entry --
2026-07-10 15:49:16.293   Dest filename: C:\JL\pi32\lib\clang\4.0.1\include\avx512vldqintrin.h
2026-07-10 15:49:16.293   Time stamp of our file: 2017-03-27 16:14:24.000
2026-07-10 15:49:16.293   Installing the file.
2026-07-10 15:49:16.295   Successfully installed the file.
2026-07-10 15:49:16.295   -- File entry --
2026-07-10 15:49:16.295   Dest filename: C:\JL\pi32\lib\clang\4.0.1\include\avx512vlintrin.h
2026-07-10 15:49:16.295   Time stamp of our file: 2017-03-27 16:14:24.000
2026-07-10 15:49:16.295   Installing the file.
2026-07-10 15:49:16.298   Successfully installed the file.
2026-07-10 15:49:16.298   -- File entry --
2026-07-10 15:49:16.298   Dest filename: C:\JL\pi32\lib\clang\4.0.1\include\avxintrin.h
2026-07-10 15:49:16.299   Time stamp of our file: 2017-03-27 16:14:24.000
2026-07-10 15:49:16.299   Installing the file.
2026-07-10 15:49:16.301   Successfully installed the file.
2026-07-10 15:49:16.301   -- File entry --
2026-07-10 15:49:16.301   Dest filename: C:\JL\pi32\lib\clang\4.0.1\include\bmi2intrin.h
2026-07-10 15:49:16.301   Time stamp of our file: 2017-03-27 16:14:24.000
2026-07-10 15:49:16.301   Installing the file.
2026-07-10 15:49:16.303   Successfully installed the file.
2026-07-10 15:49:16.303   -- File entry --
2026-07-10 15:49:16.303   Dest filename: C:\JL\pi32\lib\clang\4.0.1\include\bmiintrin.h
2026-07-10 15:49:16.303   Time stamp of our file: 2017-03-27 16:14:24.000
2026-07-10 15:49:16.303   Installing the file.
2026-07-10 15:49:16.305   Successfully installed the file.
2026-07-10 15:49:16.305   -- File entry --
2026-07-10 15:49:16.305   Dest filename: C:\JL\pi32\lib\clang\4.0.1\include\clflushoptintrin.h
2026-07-10 15:49:16.305   Time stamp of our file: 2017-03-27 16:14:24.000
2026-07-10 15:49:16.305   Installing the file.
2026-07-10 15:49:16.307   Successfully installed the file.
2026-07-10 15:49:16.307   -- File entry --
2026-07-10 15:49:16.307   Dest filename: C:\JL\pi32\lib\clang\4.0.1\include\cpuid.h
2026-07-10 15:49:16.307   Time stamp of our file: 2017-03-27 16:14:24.000
2026-07-10 15:49:16.307   Installing the file.
2026-07-10 15:49:16.309   Successfully installed the file.
2026-07-10 15:49:16.309   -- File entry --
2026-07-10 15:49:16.309   Dest filename: C:\JL\pi32\lib\clang\4.0.1\include\emmintrin.h
2026-07-10 15:49:16.309   Time stamp of our file: 2017-03-27 16:14:24.000
2026-07-10 15:49:16.309   Installing the file.
2026-07-10 15:49:16.311   Successfully installed the file.
2026-07-10 15:49:16.311   -- File entry --
2026-07-10 15:49:16.311   Dest filename: C:\JL\pi32\lib\clang\4.0.1\include\f16cintrin.h
2026-07-10 15:49:16.312   Time stamp of our file: 2017-03-27 16:14:24.000
2026-07-10 15:49:16.312   Installing the file.
2026-07-10 15:49:16.313   Successfully installed the file.
2026-07-10 15:49:16.313   -- File entry --
2026-07-10 15:49:16.313   Dest filename: C:\JL\pi32\lib\clang\4.0.1\include\float.h
2026-07-10 15:49:16.313   Time stamp of our file: 2017-03-27 16:14:24.000
2026-07-10 15:49:16.313   Installing the file.
2026-07-10 15:49:16.314   Successfully installed the file.
2026-07-10 15:49:16.314   -- File entry --
2026-07-10 15:49:16.314   Dest filename: C:\JL\pi32\lib\clang\4.0.1\include\fma4intrin.h
2026-07-10 15:49:16.314   Time stamp of our file: 2017-03-27 16:14:24.000
2026-07-10 15:49:16.315   Installing the file.
2026-07-10 15:49:16.316   Successfully installed the file.
2026-07-10 15:49:16.316   -- File entry --
2026-07-10 15:49:16.316   Dest filename: C:\JL\pi32\lib\clang\4.0.1\include\fmaintrin.h
2026-07-10 15:49:16.316   Time stamp of our file: 2017-03-27 16:14:24.000
2026-07-10 15:49:16.316   Installing the file.
2026-07-10 15:49:16.318   Successfully installed the file.
2026-07-10 15:49:16.318   -- File entry --
2026-07-10 15:49:16.318   Dest filename: C:\JL\pi32\lib\clang\4.0.1\include\fxsrintrin.h
2026-07-10 15:49:16.318   Time stamp of our file: 2017-03-27 16:14:24.000
2026-07-10 15:49:16.318   Installing the file.
2026-07-10 15:49:16.320   Successfully installed the file.
2026-07-10 15:49:16.320   -- File entry --
2026-07-10 15:49:16.320   Dest filename: C:\JL\pi32\lib\clang\4.0.1\include\htmintrin.h
2026-07-10 15:49:16.320   Time stamp of our file: 2017-03-27 16:14:24.000
2026-07-10 15:49:16.320   Installing the file.
2026-07-10 15:49:16.321   Successfully installed the file.
2026-07-10 15:49:16.321   -- File entry --
2026-07-10 15:49:16.321   Dest filename: C:\JL\pi32\lib\clang\4.0.1\include\htmxlintrin.h
2026-07-10 15:49:16.321   Time stamp of our file: 2017-03-27 16:14:24.000
2026-07-10 15:49:16.321   Installing the file.
2026-07-10 15:49:16.322   Successfully installed the file.
2026-07-10 15:49:16.322   -- File entry --
2026-07-10 15:49:16.323   Dest filename: C:\JL\pi32\lib\clang\4.0.1\include\ia32intrin.h
2026-07-10 15:49:16.323   Time stamp of our file: 2017-03-27 16:14:24.000
2026-07-10 15:49:16.323   Installing the file.
2026-07-10 15:49:16.324   Successfully installed the file.
2026-07-10 15:49:16.324   -- File entry --
2026-07-10 15:49:16.324   Dest filename: C:\JL\pi32\lib\clang\4.0.1\include\immintrin.h
2026-07-10 15:49:16.324   Time stamp of our file: 2017-03-27 16:14:24.000
2026-07-10 15:49:16.324   Installing the file.
2026-07-10 15:49:16.325   Successfully installed the file.
2026-07-10 15:49:16.325   -- File entry --
2026-07-10 15:49:16.325   Dest filename: C:\JL\pi32\lib\clang\4.0.1\include\intrin.h
2026-07-10 15:49:16.325   Time stamp of our file: 2017-03-27 16:14:24.000
2026-07-10 15:49:16.325   Installing the file.
2026-07-10 15:49:16.326   Successfully installed the file.
2026-07-10 15:49:16.326   -- File entry --
2026-07-10 15:49:16.326   Dest filename: C:\JL\pi32\lib\clang\4.0.1\include\inttypes.h
2026-07-10 15:49:16.326   Time stamp of our file: 2017-03-27 16:14:24.000
2026-07-10 15:49:16.326   Installing the file.
2026-07-10 15:49:16.328   Successfully installed the file.
2026-07-10 15:49:16.328   -- File entry --
2026-07-10 15:49:16.328   Dest filename: C:\JL\pi32\lib\clang\4.0.1\include\iso646.h
2026-07-10 15:49:16.329   Time stamp of our file: 2017-03-27 16:14:24.000
2026-07-10 15:49:16.329   Installing the file.
2026-07-10 15:49:16.329   Successfully installed the file.
2026-07-10 15:49:16.330   -- File entry --
2026-07-10 15:49:16.330   Dest filename: C:\JL\pi32\lib\clang\4.0.1\include\limits.h
2026-07-10 15:49:16.330   Time stamp of our file: 2017-03-27 16:14:24.000
2026-07-10 15:49:16.330   Installing the file.
2026-07-10 15:49:16.331   Successfully installed the file.
2026-07-10 15:49:16.331   -- File entry --
2026-07-10 15:49:16.331   Dest filename: C:\JL\pi32\lib\clang\4.0.1\include\lzcntintrin.h
2026-07-10 15:49:16.331   Time stamp of our file: 2017-03-27 16:14:24.000
2026-07-10 15:49:16.331   Installing the file.
2026-07-10 15:49:16.332   Successfully installed the file.
2026-07-10 15:49:16.333   -- File entry --
2026-07-10 15:49:16.333   Dest filename: C:\JL\pi32\lib\clang\4.0.1\include\mm3dnow.h
2026-07-10 15:49:16.333   Time stamp of our file: 2017-03-27 16:14:24.000
2026-07-10 15:49:16.333   Installing the file.
2026-07-10 15:49:16.333   Successfully installed the file.
2026-07-10 15:49:16.334   -- File entry --
2026-07-10 15:49:16.334   Dest filename: C:\JL\pi32\lib\clang\4.0.1\include\mmintrin.h
2026-07-10 15:49:16.334   Time stamp of our file: 2017-03-27 16:14:24.000
2026-07-10 15:49:16.334   Installing the file.
2026-07-10 15:49:16.335   Successfully installed the file.
2026-07-10 15:49:16.335   -- File entry --
2026-07-10 15:49:16.335   Dest filename: C:\JL\pi32\lib\clang\4.0.1\include\mm_malloc.h
2026-07-10 15:49:16.335   Time stamp of our file: 2017-03-27 16:14:24.000
2026-07-10 15:49:16.335   Installing the file.
2026-07-10 15:49:16.336   Successfully installed the file.
2026-07-10 15:49:16.336   -- File entry --
2026-07-10 15:49:16.336   Dest filename: C:\JL\pi32\lib\clang\4.0.1\include\module.modulemap
2026-07-10 15:49:16.336   Time stamp of our file: 2017-03-27 16:14:24.000
2026-07-10 15:49:16.336   Installing the file.
2026-07-10 15:49:16.337   Successfully installed the file.
2026-07-10 15:49:16.337   -- File entry --
2026-07-10 15:49:16.337   Dest filename: C:\JL\pi32\lib\clang\4.0.1\include\msa.h
2026-07-10 15:49:16.339   Time stamp of our file: 2017-03-27 16:14:24.000
2026-07-10 15:49:16.339   Installing the file.
2026-07-10 15:49:16.340   Successfully installed the file.
2026-07-10 15:49:16.340   -- File entry --
2026-07-10 15:49:16.340   Dest filename: C:\JL\pi32\lib\clang\4.0.1\include\mwaitxintrin.h
2026-07-10 15:49:16.340   Time stamp of our file: 2017-03-27 16:14:24.000
2026-07-10 15:49:16.340   Installing the file.
2026-07-10 15:49:16.341   Successfully installed the file.
2026-07-10 15:49:16.341   -- File entry --
2026-07-10 15:49:16.341   Dest filename: C:\JL\pi32\lib\clang\4.0.1\include\nmmintrin.h
2026-07-10 15:49:16.341   Time stamp of our file: 2017-03-27 16:14:24.000
2026-07-10 15:49:16.341   Installing the file.
2026-07-10 15:49:16.343   Successfully installed the file.
2026-07-10 15:49:16.343   -- File entry --
2026-07-10 15:49:16.343   Dest filename: C:\JL\pi32\lib\clang\4.0.1\include\opencl-c.h
2026-07-10 15:49:16.343   Time stamp of our file: 2017-03-27 16:14:24.000
2026-07-10 15:49:16.343   Installing the file.
2026-07-10 15:49:16.350   Successfully installed the file.
2026-07-10 15:49:16.350   -- File entry --
2026-07-10 15:49:16.350   Dest filename: C:\JL\pi32\lib\clang\4.0.1\include\pkuintrin.h
2026-07-10 15:49:16.350   Time stamp of our file: 2017-03-27 16:14:24.000
2026-07-10 15:49:16.350   Installing the file.
2026-07-10 15:49:16.351   Successfully installed the file.
2026-07-10 15:49:16.351   -- File entry --
2026-07-10 15:49:16.351   Dest filename: C:\JL\pi32\lib\clang\4.0.1\include\pmmintrin.h
2026-07-10 15:49:16.351   Time stamp of our file: 2017-03-27 16:14:24.000
2026-07-10 15:49:16.351   Installing the file.
2026-07-10 15:49:16.353   Successfully installed the file.
2026-07-10 15:49:16.353   -- File entry --
2026-07-10 15:49:16.353   Dest filename: C:\JL\pi32\lib\clang\4.0.1\include\popcntintrin.h
2026-07-10 15:49:16.353   Time stamp of our file: 2017-03-27 16:14:24.000
2026-07-10 15:49:16.353   Installing the file.
2026-07-10 15:49:16.354   Successfully installed the file.
2026-07-10 15:49:16.354   -- File entry --
2026-07-10 15:49:16.354   Dest filename: C:\JL\pi32\lib\clang\4.0.1\include\prfchwintrin.h
2026-07-10 15:49:16.354   Time stamp of our file: 2017-03-27 16:14:24.000
2026-07-10 15:49:16.354   Installing the file.
2026-07-10 15:49:16.355   Successfully installed the file.
2026-07-10 15:49:16.355   -- File entry --
2026-07-10 15:49:16.355   Dest filename: C:\JL\pi32\lib\clang\4.0.1\include\rdseedintrin.h
2026-07-10 15:49:16.356   Time stamp of our file: 2017-03-27 16:14:24.000
2026-07-10 15:49:16.356   Installing the file.
2026-07-10 15:49:16.357   Successfully installed the file.
2026-07-10 15:49:16.357   -- File entry --
2026-07-10 15:49:16.357   Dest filename: C:\JL\pi32\lib\clang\4.0.1\include\rtmintrin.h
2026-07-10 15:49:16.357   Time stamp of our file: 2017-03-27 16:14:24.000
2026-07-10 15:49:16.357   Installing the file.
2026-07-10 15:49:16.358   Successfully installed the file.
2026-07-10 15:49:16.358   -- File entry --
2026-07-10 15:49:16.359   Dest filename: C:\JL\pi32\lib\clang\4.0.1\include\s390intrin.h
2026-07-10 15:49:16.359   Time stamp of our file: 2017-03-27 16:14:24.000
2026-07-10 15:49:16.359   Installing the file.
2026-07-10 15:49:16.360   Successfully installed the file.
2026-07-10 15:49:16.360   -- File entry --
2026-07-10 15:49:16.360   Dest filename: C:\JL\pi32\lib\clang\4.0.1\include\shaintrin.h
2026-07-10 15:49:16.360   Time stamp of our file: 2017-03-27 16:14:24.000
2026-07-10 15:49:16.360   Installing the file.
2026-07-10 15:49:16.361   Successfully installed the file.
2026-07-10 15:49:16.361   -- File entry --
2026-07-10 15:49:16.361   Dest filename: C:\JL\pi32\lib\clang\4.0.1\include\smmintrin.h
2026-07-10 15:49:16.361   Time stamp of our file: 2017-03-27 16:14:24.000
2026-07-10 15:49:16.361   Installing the file.
2026-07-10 15:49:16.362   Successfully installed the file.
2026-07-10 15:49:16.362   -- File entry --
2026-07-10 15:49:16.362   Dest filename: C:\JL\pi32\lib\clang\4.0.1\include\stdalign.h
2026-07-10 15:49:16.364   Time stamp of our file: 2017-03-27 16:14:26.000
2026-07-10 15:49:16.364   Installing the file.
2026-07-10 15:49:16.365   Successfully installed the file.
2026-07-10 15:49:16.365   -- File entry --
2026-07-10 15:49:16.365   Dest filename: C:\JL\pi32\lib\clang\4.0.1\include\stdarg.h
2026-07-10 15:49:16.365   Time stamp of our file: 2017-03-27 16:14:26.000
2026-07-10 15:49:16.365   Installing the file.
2026-07-10 15:49:16.366   Successfully installed the file.
2026-07-10 15:49:16.366   -- File entry --
2026-07-10 15:49:16.366   Dest filename: C:\JL\pi32\lib\clang\4.0.1\include\stdatomic.h
2026-07-10 15:49:16.366   Time stamp of our file: 2017-03-27 16:14:26.000
2026-07-10 15:49:16.366   Installing the file.
2026-07-10 15:49:16.367   Successfully installed the file.
2026-07-10 15:49:16.367   -- File entry --
2026-07-10 15:49:16.367   Dest filename: C:\JL\pi32\lib\clang\4.0.1\include\stdbool.h
2026-07-10 15:49:16.367   Time stamp of our file: 2017-03-27 16:14:26.000
2026-07-10 15:49:16.368   Installing the file.
2026-07-10 15:49:16.369   Successfully installed the file.
2026-07-10 15:49:16.369   -- File entry --
2026-07-10 15:49:16.369   Dest filename: C:\JL\pi32\lib\clang\4.0.1\include\stddef.h
2026-07-10 15:49:16.369   Time stamp of our file: 2017-03-27 16:14:26.000
2026-07-10 15:49:16.369   Installing the file.
2026-07-10 15:49:16.370   Successfully installed the file.
2026-07-10 15:49:16.370   -- File entry --
2026-07-10 15:49:16.370   Dest filename: C:\JL\pi32\lib\clang\4.0.1\include\stdint.h
2026-07-10 15:49:16.370   Time stamp of our file: 2017-03-27 16:14:26.000
2026-07-10 15:49:16.370   Installing the file.
2026-07-10 15:49:16.372   Successfully installed the file.
2026-07-10 15:49:16.372   -- File entry --
2026-07-10 15:49:16.372   Dest filename: C:\JL\pi32\lib\clang\4.0.1\include\stdnoreturn.h
2026-07-10 15:49:16.372   Time stamp of our file: 2017-03-27 16:14:26.000
2026-07-10 15:49:16.372   Installing the file.
2026-07-10 15:49:16.373   Successfully installed the file.
2026-07-10 15:49:16.373   -- File entry --
2026-07-10 15:49:16.373   Dest filename: C:\JL\pi32\lib\clang\4.0.1\include\tbmintrin.h
2026-07-10 15:49:16.373   Time stamp of our file: 2017-03-27 16:14:26.000
2026-07-10 15:49:16.373   Installing the file.
2026-07-10 15:49:16.374   Successfully installed the file.
2026-07-10 15:49:16.374   -- File entry --
2026-07-10 15:49:16.374   Dest filename: C:\JL\pi32\lib\clang\4.0.1\include\tgmath.h
2026-07-10 15:49:16.374   Time stamp of our file: 2017-03-27 16:14:26.000
2026-07-10 15:49:16.374   Installing the file.
2026-07-10 15:49:16.375   Successfully installed the file.
2026-07-10 15:49:16.376   -- File entry --
2026-07-10 15:49:16.376   Dest filename: C:\JL\pi32\lib\clang\4.0.1\include\tmmintrin.h
2026-07-10 15:49:16.376   Time stamp of our file: 2017-03-27 16:14:26.000
2026-07-10 15:49:16.376   Installing the file.
2026-07-10 15:49:16.377   Successfully installed the file.
2026-07-10 15:49:16.377   -- File entry --
2026-07-10 15:49:16.377   Dest filename: C:\JL\pi32\lib\clang\4.0.1\include\unwind.h
2026-07-10 15:49:16.378   Time stamp of our file: 2017-03-27 16:14:26.000
2026-07-10 15:49:16.378   Installing the file.
2026-07-10 15:49:16.379   Successfully installed the file.
2026-07-10 15:49:16.379   -- File entry --
2026-07-10 15:49:16.379   Dest filename: C:\JL\pi32\lib\clang\4.0.1\include\vadefs.h
2026-07-10 15:49:16.380   Time stamp of our file: 2017-03-27 16:14:26.000
2026-07-10 15:49:16.380   Installing the file.
2026-07-10 15:49:16.381   Successfully installed the file.
2026-07-10 15:49:16.381   -- File entry --
2026-07-10 15:49:16.381   Dest filename: C:\JL\pi32\lib\clang\4.0.1\include\varargs.h
2026-07-10 15:49:16.381   Time stamp of our file: 2017-03-27 16:14:26.000
2026-07-10 15:49:16.381   Installing the file.
2026-07-10 15:49:16.383   Successfully installed the file.
2026-07-10 15:49:16.383   -- File entry --
2026-07-10 15:49:16.383   Dest filename: C:\JL\pi32\lib\clang\4.0.1\include\vecintrin.h
2026-07-10 15:49:16.383   Time stamp of our file: 2017-03-27 16:14:26.000
2026-07-10 15:49:16.383   Installing the file.
2026-07-10 15:49:16.386   Successfully installed the file.
2026-07-10 15:49:16.386   -- File entry --
2026-07-10 15:49:16.386   Dest filename: C:\JL\pi32\lib\clang\4.0.1\include\wmmintrin.h
2026-07-10 15:49:16.387   Time stamp of our file: 2017-03-27 16:14:26.000
2026-07-10 15:49:16.387   Installing the file.
2026-07-10 15:49:16.388   Successfully installed the file.
2026-07-10 15:49:16.388   -- File entry --
2026-07-10 15:49:16.388   Dest filename: C:\JL\pi32\lib\clang\4.0.1\include\x86intrin.h
2026-07-10 15:49:16.388   Time stamp of our file: 2017-03-27 16:14:26.000
2026-07-10 15:49:16.388   Installing the file.
2026-07-10 15:49:16.389   Successfully installed the file.
2026-07-10 15:49:16.389   -- File entry --
2026-07-10 15:49:16.389   Dest filename: C:\JL\pi32\lib\clang\4.0.1\include\xmmintrin.h
2026-07-10 15:49:16.389   Time stamp of our file: 2017-03-27 16:14:26.000
2026-07-10 15:49:16.389   Installing the file.
2026-07-10 15:49:16.391   Successfully installed the file.
2026-07-10 15:49:16.391   -- File entry --
2026-07-10 15:49:16.391   Dest filename: C:\JL\pi32\lib\clang\4.0.1\include\xopintrin.h
2026-07-10 15:49:16.391   Time stamp of our file: 2017-03-27 16:14:26.000
2026-07-10 15:49:16.391   Installing the file.
2026-07-10 15:49:16.392   Successfully installed the file.
2026-07-10 15:49:16.392   -- File entry --
2026-07-10 15:49:16.392   Dest filename: C:\JL\pi32\lib\clang\4.0.1\include\xsavecintrin.h
2026-07-10 15:49:16.392   Time stamp of our file: 2017-03-27 16:14:26.000
2026-07-10 15:49:16.392   Installing the file.
2026-07-10 15:49:16.394   Successfully installed the file.
2026-07-10 15:49:16.394   -- File entry --
2026-07-10 15:49:16.394   Dest filename: C:\JL\pi32\lib\clang\4.0.1\include\xsaveintrin.h
2026-07-10 15:49:16.395   Time stamp of our file: 2017-03-27 16:14:26.000
2026-07-10 15:49:16.395   Installing the file.
2026-07-10 15:49:16.396   Successfully installed the file.
2026-07-10 15:49:16.396   -- File entry --
2026-07-10 15:49:16.396   Dest filename: C:\JL\pi32\lib\clang\4.0.1\include\xsaveoptintrin.h
2026-07-10 15:49:16.396   Time stamp of our file: 2017-03-27 16:14:26.000
2026-07-10 15:49:16.396   Installing the file.
2026-07-10 15:49:16.397   Successfully installed the file.
2026-07-10 15:49:16.397   -- File entry --
2026-07-10 15:49:16.397   Dest filename: C:\JL\pi32\lib\clang\4.0.1\include\xsavesintrin.h
2026-07-10 15:49:16.397   Time stamp of our file: 2017-03-27 16:14:26.000
2026-07-10 15:49:16.397   Installing the file.
2026-07-10 15:49:16.399   Successfully installed the file.
2026-07-10 15:49:16.399   -- File entry --
2026-07-10 15:49:16.399   Dest filename: C:\JL\pi32\lib\clang\4.0.1\include\xtestintrin.h
2026-07-10 15:49:16.399   Time stamp of our file: 2017-03-27 16:14:26.000
2026-07-10 15:49:16.399   Installing the file.
2026-07-10 15:49:16.401   Successfully installed the file.
2026-07-10 15:49:16.401   -- File entry --
2026-07-10 15:49:16.401   Dest filename: C:\JL\pi32\lib\clang\4.0.1\include\__clang_cuda_builtin_vars.h
2026-07-10 15:49:16.401   Time stamp of our file: 2017-03-27 16:14:24.000
2026-07-10 15:49:16.401   Installing the file.
2026-07-10 15:49:16.402   Successfully installed the file.
2026-07-10 15:49:16.402   -- File entry --
2026-07-10 15:49:16.402   Dest filename: C:\JL\pi32\lib\clang\4.0.1\include\__clang_cuda_cmath.h
2026-07-10 15:49:16.402   Time stamp of our file: 2017-03-27 16:14:24.000
2026-07-10 15:49:16.402   Installing the file.
2026-07-10 15:49:16.404   Successfully installed the file.
2026-07-10 15:49:16.404   -- File entry --
2026-07-10 15:49:16.404   Dest filename: C:\JL\pi32\lib\clang\4.0.1\include\__clang_cuda_complex_builtins.h
2026-07-10 15:49:16.404   Time stamp of our file: 2017-03-27 16:14:24.000
2026-07-10 15:49:16.404   Installing the file.
2026-07-10 15:49:16.405   Successfully installed the file.
2026-07-10 15:49:16.405   -- File entry --
2026-07-10 15:49:16.405   Dest filename: C:\JL\pi32\lib\clang\4.0.1\include\__clang_cuda_intrinsics.h
2026-07-10 15:49:16.405   Time stamp of our file: 2017-03-27 16:14:24.000
2026-07-10 15:49:16.405   Installing the file.
2026-07-10 15:49:16.406   Successfully installed the file.
2026-07-10 15:49:16.406   -- File entry --
2026-07-10 15:49:16.406   Dest filename: C:\JL\pi32\lib\clang\4.0.1\include\__clang_cuda_math_forward_declares.h
2026-07-10 15:49:16.406   Time stamp of our file: 2017-03-27 16:14:24.000
2026-07-10 15:49:16.406   Installing the file.
2026-07-10 15:49:16.407   Successfully installed the file.
2026-07-10 15:49:16.407   -- File entry --
2026-07-10 15:49:16.407   Dest filename: C:\JL\pi32\lib\clang\4.0.1\include\__clang_cuda_runtime_wrapper.h
2026-07-10 15:49:16.408   Time stamp of our file: 2017-03-27 16:14:24.000
2026-07-10 15:49:16.408   Installing the file.
2026-07-10 15:49:16.408   Successfully installed the file.
2026-07-10 15:49:16.408   -- File entry --
2026-07-10 15:49:16.408   Dest filename: C:\JL\pi32\lib\clang\4.0.1\include\__stddef_max_align_t.h
2026-07-10 15:49:16.408   Time stamp of our file: 2017-03-27 16:14:26.000
2026-07-10 15:49:16.408   Installing the file.
2026-07-10 15:49:16.411   Successfully installed the file.
2026-07-10 15:49:16.411   -- File entry --
2026-07-10 15:49:16.411   Dest filename: C:\JL\pi32\lib\clang\4.0.1\include\__wmmintrin_aes.h
2026-07-10 15:49:16.411   Time stamp of our file: 2017-03-27 16:14:26.000
2026-07-10 15:49:16.411   Installing the file.
2026-07-10 15:49:16.412   Successfully installed the file.
2026-07-10 15:49:16.412   -- File entry --
2026-07-10 15:49:16.412   Dest filename: C:\JL\pi32\lib\clang\4.0.1\include\__wmmintrin_pclmul.h
2026-07-10 15:49:16.412   Time stamp of our file: 2017-03-27 16:14:26.000
2026-07-10 15:49:16.412   Installing the file.
2026-07-10 15:49:16.413   Successfully installed the file.
2026-07-10 15:49:16.413   -- File entry --
2026-07-10 15:49:16.414   Dest filename: C:\JL\pi32\lib\clang\4.0.1\include\cuda_wrappers\algorithm
2026-07-10 15:49:16.414   Time stamp of our file: 2017-03-27 16:14:26.000
2026-07-10 15:49:16.414   Installing the file.
2026-07-10 15:49:16.414   Creating directory: C:\JL\pi32\lib\clang\4.0.1\include\cuda_wrappers
2026-07-10 15:49:16.415   Successfully installed the file.
2026-07-10 15:49:16.415   -- File entry --
2026-07-10 15:49:16.415   Dest filename: C:\JL\pi32\lib\clang\4.0.1\include\cuda_wrappers\complex
2026-07-10 15:49:16.416   Time stamp of our file: 2017-03-27 16:14:26.000
2026-07-10 15:49:16.416   Installing the file.
2026-07-10 15:49:16.416   Successfully installed the file.
2026-07-10 15:49:16.416   -- File entry --
2026-07-10 15:49:16.416   Dest filename: C:\JL\pi32\lib\clang\4.0.1\include\cuda_wrappers\new
2026-07-10 15:49:16.416   Time stamp of our file: 2017-03-27 16:14:26.000
2026-07-10 15:49:16.416   Installing the file.
2026-07-10 15:49:16.417   Successfully installed the file.
2026-07-10 15:49:16.417   -- File entry --
2026-07-10 15:49:16.417   Dest filename: C:\JL\pi32\lib\large\libc.a
2026-07-10 15:49:16.417   Time stamp of our file: 2023-05-30 14:02:02.000
2026-07-10 15:49:16.417   Installing the file.
2026-07-10 15:49:16.417   Creating directory: C:\JL\pi32\lib\large
2026-07-10 15:49:16.424   Successfully installed the file.
2026-07-10 15:49:16.424   -- File entry --
2026-07-10 15:49:16.424   Dest filename: C:\JL\pi32\lib\large\libcompiler-rt.a
2026-07-10 15:49:16.424   Time stamp of our file: 2024-07-08 15:46:14.000
2026-07-10 15:49:16.424   Installing the file.
2026-07-10 15:49:16.426   Successfully installed the file.
2026-07-10 15:49:16.427   -- File entry --
2026-07-10 15:49:16.427   Dest filename: C:\JL\pi32\lib\large\libcompiler_rt.a
2026-07-10 15:49:16.427   Time stamp of our file: 2024-07-08 15:46:14.000
2026-07-10 15:49:16.427   Installing the file.
2026-07-10 15:49:16.428   Successfully installed the file.
2026-07-10 15:49:16.428   -- File entry --
2026-07-10 15:49:16.428   Dest filename: C:\JL\pi32\lib\large\libcsupply.a
2026-07-10 15:49:16.429   Time stamp of our file: 2022-11-11 15:44:02.000
2026-07-10 15:49:16.429   Installing the file.
2026-07-10 15:49:16.430   Successfully installed the file.
2026-07-10 15:49:16.430   -- File entry --
2026-07-10 15:49:16.430   Dest filename: C:\JL\pi32\lib\large\libcsupply_f.a
2026-07-10 15:49:16.430   Time stamp of our file: 2022-11-11 15:44:00.000
2026-07-10 15:49:16.430   Installing the file.
2026-07-10 15:49:16.431   Successfully installed the file.
2026-07-10 15:49:16.431   -- File entry --
2026-07-10 15:49:16.431   Dest filename: C:\JL\pi32\lib\large\libcsupply_fll.a
2026-07-10 15:49:16.431   Time stamp of our file: 2022-11-11 15:43:58.000
2026-07-10 15:49:16.431   Installing the file.
2026-07-10 15:49:16.432   Successfully installed the file.
2026-07-10 15:49:16.432   -- File entry --
2026-07-10 15:49:16.432   Dest filename: C:\JL\pi32\lib\large\libcsupply_ll.a
2026-07-10 15:49:16.433   Time stamp of our file: 2022-11-11 15:44:00.000
2026-07-10 15:49:16.433   Installing the file.
2026-07-10 15:49:16.433   Successfully installed the file.
2026-07-10 15:49:16.433   -- File entry --
2026-07-10 15:49:16.434   Dest filename: C:\JL\pi32\lib\large\libg.a
2026-07-10 15:49:16.434   Time stamp of our file: 2023-05-30 14:02:02.000
2026-07-10 15:49:16.434   Installing the file.
2026-07-10 15:49:16.444   Successfully installed the file.
2026-07-10 15:49:16.444   -- File entry --
2026-07-10 15:49:16.444   Dest filename: C:\JL\pi32\lib\large\libm.a
2026-07-10 15:49:16.444   Time stamp of our file: 2023-05-30 14:02:02.000
2026-07-10 15:49:16.444   Installing the file.
2026-07-10 15:49:16.453   Successfully installed the file.
2026-07-10 15:49:16.453   -- File entry --
2026-07-10 15:49:16.453   Dest filename: C:\JL\pi32\libc\compiler-rt.a
2026-07-10 15:49:16.453   Time stamp of our file: 2016-08-08 15:36:36.000
2026-07-10 15:49:16.453   Installing the file.
2026-07-10 15:49:16.453   Creating directory: C:\JL\pi32\libc
2026-07-10 15:49:16.457   Successfully installed the file.
2026-07-10 15:49:16.457   -- File entry --
2026-07-10 15:49:16.457   Dest filename: C:\JL\pi32\libc\libc.a
2026-07-10 15:49:16.457   Time stamp of our file: 2018-11-02 17:23:52.000
2026-07-10 15:49:16.457   Installing the file.
2026-07-10 15:49:16.462   Successfully installed the file.
2026-07-10 15:49:16.462   -- File entry --
2026-07-10 15:49:16.462   Dest filename: C:\JL\pi32\libc\libcsupply.a
2026-07-10 15:49:16.462   Time stamp of our file: 2022-11-11 15:43:58.000
2026-07-10 15:49:16.462   Installing the file.
2026-07-10 15:49:16.463   Successfully installed the file.
2026-07-10 15:49:16.463   -- File entry --
2026-07-10 15:49:16.463   Dest filename: C:\JL\pi32\libc\libcsupply_f.a
2026-07-10 15:49:16.464   Time stamp of our file: 2022-11-11 15:43:56.000
2026-07-10 15:49:16.464   Installing the file.
2026-07-10 15:49:16.465   Successfully installed the file.
2026-07-10 15:49:16.465   -- File entry --
2026-07-10 15:49:16.465   Dest filename: C:\JL\pi32\libc\libcsupply_fll.a
2026-07-10 15:49:16.465   Time stamp of our file: 2022-11-11 15:43:56.000
2026-07-10 15:49:16.465   Installing the file.
2026-07-10 15:49:16.467   Successfully installed the file.
2026-07-10 15:49:16.467   -- File entry --
2026-07-10 15:49:16.467   Dest filename: C:\JL\pi32\libc\libcsupply_ll.a
2026-07-10 15:49:16.467   Time stamp of our file: 2022-11-11 15:43:58.000
2026-07-10 15:49:16.467   Installing the file.
2026-07-10 15:49:16.469   Successfully installed the file.
2026-07-10 15:49:16.469   -- File entry --
2026-07-10 15:49:16.469   Dest filename: C:\JL\pi32\libc\libg.a
2026-07-10 15:49:16.469   Time stamp of our file: 2018-11-02 17:24:02.000
2026-07-10 15:49:16.469   Installing the file.
2026-07-10 15:49:16.471   Successfully installed the file.
2026-07-10 15:49:16.471   -- File entry --
2026-07-10 15:49:16.471   Dest filename: C:\JL\pi32\libc\libm.a
2026-07-10 15:49:16.471   Time stamp of our file: 2018-11-02 17:23:04.000
2026-07-10 15:49:16.471   Installing the file.
2026-07-10 15:49:16.478   Successfully installed the file.
2026-07-10 15:49:16.479   -- File entry --
2026-07-10 15:49:16.479   Dest filename: C:\JL\pi32\libc\clang\3.8.0\include\adxintrin.h
2026-07-10 15:49:16.479   Time stamp of our file: 2016-08-08 15:36:38.000
2026-07-10 15:49:16.479   Installing the file.
2026-07-10 15:49:16.479   Creating directory: C:\JL\pi32\libc\clang
2026-07-10 15:49:16.480   Creating directory: C:\JL\pi32\libc\clang\3.8.0
2026-07-10 15:49:16.480   Creating directory: C:\JL\pi32\libc\clang\3.8.0\include
2026-07-10 15:49:16.482   Successfully installed the file.
2026-07-10 15:49:16.482   -- File entry --
2026-07-10 15:49:16.482   Dest filename: C:\JL\pi32\libc\clang\3.8.0\include\altivec.h
2026-07-10 15:49:16.482   Time stamp of our file: 2016-08-08 15:36:38.000
2026-07-10 15:49:16.482   Installing the file.
2026-07-10 15:49:16.490   Successfully installed the file.
2026-07-10 15:49:16.490   -- File entry --
2026-07-10 15:49:16.490   Dest filename: C:\JL\pi32\libc\clang\3.8.0\include\ammintrin.h
2026-07-10 15:49:16.490   Time stamp of our file: 2016-08-08 15:36:38.000
2026-07-10 15:49:16.490   Installing the file.
2026-07-10 15:49:16.491   Successfully installed the file.
2026-07-10 15:49:16.491   -- File entry --
2026-07-10 15:49:16.492   Dest filename: C:\JL\pi32\libc\clang\3.8.0\include\arm_acle.h
2026-07-10 15:49:16.492   Time stamp of our file: 2016-08-08 15:36:38.000
2026-07-10 15:49:16.492   Installing the file.
2026-07-10 15:49:16.493   Successfully installed the file.
2026-07-10 15:49:16.493   -- File entry --
2026-07-10 15:49:16.493   Dest filename: C:\JL\pi32\libc\clang\3.8.0\include\arm_neon.h
2026-07-10 15:49:16.494   Time stamp of our file: 2016-08-08 15:36:38.000
2026-07-10 15:49:16.494   Installing the file.
2026-07-10 15:49:16.516   Successfully installed the file.
2026-07-10 15:49:16.517   -- File entry --
2026-07-10 15:49:16.517   Dest filename: C:\JL\pi32\libc\clang\3.8.0\include\avx2intrin.h
2026-07-10 15:49:16.517   Time stamp of our file: 2016-08-08 15:36:38.000
2026-07-10 15:49:16.517   Installing the file.
2026-07-10 15:49:16.519   Successfully installed the file.
2026-07-10 15:49:16.519   -- File entry --
2026-07-10 15:49:16.519   Dest filename: C:\JL\pi32\libc\clang\3.8.0\include\avx512bwintrin.h
2026-07-10 15:49:16.519   Time stamp of our file: 2016-08-08 15:36:38.000
2026-07-10 15:49:16.519   Installing the file.
2026-07-10 15:49:16.521   Successfully installed the file.
2026-07-10 15:49:16.521   -- File entry --
2026-07-10 15:49:16.521   Dest filename: C:\JL\pi32\libc\clang\3.8.0\include\avx512cdintrin.h
2026-07-10 15:49:16.521   Time stamp of our file: 2016-08-08 15:36:38.000
2026-07-10 15:49:16.521   Installing the file.
2026-07-10 15:49:16.523   Successfully installed the file.
2026-07-10 15:49:16.523   -- File entry --
2026-07-10 15:49:16.523   Dest filename: C:\JL\pi32\libc\clang\3.8.0\include\avx512dqintrin.h
2026-07-10 15:49:16.523   Time stamp of our file: 2016-08-08 15:36:38.000
2026-07-10 15:49:16.523   Installing the file.
2026-07-10 15:49:16.525   Successfully installed the file.
2026-07-10 15:49:16.525   -- File entry --
2026-07-10 15:49:16.525   Dest filename: C:\JL\pi32\libc\clang\3.8.0\include\avx512erintrin.h
2026-07-10 15:49:16.525   Time stamp of our file: 2016-08-08 15:36:38.000
2026-07-10 15:49:16.525   Installing the file.
2026-07-10 15:49:16.526   Successfully installed the file.
2026-07-10 15:49:16.527   -- File entry --
2026-07-10 15:49:16.527   Dest filename: C:\JL\pi32\libc\clang\3.8.0\include\avx512fintrin.h
2026-07-10 15:49:16.527   Time stamp of our file: 2016-08-08 15:36:38.000
2026-07-10 15:49:16.527   Installing the file.
2026-07-10 15:49:16.529   Successfully installed the file.
2026-07-10 15:49:16.529   -- File entry --
2026-07-10 15:49:16.529   Dest filename: C:\JL\pi32\libc\clang\3.8.0\include\avx512vlbwintrin.h
2026-07-10 15:49:16.530   Time stamp of our file: 2016-08-08 15:36:38.000
2026-07-10 15:49:16.530   Installing the file.
2026-07-10 15:49:16.531   Successfully installed the file.
2026-07-10 15:49:16.531   -- File entry --
2026-07-10 15:49:16.531   Dest filename: C:\JL\pi32\libc\clang\3.8.0\include\avx512vldqintrin.h
2026-07-10 15:49:16.532   Time stamp of our file: 2016-08-08 15:36:38.000
2026-07-10 15:49:16.532   Installing the file.
2026-07-10 15:49:16.533   Successfully installed the file.
2026-07-10 15:49:16.533   -- File entry --
2026-07-10 15:49:16.533   Dest filename: C:\JL\pi32\libc\clang\3.8.0\include\avx512vlintrin.h
2026-07-10 15:49:16.534   Time stamp of our file: 2016-08-08 15:36:38.000
2026-07-10 15:49:16.534   Installing the file.
2026-07-10 15:49:16.536   Successfully installed the file.
2026-07-10 15:49:16.536   -- File entry --
2026-07-10 15:49:16.537   Dest filename: C:\JL\pi32\libc\clang\3.8.0\include\avxintrin.h
2026-07-10 15:49:16.537   Time stamp of our file: 2016-08-08 15:36:38.000
2026-07-10 15:49:16.537   Installing the file.
2026-07-10 15:49:16.538   Successfully installed the file.
2026-07-10 15:49:16.538   -- File entry --
2026-07-10 15:49:16.538   Dest filename: C:\JL\pi32\libc\clang\3.8.0\include\bmi2intrin.h
2026-07-10 15:49:16.538   Time stamp of our file: 2016-08-08 15:36:38.000
2026-07-10 15:49:16.538   Installing the file.
2026-07-10 15:49:16.540   Successfully installed the file.
2026-07-10 15:49:16.540   -- File entry --
2026-07-10 15:49:16.540   Dest filename: C:\JL\pi32\libc\clang\3.8.0\include\bmiintrin.h
2026-07-10 15:49:16.540   Time stamp of our file: 2016-08-08 15:36:38.000
2026-07-10 15:49:16.540   Installing the file.
2026-07-10 15:49:16.541   Successfully installed the file.
2026-07-10 15:49:16.541   -- File entry --
2026-07-10 15:49:16.541   Dest filename: C:\JL\pi32\libc\clang\3.8.0\include\cpuid.h
2026-07-10 15:49:16.542   Time stamp of our file: 2016-08-08 15:36:36.000
2026-07-10 15:49:16.542   Installing the file.
2026-07-10 15:49:16.543   Successfully installed the file.
2026-07-10 15:49:16.543   -- File entry --
2026-07-10 15:49:16.543   Dest filename: C:\JL\pi32\libc\clang\3.8.0\include\cuda_builtin_vars.h
2026-07-10 15:49:16.543   Time stamp of our file: 2016-08-08 15:36:38.000
2026-07-10 15:49:16.543   Installing the file.
2026-07-10 15:49:16.545   Successfully installed the file.
2026-07-10 15:49:16.545   -- File entry --
2026-07-10 15:49:16.545   Dest filename: C:\JL\pi32\libc\clang\3.8.0\include\emmintrin.h
2026-07-10 15:49:16.545   Time stamp of our file: 2016-08-08 15:36:38.000
2026-07-10 15:49:16.545   Installing the file.
2026-07-10 15:49:16.546   Successfully installed the file.
2026-07-10 15:49:16.546   -- File entry --
2026-07-10 15:49:16.546   Dest filename: C:\JL\pi32\libc\clang\3.8.0\include\f16cintrin.h
2026-07-10 15:49:16.546   Time stamp of our file: 2016-08-08 15:36:38.000
2026-07-10 15:49:16.546   Installing the file.
2026-07-10 15:49:16.548   Successfully installed the file.
2026-07-10 15:49:16.548   -- File entry --
2026-07-10 15:49:16.548   Dest filename: C:\JL\pi32\libc\clang\3.8.0\include\float.h
2026-07-10 15:49:16.548   Time stamp of our file: 2016-08-08 15:36:38.000
2026-07-10 15:49:16.548   Installing the file.
2026-07-10 15:49:16.550   Successfully installed the file.
2026-07-10 15:49:16.550   -- File entry --
2026-07-10 15:49:16.550   Dest filename: C:\JL\pi32\libc\clang\3.8.0\include\fma4intrin.h
2026-07-10 15:49:16.550   Time stamp of our file: 2016-08-08 15:36:38.000
2026-07-10 15:49:16.550   Installing the file.
2026-07-10 15:49:16.551   Successfully installed the file.
2026-07-10 15:49:16.551   -- File entry --
2026-07-10 15:49:16.551   Dest filename: C:\JL\pi32\libc\clang\3.8.0\include\fmaintrin.h
2026-07-10 15:49:16.551   Time stamp of our file: 2016-08-08 15:36:38.000
2026-07-10 15:49:16.551   Installing the file.
2026-07-10 15:49:16.552   Successfully installed the file.
2026-07-10 15:49:16.552   -- File entry --
2026-07-10 15:49:16.552   Dest filename: C:\JL\pi32\libc\clang\3.8.0\include\fxsrintrin.h
2026-07-10 15:49:16.552   Time stamp of our file: 2016-08-08 15:36:38.000
2026-07-10 15:49:16.552   Installing the file.
2026-07-10 15:49:16.553   Successfully installed the file.
2026-07-10 15:49:16.553   -- File entry --
2026-07-10 15:49:16.553   Dest filename: C:\JL\pi32\libc\clang\3.8.0\include\htmintrin.h
2026-07-10 15:49:16.553   Time stamp of our file: 2016-08-08 15:36:38.000
2026-07-10 15:49:16.553   Installing the file.
2026-07-10 15:49:16.554   Successfully installed the file.
2026-07-10 15:49:16.554   -- File entry --
2026-07-10 15:49:16.554   Dest filename: C:\JL\pi32\libc\clang\3.8.0\include\htmxlintrin.h
2026-07-10 15:49:16.555   Time stamp of our file: 2016-08-08 15:36:38.000
2026-07-10 15:49:16.555   Installing the file.
2026-07-10 15:49:16.556   Successfully installed the file.
2026-07-10 15:49:16.556   -- File entry --
2026-07-10 15:49:16.556   Dest filename: C:\JL\pi32\libc\clang\3.8.0\include\ia32intrin.h
2026-07-10 15:49:16.557   Time stamp of our file: 2016-08-08 15:36:38.000
2026-07-10 15:49:16.557   Installing the file.
2026-07-10 15:49:16.558   Successfully installed the file.
2026-07-10 15:49:16.558   -- File entry --
2026-07-10 15:49:16.558   Dest filename: C:\JL\pi32\libc\clang\3.8.0\include\immintrin.h
2026-07-10 15:49:16.558   Time stamp of our file: 2016-08-08 15:36:38.000
2026-07-10 15:49:16.558   Installing the file.
2026-07-10 15:49:16.559   Successfully installed the file.
2026-07-10 15:49:16.559   -- File entry --
2026-07-10 15:49:16.559   Dest filename: C:\JL\pi32\libc\clang\3.8.0\include\Intrin.h
2026-07-10 15:49:16.559   Time stamp of our file: 2016-08-08 15:36:38.000
2026-07-10 15:49:16.559   Installing the file.
2026-07-10 15:49:16.561   Successfully installed the file.
2026-07-10 15:49:16.561   -- File entry --
2026-07-10 15:49:16.561   Dest filename: C:\JL\pi32\libc\clang\3.8.0\include\inttypes.h
2026-07-10 15:49:16.561   Time stamp of our file: 2016-08-08 15:36:38.000
2026-07-10 15:49:16.561   Installing the file.
2026-07-10 15:49:16.562   Successfully installed the file.
2026-07-10 15:49:16.562   -- File entry --
2026-07-10 15:49:16.562   Dest filename: C:\JL\pi32\libc\clang\3.8.0\include\iso646.h
2026-07-10 15:49:16.562   Time stamp of our file: 2016-08-08 15:36:38.000
2026-07-10 15:49:16.562   Installing the file.
2026-07-10 15:49:16.563   Successfully installed the file.
2026-07-10 15:49:16.563   -- File entry --
2026-07-10 15:49:16.563   Dest filename: C:\JL\pi32\libc\clang\3.8.0\include\limits.h
2026-07-10 15:49:16.563   Time stamp of our file: 2016-08-08 15:36:38.000
2026-07-10 15:49:16.563   Installing the file.
2026-07-10 15:49:16.565   Successfully installed the file.
2026-07-10 15:49:16.565   -- File entry --
2026-07-10 15:49:16.565   Dest filename: C:\JL\pi32\libc\clang\3.8.0\include\lzcntintrin.h
2026-07-10 15:49:16.565   Time stamp of our file: 2016-08-08 15:36:38.000
2026-07-10 15:49:16.565   Installing the file.
2026-07-10 15:49:16.566   Successfully installed the file.
2026-07-10 15:49:16.566   -- File entry --
2026-07-10 15:49:16.566   Dest filename: C:\JL\pi32\libc\clang\3.8.0\include\mm3dnow.h
2026-07-10 15:49:16.566   Time stamp of our file: 2016-08-08 15:36:38.000
2026-07-10 15:49:16.567   Installing the file.
2026-07-10 15:49:16.568   Successfully installed the file.
2026-07-10 15:49:16.568   -- File entry --
2026-07-10 15:49:16.568   Dest filename: C:\JL\pi32\libc\clang\3.8.0\include\mmintrin.h
2026-07-10 15:49:16.568   Time stamp of our file: 2016-08-08 15:36:38.000
2026-07-10 15:49:16.568   Installing the file.
2026-07-10 15:49:16.570   Successfully installed the file.
2026-07-10 15:49:16.570   -- File entry --
2026-07-10 15:49:16.570   Dest filename: C:\JL\pi32\libc\clang\3.8.0\include\mm_malloc.h
2026-07-10 15:49:16.570   Time stamp of our file: 2016-08-08 15:36:38.000
2026-07-10 15:49:16.570   Installing the file.
2026-07-10 15:49:16.571   Successfully installed the file.
2026-07-10 15:49:16.571   -- File entry --
2026-07-10 15:49:16.571   Dest filename: C:\JL\pi32\libc\clang\3.8.0\include\module.modulemap
2026-07-10 15:49:16.571   Time stamp of our file: 2016-08-08 15:36:38.000
2026-07-10 15:49:16.571   Installing the file.
2026-07-10 15:49:16.572   Successfully installed the file.
2026-07-10 15:49:16.573   -- File entry --
2026-07-10 15:49:16.573   Dest filename: C:\JL\pi32\libc\clang\3.8.0\include\nmmintrin.h
2026-07-10 15:49:16.573   Time stamp of our file: 2016-08-08 15:36:38.000
2026-07-10 15:49:16.573   Installing the file.
2026-07-10 15:49:16.573   Successfully installed the file.
2026-07-10 15:49:16.573   -- File entry --
2026-07-10 15:49:16.573   Dest filename: C:\JL\pi32\libc\clang\3.8.0\include\pmmintrin.h
2026-07-10 15:49:16.574   Time stamp of our file: 2016-08-08 15:36:38.000
2026-07-10 15:49:16.574   Installing the file.
2026-07-10 15:49:16.575   Successfully installed the file.
2026-07-10 15:49:16.575   -- File entry --
2026-07-10 15:49:16.575   Dest filename: C:\JL\pi32\libc\clang\3.8.0\include\popcntintrin.h
2026-07-10 15:49:16.575   Time stamp of our file: 2016-08-08 15:36:38.000
2026-07-10 15:49:16.575   Installing the file.
2026-07-10 15:49:16.576   Successfully installed the file.
2026-07-10 15:49:16.576   -- File entry --
2026-07-10 15:49:16.576   Dest filename: C:\JL\pi32\libc\clang\3.8.0\include\prfchwintrin.h
2026-07-10 15:49:16.576   Time stamp of our file: 2016-08-08 15:36:38.000
2026-07-10 15:49:16.576   Installing the file.
2026-07-10 15:49:16.578   Successfully installed the file.
2026-07-10 15:49:16.578   -- File entry --
2026-07-10 15:49:16.578   Dest filename: C:\JL\pi32\libc\clang\3.8.0\include\rdseedintrin.h
2026-07-10 15:49:16.578   Time stamp of our file: 2016-08-08 15:36:38.000
2026-07-10 15:49:16.578   Installing the file.
2026-07-10 15:49:16.579   Successfully installed the file.
2026-07-10 15:49:16.579   -- File entry --
2026-07-10 15:49:16.579   Dest filename: C:\JL\pi32\libc\clang\3.8.0\include\rtmintrin.h
2026-07-10 15:49:16.579   Time stamp of our file: 2016-08-08 15:36:38.000
2026-07-10 15:49:16.579   Installing the file.
2026-07-10 15:49:16.580   Successfully installed the file.
2026-07-10 15:49:16.580   -- File entry --
2026-07-10 15:49:16.581   Dest filename: C:\JL\pi32\libc\clang\3.8.0\include\s390intrin.h
2026-07-10 15:49:16.581   Time stamp of our file: 2016-08-08 15:36:38.000
2026-07-10 15:49:16.581   Installing the file.
2026-07-10 15:49:16.582   Successfully installed the file.
2026-07-10 15:49:16.582   -- File entry --
2026-07-10 15:49:16.582   Dest filename: C:\JL\pi32\libc\clang\3.8.0\include\shaintrin.h
2026-07-10 15:49:16.582   Time stamp of our file: 2016-08-08 15:36:38.000
2026-07-10 15:49:16.582   Installing the file.
2026-07-10 15:49:16.583   Successfully installed the file.
2026-07-10 15:49:16.584   -- File entry --
2026-07-10 15:49:16.584   Dest filename: C:\JL\pi32\libc\clang\3.8.0\include\smmintrin.h
2026-07-10 15:49:16.584   Time stamp of our file: 2016-08-08 15:36:38.000
2026-07-10 15:49:16.584   Installing the file.
2026-07-10 15:49:16.586   Successfully installed the file.
2026-07-10 15:49:16.586   -- File entry --
2026-07-10 15:49:16.586   Dest filename: C:\JL\pi32\libc\clang\3.8.0\include\stdalign.h
2026-07-10 15:49:16.586   Time stamp of our file: 2016-08-08 15:36:38.000
2026-07-10 15:49:16.586   Installing the file.
2026-07-10 15:49:16.587   Successfully installed the file.
2026-07-10 15:49:16.587   -- File entry --
2026-07-10 15:49:16.587   Dest filename: C:\JL\pi32\libc\clang\3.8.0\include\stdarg.h
2026-07-10 15:49:16.587   Time stamp of our file: 2016-08-08 15:36:38.000
2026-07-10 15:49:16.587   Installing the file.
2026-07-10 15:49:16.588   Successfully installed the file.
2026-07-10 15:49:16.588   -- File entry --
2026-07-10 15:49:16.588   Dest filename: C:\JL\pi32\libc\clang\3.8.0\include\stdatomic.h
2026-07-10 15:49:16.588   Time stamp of our file: 2016-08-08 15:36:38.000
2026-07-10 15:49:16.588   Installing the file.
2026-07-10 15:49:16.590   Successfully installed the file.
2026-07-10 15:49:16.590   -- File entry --
2026-07-10 15:49:16.590   Dest filename: C:\JL\pi32\libc\clang\3.8.0\include\stdbool.h
2026-07-10 15:49:16.590   Time stamp of our file: 2016-08-08 15:36:38.000
2026-07-10 15:49:16.590   Installing the file.
2026-07-10 15:49:16.591   Successfully installed the file.
2026-07-10 15:49:16.591   -- File entry --
2026-07-10 15:49:16.591   Dest filename: C:\JL\pi32\libc\clang\3.8.0\include\stddef.h
2026-07-10 15:49:16.592   Time stamp of our file: 2016-08-08 15:36:38.000
2026-07-10 15:49:16.592   Installing the file.
2026-07-10 15:49:16.593   Successfully installed the file.
2026-07-10 15:49:16.593   -- File entry --
2026-07-10 15:49:16.593   Dest filename: C:\JL\pi32\libc\clang\3.8.0\include\stdint.h
2026-07-10 15:49:16.593   Time stamp of our file: 2016-08-08 15:36:38.000
2026-07-10 15:49:16.593   Installing the file.
2026-07-10 15:49:16.595   Successfully installed the file.
2026-07-10 15:49:16.595   -- File entry --
2026-07-10 15:49:16.595   Dest filename: C:\JL\pi32\libc\clang\3.8.0\include\stdnoreturn.h
2026-07-10 15:49:16.595   Time stamp of our file: 2016-08-08 15:36:38.000
2026-07-10 15:49:16.595   Installing the file.
2026-07-10 15:49:16.596   Successfully installed the file.
2026-07-10 15:49:16.596   -- File entry --
2026-07-10 15:49:16.596   Dest filename: C:\JL\pi32\libc\clang\3.8.0\include\tbmintrin.h
2026-07-10 15:49:16.596   Time stamp of our file: 2016-08-08 15:36:38.000
2026-07-10 15:49:16.596   Installing the file.
2026-07-10 15:49:16.597   Successfully installed the file.
2026-07-10 15:49:16.597   -- File entry --
2026-07-10 15:49:16.598   Dest filename: C:\JL\pi32\libc\clang\3.8.0\include\tgmath.h
2026-07-10 15:49:16.598   Time stamp of our file: 2016-08-08 15:36:38.000
2026-07-10 15:49:16.598   Installing the file.
2026-07-10 15:49:16.599   Successfully installed the file.
2026-07-10 15:49:16.599   -- File entry --
2026-07-10 15:49:16.599   Dest filename: C:\JL\pi32\libc\clang\3.8.0\include\tmmintrin.h
2026-07-10 15:49:16.600   Time stamp of our file: 2016-08-08 15:36:38.000
2026-07-10 15:49:16.600   Installing the file.
2026-07-10 15:49:16.601   Successfully installed the file.
2026-07-10 15:49:16.601   -- File entry --
2026-07-10 15:49:16.601   Dest filename: C:\JL\pi32\libc\clang\3.8.0\include\unwind.h
2026-07-10 15:49:16.601   Time stamp of our file: 2016-08-08 15:36:38.000
2026-07-10 15:49:16.601   Installing the file.
2026-07-10 15:49:16.603   Successfully installed the file.
2026-07-10 15:49:16.603   -- File entry --
2026-07-10 15:49:16.603   Dest filename: C:\JL\pi32\libc\clang\3.8.0\include\vadefs.h
2026-07-10 15:49:16.603   Time stamp of our file: 2016-08-08 15:36:38.000
2026-07-10 15:49:16.603   Installing the file.
2026-07-10 15:49:16.604   Successfully installed the file.
2026-07-10 15:49:16.604   -- File entry --
2026-07-10 15:49:16.604   Dest filename: C:\JL\pi32\libc\clang\3.8.0\include\varargs.h
2026-07-10 15:49:16.604   Time stamp of our file: 2016-08-08 15:36:38.000
2026-07-10 15:49:16.604   Installing the file.
2026-07-10 15:49:16.606   Successfully installed the file.
2026-07-10 15:49:16.606   -- File entry --
2026-07-10 15:49:16.606   Dest filename: C:\JL\pi32\libc\clang\3.8.0\include\vecintrin.h
2026-07-10 15:49:16.606   Time stamp of our file: 2016-08-08 15:36:38.000
2026-07-10 15:49:16.606   Installing the file.
2026-07-10 15:49:16.610   Successfully installed the file.
2026-07-10 15:49:16.610   -- File entry --
2026-07-10 15:49:16.610   Dest filename: C:\JL\pi32\libc\clang\3.8.0\include\wmmintrin.h
2026-07-10 15:49:16.610   Time stamp of our file: 2016-08-08 15:36:38.000
2026-07-10 15:49:16.610   Installing the file.
2026-07-10 15:49:16.611   Successfully installed the file.
2026-07-10 15:49:16.611   -- File entry --
2026-07-10 15:49:16.611   Dest filename: C:\JL\pi32\libc\clang\3.8.0\include\x86intrin.h
2026-07-10 15:49:16.611   Time stamp of our file: 2016-08-08 15:36:38.000
2026-07-10 15:49:16.611   Installing the file.
2026-07-10 15:49:16.612   Successfully installed the file.
2026-07-10 15:49:16.612   -- File entry --
2026-07-10 15:49:16.612   Dest filename: C:\JL\pi32\libc\clang\3.8.0\include\xmmintrin.h
2026-07-10 15:49:16.612   Time stamp of our file: 2016-08-08 15:36:38.000
2026-07-10 15:49:16.612   Installing the file.
2026-07-10 15:49:16.613   Successfully installed the file.
2026-07-10 15:49:16.613   -- File entry --
2026-07-10 15:49:16.613   Dest filename: C:\JL\pi32\libc\clang\3.8.0\include\xopintrin.h
2026-07-10 15:49:16.615   Time stamp of our file: 2016-08-08 15:36:38.000
2026-07-10 15:49:16.615   Installing the file.
2026-07-10 15:49:16.616   Successfully installed the file.
2026-07-10 15:49:16.616   -- File entry --
2026-07-10 15:49:16.616   Dest filename: C:\JL\pi32\libc\clang\3.8.0\include\xtestintrin.h
2026-07-10 15:49:16.616   Time stamp of our file: 2016-08-08 15:36:38.000
2026-07-10 15:49:16.616   Installing the file.
2026-07-10 15:49:16.617   Successfully installed the file.
2026-07-10 15:49:16.617   -- File entry --
2026-07-10 15:49:16.617   Dest filename: C:\JL\pi32\libc\clang\3.8.0\include\__stddef_max_align_t.h
2026-07-10 15:49:16.617   Time stamp of our file: 2016-08-08 15:36:38.000
2026-07-10 15:49:16.617   Installing the file.
2026-07-10 15:49:16.618   Successfully installed the file.
2026-07-10 15:49:16.618   -- File entry --
2026-07-10 15:49:16.618   Dest filename: C:\JL\pi32\libc\clang\3.8.0\include\__wmmintrin_aes.h
2026-07-10 15:49:16.619   Time stamp of our file: 2016-08-08 15:36:38.000
2026-07-10 15:49:16.619   Installing the file.
2026-07-10 15:49:16.620   Successfully installed the file.
2026-07-10 15:49:16.620   -- File entry --
2026-07-10 15:49:16.620   Dest filename: C:\JL\pi32\libc\clang\3.8.0\include\__wmmintrin_pclmul.h
2026-07-10 15:49:16.620   Time stamp of our file: 2016-08-08 15:36:38.000
2026-07-10 15:49:16.620   Installing the file.
2026-07-10 15:49:16.621   Successfully installed the file.
2026-07-10 15:49:16.621   -- File entry --
2026-07-10 15:49:16.621   Dest filename: C:\JL\pi32\libc\clang\3.9.0\include\adxintrin.h
2026-07-10 15:49:16.621   Time stamp of our file: 2016-08-08 15:36:38.000
2026-07-10 15:49:16.621   Installing the file.
2026-07-10 15:49:16.621   Creating directory: C:\JL\pi32\libc\clang\3.9.0
2026-07-10 15:49:16.622   Creating directory: C:\JL\pi32\libc\clang\3.9.0\include
2026-07-10 15:49:16.623   Successfully installed the file.
2026-07-10 15:49:16.623   -- File entry --
2026-07-10 15:49:16.623   Dest filename: C:\JL\pi32\libc\clang\3.9.0\include\altivec.h
2026-07-10 15:49:16.623   Time stamp of our file: 2016-08-08 15:36:40.000
2026-07-10 15:49:16.623   Installing the file.
2026-07-10 15:49:16.629   Successfully installed the file.
2026-07-10 15:49:16.629   -- File entry --
2026-07-10 15:49:16.629   Dest filename: C:\JL\pi32\libc\clang\3.9.0\include\ammintrin.h
2026-07-10 15:49:16.629   Time stamp of our file: 2016-08-08 15:36:40.000
2026-07-10 15:49:16.629   Installing the file.
2026-07-10 15:49:16.630   Successfully installed the file.
2026-07-10 15:49:16.630   -- File entry --
2026-07-10 15:49:16.631   Dest filename: C:\JL\pi32\libc\clang\3.9.0\include\arm_acle.h
2026-07-10 15:49:16.631   Time stamp of our file: 2016-08-08 15:36:38.000
2026-07-10 15:49:16.631   Installing the file.
2026-07-10 15:49:16.633   Successfully installed the file.
2026-07-10 15:49:16.633   -- File entry --
2026-07-10 15:49:16.633   Dest filename: C:\JL\pi32\libc\clang\3.9.0\include\arm_neon.h
2026-07-10 15:49:16.633   Time stamp of our file: 2016-08-08 15:36:40.000
2026-07-10 15:49:16.633   Installing the file.
2026-07-10 15:49:16.648   Successfully installed the file.
2026-07-10 15:49:16.648   -- File entry --
2026-07-10 15:49:16.648   Dest filename: C:\JL\pi32\libc\clang\3.9.0\include\avx2intrin.h
2026-07-10 15:49:16.648   Time stamp of our file: 2016-08-08 15:36:38.000
2026-07-10 15:49:16.648   Installing the file.
2026-07-10 15:49:16.650   Successfully installed the file.
2026-07-10 15:49:16.650   -- File entry --
2026-07-10 15:49:16.650   Dest filename: C:\JL\pi32\libc\clang\3.9.0\include\avx512bwintrin.h
2026-07-10 15:49:16.650   Time stamp of our file: 2016-08-08 15:36:38.000
2026-07-10 15:49:16.650   Installing the file.
2026-07-10 15:49:16.652   Successfully installed the file.
2026-07-10 15:49:16.652   -- File entry --
2026-07-10 15:49:16.652   Dest filename: C:\JL\pi32\libc\clang\3.9.0\include\avx512cdintrin.h
2026-07-10 15:49:16.652   Time stamp of our file: 2016-08-08 15:36:38.000
2026-07-10 15:49:16.652   Installing the file.
2026-07-10 15:49:16.653   Successfully installed the file.
2026-07-10 15:49:16.653   -- File entry --
2026-07-10 15:49:16.653   Dest filename: C:\JL\pi32\libc\clang\3.9.0\include\avx512dqintrin.h
2026-07-10 15:49:16.654   Time stamp of our file: 2016-08-08 15:36:38.000
2026-07-10 15:49:16.654   Installing the file.
2026-07-10 15:49:16.656   Successfully installed the file.
2026-07-10 15:49:16.656   -- File entry --
2026-07-10 15:49:16.656   Dest filename: C:\JL\pi32\libc\clang\3.9.0\include\avx512erintrin.h
2026-07-10 15:49:16.656   Time stamp of our file: 2016-08-08 15:36:40.000
2026-07-10 15:49:16.656   Installing the file.
2026-07-10 15:49:16.657   Successfully installed the file.
2026-07-10 15:49:16.657   -- File entry --
2026-07-10 15:49:16.657   Dest filename: C:\JL\pi32\libc\clang\3.9.0\include\avx512fintrin.h
2026-07-10 15:49:16.657   Time stamp of our file: 2016-08-08 15:36:40.000
2026-07-10 15:49:16.657   Installing the file.
2026-07-10 15:49:16.661   Successfully installed the file.
2026-07-10 15:49:16.661   -- File entry --
2026-07-10 15:49:16.661   Dest filename: C:\JL\pi32\libc\clang\3.9.0\include\avx512ifmaintrin.h
2026-07-10 15:49:16.661   Time stamp of our file: 2016-08-08 15:36:38.000
2026-07-10 15:49:16.661   Installing the file.
2026-07-10 15:49:16.662   Successfully installed the file.
2026-07-10 15:49:16.662   -- File entry --
2026-07-10 15:49:16.662   Dest filename: C:\JL\pi32\libc\clang\3.9.0\include\avx512ifmavlintrin.h
2026-07-10 15:49:16.663   Time stamp of our file: 2016-08-08 15:36:40.000
2026-07-10 15:49:16.663   Installing the file.
2026-07-10 15:49:16.663   Successfully installed the file.
2026-07-10 15:49:16.663   -- File entry --
2026-07-10 15:49:16.663   Dest filename: C:\JL\pi32\libc\clang\3.9.0\include\avx512pfintrin.h
2026-07-10 15:49:16.663   Time stamp of our file: 2016-08-08 15:36:38.000
2026-07-10 15:49:16.663   Installing the file.
2026-07-10 15:49:16.665   Successfully installed the file.
2026-07-10 15:49:16.665   -- File entry --
2026-07-10 15:49:16.665   Dest filename: C:\JL\pi32\libc\clang\3.9.0\include\avx512vbmiintrin.h
2026-07-10 15:49:16.665   Time stamp of our file: 2016-08-08 15:36:40.000
2026-07-10 15:49:16.665   Installing the file.
2026-07-10 15:49:16.666   Successfully installed the file.
2026-07-10 15:49:16.666   -- File entry --
2026-07-10 15:49:16.666   Dest filename: C:\JL\pi32\libc\clang\3.9.0\include\avx512vbmivlintrin.h
2026-07-10 15:49:16.666   Time stamp of our file: 2016-08-08 15:36:38.000
2026-07-10 15:49:16.666   Installing the file.
2026-07-10 15:49:16.667   Successfully installed the file.
2026-07-10 15:49:16.667   -- File entry --
2026-07-10 15:49:16.667   Dest filename: C:\JL\pi32\libc\clang\3.9.0\include\avx512vlbwintrin.h
2026-07-10 15:49:16.668   Time stamp of our file: 2016-08-08 15:36:38.000
2026-07-10 15:49:16.668   Installing the file.
2026-07-10 15:49:16.670   Successfully installed the file.
2026-07-10 15:49:16.670   -- File entry --
2026-07-10 15:49:16.670   Dest filename: C:\JL\pi32\libc\clang\3.9.0\include\avx512vlcdintrin.h
2026-07-10 15:49:16.670   Time stamp of our file: 2016-08-08 15:36:40.000
2026-07-10 15:49:16.670   Installing the file.
2026-07-10 15:49:16.671   Successfully installed the file.
2026-07-10 15:49:16.672   -- File entry --
2026-07-10 15:49:16.672   Dest filename: C:\JL\pi32\libc\clang\3.9.0\include\avx512vldqintrin.h
2026-07-10 15:49:16.672   Time stamp of our file: 2016-08-08 15:36:38.000
2026-07-10 15:49:16.672   Installing the file.
2026-07-10 15:49:16.673   Successfully installed the file.
2026-07-10 15:49:16.673   -- File entry --
2026-07-10 15:49:16.673   Dest filename: C:\JL\pi32\libc\clang\3.9.0\include\avx512vlintrin.h
2026-07-10 15:49:16.673   Time stamp of our file: 2016-08-08 15:36:40.000
2026-07-10 15:49:16.673   Installing the file.
2026-07-10 15:49:16.677   Successfully installed the file.
2026-07-10 15:49:16.677   -- File entry --
2026-07-10 15:49:16.677   Dest filename: C:\JL\pi32\libc\clang\3.9.0\include\avxintrin.h
2026-07-10 15:49:16.678   Time stamp of our file: 2016-08-08 15:36:38.000
2026-07-10 15:49:16.678   Installing the file.
2026-07-10 15:49:16.680   Successfully installed the file.
2026-07-10 15:49:16.680   -- File entry --
2026-07-10 15:49:16.680   Dest filename: C:\JL\pi32\libc\clang\3.9.0\include\bmi2intrin.h
2026-07-10 15:49:16.680   Time stamp of our file: 2016-08-08 15:36:40.000
2026-07-10 15:49:16.680   Installing the file.
2026-07-10 15:49:16.681   Successfully installed the file.
2026-07-10 15:49:16.681   -- File entry --
2026-07-10 15:49:16.681   Dest filename: C:\JL\pi32\libc\clang\3.9.0\include\bmiintrin.h
2026-07-10 15:49:16.682   Time stamp of our file: 2016-08-08 15:36:40.000
2026-07-10 15:49:16.682   Installing the file.
2026-07-10 15:49:16.683   Successfully installed the file.
2026-07-10 15:49:16.683   -- File entry --
2026-07-10 15:49:16.683   Dest filename: C:\JL\pi32\libc\clang\3.9.0\include\clflushoptintrin.h
2026-07-10 15:49:16.683   Time stamp of our file: 2016-08-08 15:36:38.000
2026-07-10 15:49:16.683   Installing the file.
2026-07-10 15:49:16.685   Successfully installed the file.
2026-07-10 15:49:16.685   -- File entry --
2026-07-10 15:49:16.685   Dest filename: C:\JL\pi32\libc\clang\3.9.0\include\cpuid.h
2026-07-10 15:49:16.685   Time stamp of our file: 2016-08-08 15:36:38.000
2026-07-10 15:49:16.685   Installing the file.
2026-07-10 15:49:16.686   Successfully installed the file.
2026-07-10 15:49:16.686   -- File entry --
2026-07-10 15:49:16.686   Dest filename: C:\JL\pi32\libc\clang\3.9.0\include\cuda_builtin_vars.h
2026-07-10 15:49:16.686   Time stamp of our file: 2016-08-08 15:36:38.000
2026-07-10 15:49:16.686   Installing the file.
2026-07-10 15:49:16.687   Successfully installed the file.
2026-07-10 15:49:16.687   -- File entry --
2026-07-10 15:49:16.687   Dest filename: C:\JL\pi32\libc\clang\3.9.0\include\emmintrin.h
2026-07-10 15:49:16.687   Time stamp of our file: 2016-08-08 15:36:38.000
2026-07-10 15:49:16.687   Installing the file.
2026-07-10 15:49:16.689   Successfully installed the file.
2026-07-10 15:49:16.689   -- File entry --
2026-07-10 15:49:16.689   Dest filename: C:\JL\pi32\libc\clang\3.9.0\include\f16cintrin.h
2026-07-10 15:49:16.689   Time stamp of our file: 2016-08-08 15:36:38.000
2026-07-10 15:49:16.689   Installing the file.
2026-07-10 15:49:16.690   Successfully installed the file.
2026-07-10 15:49:16.690   -- File entry --
2026-07-10 15:49:16.690   Dest filename: C:\JL\pi32\libc\clang\3.9.0\include\float.h
2026-07-10 15:49:16.690   Time stamp of our file: 2016-08-08 15:36:38.000
2026-07-10 15:49:16.690   Installing the file.
2026-07-10 15:49:16.692   Successfully installed the file.
2026-07-10 15:49:16.692   -- File entry --
2026-07-10 15:49:16.692   Dest filename: C:\JL\pi32\libc\clang\3.9.0\include\fma4intrin.h
2026-07-10 15:49:16.692   Time stamp of our file: 2016-08-08 15:36:38.000
2026-07-10 15:49:16.692   Installing the file.
2026-07-10 15:49:16.692   Successfully installed the file.
2026-07-10 15:49:16.694   -- File entry --
2026-07-10 15:49:16.694   Dest filename: C:\JL\pi32\libc\clang\3.9.0\include\fmaintrin.h
2026-07-10 15:49:16.694   Time stamp of our file: 2016-08-08 15:36:38.000
2026-07-10 15:49:16.694   Installing the file.
2026-07-10 15:49:16.694   Successfully installed the file.
2026-07-10 15:49:16.694   -- File entry --
2026-07-10 15:49:16.694   Dest filename: C:\JL\pi32\libc\clang\3.9.0\include\fxsrintrin.h
2026-07-10 15:49:16.694   Time stamp of our file: 2016-08-08 15:36:38.000
2026-07-10 15:49:16.694   Installing the file.
2026-07-10 15:49:16.696   Successfully installed the file.
2026-07-10 15:49:16.696   -- File entry --
2026-07-10 15:49:16.696   Dest filename: C:\JL\pi32\libc\clang\3.9.0\include\htmintrin.h
2026-07-10 15:49:16.696   Time stamp of our file: 2016-08-08 15:36:38.000
2026-07-10 15:49:16.696   Installing the file.
2026-07-10 15:49:16.697   Successfully installed the file.
2026-07-10 15:49:16.697   -- File entry --
2026-07-10 15:49:16.697   Dest filename: C:\JL\pi32\libc\clang\3.9.0\include\htmxlintrin.h
2026-07-10 15:49:16.698   Time stamp of our file: 2016-08-08 15:36:38.000
2026-07-10 15:49:16.698   Installing the file.
2026-07-10 15:49:16.700   Successfully installed the file.
2026-07-10 15:49:16.700   -- File entry --
2026-07-10 15:49:16.700   Dest filename: C:\JL\pi32\libc\clang\3.9.0\include\ia32intrin.h
2026-07-10 15:49:16.700   Time stamp of our file: 2016-08-08 15:36:38.000
2026-07-10 15:49:16.700   Installing the file.
2026-07-10 15:49:16.701   Successfully installed the file.
2026-07-10 15:49:16.701   -- File entry --
2026-07-10 15:49:16.701   Dest filename: C:\JL\pi32\libc\clang\3.9.0\include\immintrin.h
2026-07-10 15:49:16.702   Time stamp of our file: 2016-08-08 15:36:40.000
2026-07-10 15:49:16.702   Installing the file.
2026-07-10 15:49:16.703   Successfully installed the file.
2026-07-10 15:49:16.703   -- File entry --
2026-07-10 15:49:16.703   Dest filename: C:\JL\pi32\libc\clang\3.9.0\include\intrin.h
2026-07-10 15:49:16.703   Time stamp of our file: 2016-08-08 15:36:38.000
2026-07-10 15:49:16.703   Installing the file.
2026-07-10 15:49:16.704   Successfully installed the file.
2026-07-10 15:49:16.704   -- File entry --
2026-07-10 15:49:16.705   Dest filename: C:\JL\pi32\libc\clang\3.9.0\include\inttypes.h
2026-07-10 15:49:16.705   Time stamp of our file: 2016-08-08 15:36:38.000
2026-07-10 15:49:16.705   Installing the file.
2026-07-10 15:49:16.706   Successfully installed the file.
2026-07-10 15:49:16.706   -- File entry --
2026-07-10 15:49:16.706   Dest filename: C:\JL\pi32\libc\clang\3.9.0\include\iso646.h
2026-07-10 15:49:16.706   Time stamp of our file: 2016-08-08 15:36:38.000
2026-07-10 15:49:16.706   Installing the file.
2026-07-10 15:49:16.707   Successfully installed the file.
2026-07-10 15:49:16.707   -- File entry --
2026-07-10 15:49:16.707   Dest filename: C:\JL\pi32\libc\clang\3.9.0\include\limits.h
2026-07-10 15:49:16.707   Time stamp of our file: 2016-08-08 15:36:38.000
2026-07-10 15:49:16.707   Installing the file.
2026-07-10 15:49:16.708   Successfully installed the file.
2026-07-10 15:49:16.708   -- File entry --
2026-07-10 15:49:16.708   Dest filename: C:\JL\pi32\libc\clang\3.9.0\include\lzcntintrin.h
2026-07-10 15:49:16.708   Time stamp of our file: 2016-08-08 15:36:38.000
2026-07-10 15:49:16.710   Installing the file.
2026-07-10 15:49:16.710   Successfully installed the file.
2026-07-10 15:49:16.710   -- File entry --
2026-07-10 15:49:16.711   Dest filename: C:\JL\pi32\libc\clang\3.9.0\include\mm3dnow.h
2026-07-10 15:49:16.711   Time stamp of our file: 2016-08-08 15:36:38.000
2026-07-10 15:49:16.711   Installing the file.
2026-07-10 15:49:16.713   Successfully installed the file.
2026-07-10 15:49:16.713   -- File entry --
2026-07-10 15:49:16.713   Dest filename: C:\JL\pi32\libc\clang\3.9.0\include\mmintrin.h
2026-07-10 15:49:16.713   Time stamp of our file: 2016-08-08 15:36:38.000
2026-07-10 15:49:16.713   Installing the file.
2026-07-10 15:49:16.715   Successfully installed the file.
2026-07-10 15:49:16.715   -- File entry --
2026-07-10 15:49:16.715   Dest filename: C:\JL\pi32\libc\clang\3.9.0\include\mm_malloc.h
2026-07-10 15:49:16.715   Time stamp of our file: 2016-08-08 15:36:38.000
2026-07-10 15:49:16.715   Installing the file.
2026-07-10 15:49:16.717   Successfully installed the file.
2026-07-10 15:49:16.717   -- File entry --
2026-07-10 15:49:16.717   Dest filename: C:\JL\pi32\libc\clang\3.9.0\include\module.modulemap
2026-07-10 15:49:16.717   Time stamp of our file: 2016-08-08 15:36:40.000
2026-07-10 15:49:16.717   Installing the file.
2026-07-10 15:49:16.719   Successfully installed the file.
2026-07-10 15:49:16.719   -- File entry --
2026-07-10 15:49:16.719   Dest filename: C:\JL\pi32\libc\clang\3.9.0\include\mwaitxintrin.h
2026-07-10 15:49:16.719   Time stamp of our file: 2016-08-08 15:36:38.000
2026-07-10 15:49:16.719   Installing the file.
2026-07-10 15:49:16.719   Successfully installed the file.
2026-07-10 15:49:16.719   -- File entry --
2026-07-10 15:49:16.719   Dest filename: C:\JL\pi32\libc\clang\3.9.0\include\nmmintrin.h
2026-07-10 15:49:16.719   Time stamp of our file: 2016-08-08 15:36:38.000
2026-07-10 15:49:16.719   Installing the file.
2026-07-10 15:49:16.720   Successfully installed the file.
2026-07-10 15:49:16.720   -- File entry --
2026-07-10 15:49:16.720   Dest filename: C:\JL\pi32\libc\clang\3.9.0\include\opencl-c.h
2026-07-10 15:49:16.721   Time stamp of our file: 2016-08-08 15:36:40.000
2026-07-10 15:49:16.721   Installing the file.
2026-07-10 15:49:16.730   Successfully installed the file.
2026-07-10 15:49:16.730   -- File entry --
2026-07-10 15:49:16.730   Dest filename: C:\JL\pi32\libc\clang\3.9.0\include\pkuintrin.h
2026-07-10 15:49:16.730   Time stamp of our file: 2016-08-08 15:36:38.000
2026-07-10 15:49:16.730   Installing the file.
2026-07-10 15:49:16.731   Successfully installed the file.
2026-07-10 15:49:16.731   -- File entry --
2026-07-10 15:49:16.731   Dest filename: C:\JL\pi32\libc\clang\3.9.0\include\pmmintrin.h
2026-07-10 15:49:16.731   Time stamp of our file: 2016-08-08 15:36:40.000
2026-07-10 15:49:16.731   Installing the file.
2026-07-10 15:49:16.732   Successfully installed the file.
2026-07-10 15:49:16.732   -- File entry --
2026-07-10 15:49:16.733   Dest filename: C:\JL\pi32\libc\clang\3.9.0\include\popcntintrin.h
2026-07-10 15:49:16.733   Time stamp of our file: 2016-08-08 15:36:40.000
2026-07-10 15:49:16.733   Installing the file.
2026-07-10 15:49:16.734   Successfully installed the file.
2026-07-10 15:49:16.734   -- File entry --
2026-07-10 15:49:16.734   Dest filename: C:\JL\pi32\libc\clang\3.9.0\include\prfchwintrin.h
2026-07-10 15:49:16.734   Time stamp of our file: 2016-08-08 15:36:38.000
2026-07-10 15:49:16.734   Installing the file.
2026-07-10 15:49:16.735   Successfully installed the file.
2026-07-10 15:49:16.736   -- File entry --
2026-07-10 15:49:16.736   Dest filename: C:\JL\pi32\libc\clang\3.9.0\include\rdseedintrin.h
2026-07-10 15:49:16.736   Time stamp of our file: 2016-08-08 15:36:38.000
2026-07-10 15:49:16.736   Installing the file.
2026-07-10 15:49:16.737   Successfully installed the file.
2026-07-10 15:49:16.737   -- File entry --
2026-07-10 15:49:16.737   Dest filename: C:\JL\pi32\libc\clang\3.9.0\include\rtmintrin.h
2026-07-10 15:49:16.737   Time stamp of our file: 2016-08-08 15:36:38.000
2026-07-10 15:49:16.737   Installing the file.
2026-07-10 15:49:16.738   Successfully installed the file.
2026-07-10 15:49:16.738   -- File entry --
2026-07-10 15:49:16.738   Dest filename: C:\JL\pi32\libc\clang\3.9.0\include\s390intrin.h
2026-07-10 15:49:16.738   Time stamp of our file: 2016-08-08 15:36:38.000
2026-07-10 15:49:16.738   Installing the file.
2026-07-10 15:49:16.739   Successfully installed the file.
2026-07-10 15:49:16.739   -- File entry --
2026-07-10 15:49:16.739   Dest filename: C:\JL\pi32\libc\clang\3.9.0\include\shaintrin.h
2026-07-10 15:49:16.739   Time stamp of our file: 2016-08-08 15:36:40.000
2026-07-10 15:49:16.739   Installing the file.
2026-07-10 15:49:16.740   Successfully installed the file.
2026-07-10 15:49:16.740   -- File entry --
2026-07-10 15:49:16.740   Dest filename: C:\JL\pi32\libc\clang\3.9.0\include\smmintrin.h
2026-07-10 15:49:16.740   Time stamp of our file: 2016-08-08 15:36:38.000
2026-07-10 15:49:16.740   Installing the file.
2026-07-10 15:49:16.742   Successfully installed the file.
2026-07-10 15:49:16.742   -- File entry --
2026-07-10 15:49:16.742   Dest filename: C:\JL\pi32\libc\clang\3.9.0\include\stdalign.h
2026-07-10 15:49:16.742   Time stamp of our file: 2016-08-08 15:36:38.000
2026-07-10 15:49:16.742   Installing the file.
2026-07-10 15:49:16.743   Successfully installed the file.
2026-07-10 15:49:16.743   -- File entry --
2026-07-10 15:49:16.743   Dest filename: C:\JL\pi32\libc\clang\3.9.0\include\stdarg.h
2026-07-10 15:49:16.743   Time stamp of our file: 2016-08-08 15:36:38.000
2026-07-10 15:49:16.743   Installing the file.
2026-07-10 15:49:16.744   Successfully installed the file.
2026-07-10 15:49:16.744   -- File entry --
2026-07-10 15:49:16.744   Dest filename: C:\JL\pi32\libc\clang\3.9.0\include\stdatomic.h
2026-07-10 15:49:16.744   Time stamp of our file: 2016-08-08 15:36:38.000
2026-07-10 15:49:16.744   Installing the file.
2026-07-10 15:49:16.746   Successfully installed the file.
2026-07-10 15:49:16.746   -- File entry --
2026-07-10 15:49:16.746   Dest filename: C:\JL\pi32\libc\clang\3.9.0\include\stdbool.h
2026-07-10 15:49:16.747   Time stamp of our file: 2016-08-08 15:36:40.000
2026-07-10 15:49:16.747   Installing the file.
2026-07-10 15:49:16.748   Successfully installed the file.
2026-07-10 15:49:16.748   -- File entry --
2026-07-10 15:49:16.748   Dest filename: C:\JL\pi32\libc\clang\3.9.0\include\stddef.h
2026-07-10 15:49:16.748   Time stamp of our file: 2016-08-08 15:36:38.000
2026-07-10 15:49:16.748   Installing the file.
2026-07-10 15:49:16.749   Successfully installed the file.
2026-07-10 15:49:16.749   -- File entry --
2026-07-10 15:49:16.749   Dest filename: C:\JL\pi32\libc\clang\3.9.0\include\stdint.h
2026-07-10 15:49:16.749   Time stamp of our file: 2016-08-08 15:36:38.000
2026-07-10 15:49:16.749   Installing the file.
2026-07-10 15:49:16.751   Successfully installed the file.
2026-07-10 15:49:16.751   -- File entry --
2026-07-10 15:49:16.751   Dest filename: C:\JL\pi32\libc\clang\3.9.0\include\stdnoreturn.h
2026-07-10 15:49:16.751   Time stamp of our file: 2016-08-08 15:36:38.000
2026-07-10 15:49:16.751   Installing the file.
2026-07-10 15:49:16.751   Successfully installed the file.
2026-07-10 15:49:16.751   -- File entry --
2026-07-10 15:49:16.751   Dest filename: C:\JL\pi32\libc\clang\3.9.0\include\tbmintrin.h
2026-07-10 15:49:16.751   Time stamp of our file: 2016-08-08 15:36:38.000
2026-07-10 15:49:16.751   Installing the file.
2026-07-10 15:49:16.752   Successfully installed the file.
2026-07-10 15:49:16.752   -- File entry --
2026-07-10 15:49:16.752   Dest filename: C:\JL\pi32\libc\clang\3.9.0\include\tgmath.h
2026-07-10 15:49:16.752   Time stamp of our file: 2016-08-08 15:36:38.000
2026-07-10 15:49:16.752   Installing the file.
2026-07-10 15:49:16.755   Successfully installed the file.
2026-07-10 15:49:16.755   -- File entry --
2026-07-10 15:49:16.755   Dest filename: C:\JL\pi32\libc\clang\3.9.0\include\tmmintrin.h
2026-07-10 15:49:16.755   Time stamp of our file: 2016-08-08 15:36:40.000
2026-07-10 15:49:16.755   Installing the file.
2026-07-10 15:49:16.756   Successfully installed the file.
2026-07-10 15:49:16.756   -- File entry --
2026-07-10 15:49:16.757   Dest filename: C:\JL\pi32\libc\clang\3.9.0\include\unwind.h
2026-07-10 15:49:16.757   Time stamp of our file: 2016-08-08 15:36:38.000
2026-07-10 15:49:16.757   Installing the file.
2026-07-10 15:49:16.757   Successfully installed the file.
2026-07-10 15:49:16.757   -- File entry --
2026-07-10 15:49:16.757   Dest filename: C:\JL\pi32\libc\clang\3.9.0\include\vadefs.h
2026-07-10 15:49:16.758   Time stamp of our file: 2016-08-08 15:36:38.000
2026-07-10 15:49:16.758   Installing the file.
2026-07-10 15:49:16.760   Successfully installed the file.
2026-07-10 15:49:16.760   -- File entry --
2026-07-10 15:49:16.760   Dest filename: C:\JL\pi32\libc\clang\3.9.0\include\varargs.h
2026-07-10 15:49:16.760   Time stamp of our file: 2016-08-08 15:36:38.000
2026-07-10 15:49:16.760   Installing the file.
2026-07-10 15:49:16.761   Successfully installed the file.
2026-07-10 15:49:16.761   -- File entry --
2026-07-10 15:49:16.761   Dest filename: C:\JL\pi32\libc\clang\3.9.0\include\vecintrin.h
2026-07-10 15:49:16.762   Time stamp of our file: 2016-08-08 15:36:38.000
2026-07-10 15:49:16.762   Installing the file.
2026-07-10 15:49:16.764   Successfully installed the file.
2026-07-10 15:49:16.764   -- File entry --
2026-07-10 15:49:16.764   Dest filename: C:\JL\pi32\libc\clang\3.9.0\include\wmmintrin.h
2026-07-10 15:49:16.764   Time stamp of our file: 2016-08-08 15:36:40.000
2026-07-10 15:49:16.764   Installing the file.
2026-07-10 15:49:16.765   Successfully installed the file.
2026-07-10 15:49:16.765   -- File entry --
2026-07-10 15:49:16.765   Dest filename: C:\JL\pi32\libc\clang\3.9.0\include\x86intrin.h
2026-07-10 15:49:16.766   Time stamp of our file: 2016-08-08 15:36:40.000
2026-07-10 15:49:16.766   Installing the file.
2026-07-10 15:49:16.766   Successfully installed the file.
2026-07-10 15:49:16.768   -- File entry --
2026-07-10 15:49:16.768   Dest filename: C:\JL\pi32\libc\clang\3.9.0\include\xmmintrin.h
2026-07-10 15:49:16.768   Time stamp of our file: 2016-08-08 15:36:38.000
2026-07-10 15:49:16.768   Installing the file.
2026-07-10 15:49:16.769   Successfully installed the file.
2026-07-10 15:49:16.769   -- File entry --
2026-07-10 15:49:16.770   Dest filename: C:\JL\pi32\libc\clang\3.9.0\include\xopintrin.h
2026-07-10 15:49:16.770   Time stamp of our file: 2016-08-08 15:36:38.000
2026-07-10 15:49:16.770   Installing the file.
2026-07-10 15:49:16.771   Successfully installed the file.
2026-07-10 15:49:16.771   -- File entry --
2026-07-10 15:49:16.771   Dest filename: C:\JL\pi32\libc\clang\3.9.0\include\xsavecintrin.h
2026-07-10 15:49:16.771   Time stamp of our file: 2016-08-08 15:36:38.000
2026-07-10 15:49:16.771   Installing the file.
2026-07-10 15:49:16.772   Successfully installed the file.
2026-07-10 15:49:16.772   -- File entry --
2026-07-10 15:49:16.772   Dest filename: C:\JL\pi32\libc\clang\3.9.0\include\xsaveintrin.h
2026-07-10 15:49:16.772   Time stamp of our file: 2016-08-08 15:36:38.000
2026-07-10 15:49:16.772   Installing the file.
2026-07-10 15:49:16.774   Successfully installed the file.
2026-07-10 15:49:16.774   -- File entry --
2026-07-10 15:49:16.774   Dest filename: C:\JL\pi32\libc\clang\3.9.0\include\xsaveoptintrin.h
2026-07-10 15:49:16.774   Time stamp of our file: 2016-08-08 15:36:38.000
2026-07-10 15:49:16.774   Installing the file.
2026-07-10 15:49:16.776   Successfully installed the file.
2026-07-10 15:49:16.777   -- File entry --
2026-07-10 15:49:16.777   Dest filename: C:\JL\pi32\libc\clang\3.9.0\include\xsavesintrin.h
2026-07-10 15:49:16.777   Time stamp of our file: 2016-08-08 15:36:38.000
2026-07-10 15:49:16.777   Installing the file.
2026-07-10 15:49:16.778   Successfully installed the file.
2026-07-10 15:49:16.778   -- File entry --
2026-07-10 15:49:16.778   Dest filename: C:\JL\pi32\libc\clang\3.9.0\include\xtestintrin.h
2026-07-10 15:49:16.778   Time stamp of our file: 2016-08-08 15:36:40.000
2026-07-10 15:49:16.778   Installing the file.
2026-07-10 15:49:16.779   Successfully installed the file.
2026-07-10 15:49:16.779   -- File entry --
2026-07-10 15:49:16.779   Dest filename: C:\JL\pi32\libc\clang\3.9.0\include\__clang_cuda_cmath.h
2026-07-10 15:49:16.779   Time stamp of our file: 2016-08-08 15:36:38.000
2026-07-10 15:49:16.779   Installing the file.
2026-07-10 15:49:16.780   Successfully installed the file.
2026-07-10 15:49:16.780   -- File entry --
2026-07-10 15:49:16.780   Dest filename: C:\JL\pi32\libc\clang\3.9.0\include\__clang_cuda_intrinsics.h
2026-07-10 15:49:16.781   Time stamp of our file: 2016-08-08 15:36:40.000
2026-07-10 15:49:16.781   Installing the file.
2026-07-10 15:49:16.782   Successfully installed the file.
2026-07-10 15:49:16.782   -- File entry --
2026-07-10 15:49:16.782   Dest filename: C:\JL\pi32\libc\clang\3.9.0\include\__clang_cuda_math_forward_declares.h
2026-07-10 15:49:16.782   Time stamp of our file: 2016-08-08 15:36:38.000
2026-07-10 15:49:16.782   Installing the file.
2026-07-10 15:49:16.783   Successfully installed the file.
2026-07-10 15:49:16.783   -- File entry --
2026-07-10 15:49:16.783   Dest filename: C:\JL\pi32\libc\clang\3.9.0\include\__clang_cuda_runtime_wrapper.h
2026-07-10 15:49:16.783   Time stamp of our file: 2016-08-08 15:36:38.000
2026-07-10 15:49:16.783   Installing the file.
2026-07-10 15:49:16.786   Successfully installed the file.
2026-07-10 15:49:16.786   -- File entry --
2026-07-10 15:49:16.786   Dest filename: C:\JL\pi32\libc\clang\3.9.0\include\__stddef_max_align_t.h
2026-07-10 15:49:16.786   Time stamp of our file: 2016-08-08 15:36:38.000
2026-07-10 15:49:16.786   Installing the file.
2026-07-10 15:49:16.787   Successfully installed the file.
2026-07-10 15:49:16.787   -- File entry --
2026-07-10 15:49:16.787   Dest filename: C:\JL\pi32\libc\clang\3.9.0\include\__wmmintrin_aes.h
2026-07-10 15:49:16.787   Time stamp of our file: 2016-08-08 15:36:38.000
2026-07-10 15:49:16.787   Installing the file.
2026-07-10 15:49:16.788   Successfully installed the file.
2026-07-10 15:49:16.788   -- File entry --
2026-07-10 15:49:16.788   Dest filename: C:\JL\pi32\libc\clang\3.9.0\include\__wmmintrin_pclmul.h
2026-07-10 15:49:16.788   Time stamp of our file: 2016-08-08 15:36:38.000
2026-07-10 15:49:16.788   Installing the file.
2026-07-10 15:49:16.790   Successfully installed the file.
2026-07-10 15:49:16.790   -- File entry --
2026-07-10 15:49:16.790   Dest filename: C:\JL\pi32\libc\clang\4.0.0\include\adxintrin.h
2026-07-10 15:49:16.790   Time stamp of our file: 2016-08-08 15:36:38.000
2026-07-10 15:49:16.790   Installing the file.
2026-07-10 15:49:16.790   Creating directory: C:\JL\pi32\libc\clang\4.0.0
2026-07-10 15:49:16.791   Creating directory: C:\JL\pi32\libc\clang\4.0.0\include
2026-07-10 15:49:16.792   Successfully installed the file.
2026-07-10 15:49:16.792   -- File entry --
2026-07-10 15:49:16.792   Dest filename: C:\JL\pi32\libc\clang\4.0.0\include\altivec.h
2026-07-10 15:49:16.792   Time stamp of our file: 2016-08-08 15:36:38.000
2026-07-10 15:49:16.792   Installing the file.
2026-07-10 15:49:16.796   Successfully installed the file.
2026-07-10 15:49:16.796   -- File entry --
2026-07-10 15:49:16.796   Dest filename: C:\JL\pi32\libc\clang\4.0.0\include\ammintrin.h
2026-07-10 15:49:16.796   Time stamp of our file: 2016-08-08 15:36:38.000
2026-07-10 15:49:16.796   Installing the file.
2026-07-10 15:49:16.797   Successfully installed the file.
2026-07-10 15:49:16.797   -- File entry --
2026-07-10 15:49:16.797   Dest filename: C:\JL\pi32\libc\clang\4.0.0\include\arm_acle.h
2026-07-10 15:49:16.797   Time stamp of our file: 2016-08-08 15:36:38.000
2026-07-10 15:49:16.798   Installing the file.
2026-07-10 15:49:16.798   Successfully installed the file.
2026-07-10 15:49:16.798   -- File entry --
2026-07-10 15:49:16.798   Dest filename: C:\JL\pi32\libc\clang\4.0.0\include\arm_neon.h
2026-07-10 15:49:16.798   Time stamp of our file: 2016-08-08 15:36:38.000
2026-07-10 15:49:16.798   Installing the file.
2026-07-10 15:49:16.813   Successfully installed the file.
2026-07-10 15:49:16.813   -- File entry --
2026-07-10 15:49:16.813   Dest filename: C:\JL\pi32\libc\clang\4.0.0\include\avx2intrin.h
2026-07-10 15:49:16.814   Time stamp of our file: 2016-08-08 15:36:38.000
2026-07-10 15:49:16.814   Installing the file.
2026-07-10 15:49:16.815   Successfully installed the file.
2026-07-10 15:49:16.815   -- File entry --
2026-07-10 15:49:16.815   Dest filename: C:\JL\pi32\libc\clang\4.0.0\include\avx512bwintrin.h
2026-07-10 15:49:16.816   Time stamp of our file: 2016-08-08 15:36:38.000
2026-07-10 15:49:16.816   Installing the file.
2026-07-10 15:49:16.818   Successfully installed the file.
2026-07-10 15:49:16.818   -- File entry --
2026-07-10 15:49:16.818   Dest filename: C:\JL\pi32\libc\clang\4.0.0\include\avx512cdintrin.h
2026-07-10 15:49:16.818   Time stamp of our file: 2016-08-08 15:36:38.000
2026-07-10 15:49:16.818   Installing the file.
2026-07-10 15:49:16.820   Successfully installed the file.
2026-07-10 15:49:16.820   -- File entry --
2026-07-10 15:49:16.820   Dest filename: C:\JL\pi32\libc\clang\4.0.0\include\avx512dqintrin.h
2026-07-10 15:49:16.820   Time stamp of our file: 2016-08-08 15:36:38.000
2026-07-10 15:49:16.820   Installing the file.
2026-07-10 15:49:16.821   Successfully installed the file.
2026-07-10 15:49:16.821   -- File entry --
2026-07-10 15:49:16.821   Dest filename: C:\JL\pi32\libc\clang\4.0.0\include\avx512erintrin.h
2026-07-10 15:49:16.821   Time stamp of our file: 2016-08-08 15:36:38.000
2026-07-10 15:49:16.821   Installing the file.
2026-07-10 15:49:16.823   Successfully installed the file.
2026-07-10 15:49:16.823   -- File entry --
2026-07-10 15:49:16.823   Dest filename: C:\JL\pi32\libc\clang\4.0.0\include\avx512fintrin.h
2026-07-10 15:49:16.823   Time stamp of our file: 2016-08-08 15:36:38.000
2026-07-10 15:49:16.823   Installing the file.
2026-07-10 15:49:16.827   Successfully installed the file.
2026-07-10 15:49:16.827   -- File entry --
2026-07-10 15:49:16.827   Dest filename: C:\JL\pi32\libc\clang\4.0.0\include\avx512ifmaintrin.h
2026-07-10 15:49:16.827   Time stamp of our file: 2016-08-08 15:36:38.000
2026-07-10 15:49:16.827   Installing the file.
2026-07-10 15:49:16.828   Successfully installed the file.
2026-07-10 15:49:16.828   -- File entry --
2026-07-10 15:49:16.828   Dest filename: C:\JL\pi32\libc\clang\4.0.0\include\avx512ifmavlintrin.h
2026-07-10 15:49:16.829   Time stamp of our file: 2016-08-08 15:36:38.000
2026-07-10 15:49:16.829   Installing the file.
2026-07-10 15:49:16.830   Successfully installed the file.
2026-07-10 15:49:16.830   -- File entry --
2026-07-10 15:49:16.830   Dest filename: C:\JL\pi32\libc\clang\4.0.0\include\avx512pfintrin.h
2026-07-10 15:49:16.830   Time stamp of our file: 2016-08-08 15:36:38.000
2026-07-10 15:49:16.830   Installing the file.
2026-07-10 15:49:16.832   Successfully installed the file.
2026-07-10 15:49:16.832   -- File entry --
2026-07-10 15:49:16.832   Dest filename: C:\JL\pi32\libc\clang\4.0.0\include\avx512vbmiintrin.h
2026-07-10 15:49:16.832   Time stamp of our file: 2016-08-08 15:36:38.000
2026-07-10 15:49:16.832   Installing the file.
2026-07-10 15:49:16.833   Successfully installed the file.
2026-07-10 15:49:16.833   -- File entry --
2026-07-10 15:49:16.833   Dest filename: C:\JL\pi32\libc\clang\4.0.0\include\avx512vbmivlintrin.h
2026-07-10 15:49:16.833   Time stamp of our file: 2016-08-08 15:36:38.000
2026-07-10 15:49:16.833   Installing the file.
2026-07-10 15:49:16.834   Successfully installed the file.
2026-07-10 15:49:16.834   -- File entry --
2026-07-10 15:49:16.834   Dest filename: C:\JL\pi32\libc\clang\4.0.0\include\avx512vlbwintrin.h
2026-07-10 15:49:16.835   Time stamp of our file: 2016-08-08 15:36:38.000
2026-07-10 15:49:16.835   Installing the file.
2026-07-10 15:49:16.837   Successfully installed the file.
2026-07-10 15:49:16.837   -- File entry --
2026-07-10 15:49:16.837   Dest filename: C:\JL\pi32\libc\clang\4.0.0\include\avx512vlcdintrin.h
2026-07-10 15:49:16.837   Time stamp of our file: 2016-08-08 15:36:38.000
2026-07-10 15:49:16.837   Installing the file.
2026-07-10 15:49:16.838   Successfully installed the file.
2026-07-10 15:49:16.838   -- File entry --
2026-07-10 15:49:16.839   Dest filename: C:\JL\pi32\libc\clang\4.0.0\include\avx512vldqintrin.h
2026-07-10 15:49:16.839   Time stamp of our file: 2016-08-08 15:36:38.000
2026-07-10 15:49:16.839   Installing the file.
2026-07-10 15:49:16.840   Successfully installed the file.
2026-07-10 15:49:16.840   -- File entry --
2026-07-10 15:49:16.840   Dest filename: C:\JL\pi32\libc\clang\4.0.0\include\avx512vlintrin.h
2026-07-10 15:49:16.840   Time stamp of our file: 2016-08-08 15:36:38.000
2026-07-10 15:49:16.840   Installing the file.
2026-07-10 15:49:16.843   Successfully installed the file.
2026-07-10 15:49:16.844   -- File entry --
2026-07-10 15:49:16.844   Dest filename: C:\JL\pi32\libc\clang\4.0.0\include\avxintrin.h
2026-07-10 15:49:16.844   Time stamp of our file: 2016-08-08 15:36:38.000
2026-07-10 15:49:16.844   Installing the file.
2026-07-10 15:49:16.845   Successfully installed the file.
2026-07-10 15:49:16.845   -- File entry --
2026-07-10 15:49:16.845   Dest filename: C:\JL\pi32\libc\clang\4.0.0\include\bmi2intrin.h
2026-07-10 15:49:16.846   Time stamp of our file: 2016-08-08 15:36:38.000
2026-07-10 15:49:16.846   Installing the file.
2026-07-10 15:49:16.847   Successfully installed the file.
2026-07-10 15:49:16.847   -- File entry --
2026-07-10 15:49:16.847   Dest filename: C:\JL\pi32\libc\clang\4.0.0\include\bmiintrin.h
2026-07-10 15:49:16.848   Time stamp of our file: 2016-08-08 15:36:38.000
2026-07-10 15:49:16.848   Installing the file.
2026-07-10 15:49:16.850   Successfully installed the file.
2026-07-10 15:49:16.850   -- File entry --
2026-07-10 15:49:16.850   Dest filename: C:\JL\pi32\libc\clang\4.0.0\include\clflushoptintrin.h
2026-07-10 15:49:16.850   Time stamp of our file: 2016-08-08 15:36:38.000
2026-07-10 15:49:16.850   Installing the file.
2026-07-10 15:49:16.851   Successfully installed the file.
2026-07-10 15:49:16.851   -- File entry --
2026-07-10 15:49:16.851   Dest filename: C:\JL\pi32\libc\clang\4.0.0\include\cpuid.h
2026-07-10 15:49:16.852   Time stamp of our file: 2016-08-08 15:36:38.000
2026-07-10 15:49:16.852   Installing the file.
2026-07-10 15:49:16.853   Successfully installed the file.
2026-07-10 15:49:16.853   -- File entry --
2026-07-10 15:49:16.853   Dest filename: C:\JL\pi32\libc\clang\4.0.0\include\cuda_builtin_vars.h
2026-07-10 15:49:16.853   Time stamp of our file: 2016-08-08 15:36:38.000
2026-07-10 15:49:16.853   Installing the file.
2026-07-10 15:49:16.854   Successfully installed the file.
2026-07-10 15:49:16.855   -- File entry --
2026-07-10 15:49:16.855   Dest filename: C:\JL\pi32\libc\clang\4.0.0\include\emmintrin.h
2026-07-10 15:49:16.855   Time stamp of our file: 2016-08-08 15:36:38.000
2026-07-10 15:49:16.855   Installing the file.
2026-07-10 15:49:16.856   Successfully installed the file.
2026-07-10 15:49:16.856   -- File entry --
2026-07-10 15:49:16.856   Dest filename: C:\JL\pi32\libc\clang\4.0.0\include\f16cintrin.h
2026-07-10 15:49:16.857   Time stamp of our file: 2016-08-08 15:36:38.000
2026-07-10 15:49:16.857   Installing the file.
2026-07-10 15:49:16.857   Successfully installed the file.
2026-07-10 15:49:16.857   -- File entry --
2026-07-10 15:49:16.857   Dest filename: C:\JL\pi32\libc\clang\4.0.0\include\float.h
2026-07-10 15:49:16.858   Time stamp of our file: 2016-08-08 15:36:38.000
2026-07-10 15:49:16.858   Installing the file.
2026-07-10 15:49:16.858   Successfully installed the file.
2026-07-10 15:49:16.858   -- File entry --
2026-07-10 15:49:16.858   Dest filename: C:\JL\pi32\libc\clang\4.0.0\include\fma4intrin.h
2026-07-10 15:49:16.858   Time stamp of our file: 2016-08-08 15:36:38.000
2026-07-10 15:49:16.858   Installing the file.
2026-07-10 15:49:16.860   Successfully installed the file.
2026-07-10 15:49:16.861   -- File entry --
2026-07-10 15:49:16.861   Dest filename: C:\JL\pi32\libc\clang\4.0.0\include\fmaintrin.h
2026-07-10 15:49:16.861   Time stamp of our file: 2016-08-08 15:36:38.000
2026-07-10 15:49:16.861   Installing the file.
2026-07-10 15:49:16.862   Successfully installed the file.
2026-07-10 15:49:16.863   -- File entry --
2026-07-10 15:49:16.863   Dest filename: C:\JL\pi32\libc\clang\4.0.0\include\fxsrintrin.h
2026-07-10 15:49:16.863   Time stamp of our file: 2016-08-08 15:36:38.000
2026-07-10 15:49:16.863   Installing the file.
2026-07-10 15:49:16.865   Successfully installed the file.
2026-07-10 15:49:16.865   -- File entry --
2026-07-10 15:49:16.865   Dest filename: C:\JL\pi32\libc\clang\4.0.0\include\htmintrin.h
2026-07-10 15:49:16.865   Time stamp of our file: 2016-08-08 15:36:38.000
2026-07-10 15:49:16.865   Installing the file.
2026-07-10 15:49:16.866   Successfully installed the file.
2026-07-10 15:49:16.866   -- File entry --
2026-07-10 15:49:16.866   Dest filename: C:\JL\pi32\libc\clang\4.0.0\include\htmxlintrin.h
2026-07-10 15:49:16.866   Time stamp of our file: 2016-08-08 15:36:38.000
2026-07-10 15:49:16.866   Installing the file.
2026-07-10 15:49:16.868   Successfully installed the file.
2026-07-10 15:49:16.868   -- File entry --
2026-07-10 15:49:16.868   Dest filename: C:\JL\pi32\libc\clang\4.0.0\include\ia32intrin.h
2026-07-10 15:49:16.869   Time stamp of our file: 2016-08-08 15:36:38.000
2026-07-10 15:49:16.869   Installing the file.
2026-07-10 15:49:16.870   Successfully installed the file.
2026-07-10 15:49:16.870   -- File entry --
2026-07-10 15:49:16.870   Dest filename: C:\JL\pi32\libc\clang\4.0.0\include\immintrin.h
2026-07-10 15:49:16.870   Time stamp of our file: 2016-08-08 15:36:38.000
2026-07-10 15:49:16.870   Installing the file.
2026-07-10 15:49:16.871   Successfully installed the file.
2026-07-10 15:49:16.871   -- File entry --
2026-07-10 15:49:16.871   Dest filename: C:\JL\pi32\libc\clang\4.0.0\include\intrin.h
2026-07-10 15:49:16.871   Time stamp of our file: 2016-08-08 15:36:38.000
2026-07-10 15:49:16.871   Installing the file.
2026-07-10 15:49:16.872   Successfully installed the file.
2026-07-10 15:49:16.872   -- File entry --
2026-07-10 15:49:16.872   Dest filename: C:\JL\pi32\libc\clang\4.0.0\include\inttypes.h
2026-07-10 15:49:16.873   Time stamp of our file: 2016-08-08 15:36:38.000
2026-07-10 15:49:16.873   Installing the file.
2026-07-10 15:49:16.874   Successfully installed the file.
2026-07-10 15:49:16.875   -- File entry --
2026-07-10 15:49:16.875   Dest filename: C:\JL\pi32\libc\clang\4.0.0\include\iso646.h
2026-07-10 15:49:16.875   Time stamp of our file: 2016-08-08 15:36:38.000
2026-07-10 15:49:16.875   Installing the file.
2026-07-10 15:49:16.876   Successfully installed the file.
2026-07-10 15:49:16.876   -- File entry --
2026-07-10 15:49:16.876   Dest filename: C:\JL\pi32\libc\clang\4.0.0\include\limits.h
2026-07-10 15:49:16.876   Time stamp of our file: 2016-08-08 15:36:38.000
2026-07-10 15:49:16.876   Installing the file.
2026-07-10 15:49:16.878   Successfully installed the file.
2026-07-10 15:49:16.878   -- File entry --
2026-07-10 15:49:16.878   Dest filename: C:\JL\pi32\libc\clang\4.0.0\include\lzcntintrin.h
2026-07-10 15:49:16.878   Time stamp of our file: 2016-08-08 15:36:38.000
2026-07-10 15:49:16.878   Installing the file.
2026-07-10 15:49:16.879   Successfully installed the file.
2026-07-10 15:49:16.879   -- File entry --
2026-07-10 15:49:16.879   Dest filename: C:\JL\pi32\libc\clang\4.0.0\include\mm3dnow.h
2026-07-10 15:49:16.879   Time stamp of our file: 2016-08-08 15:36:38.000
2026-07-10 15:49:16.880   Installing the file.
2026-07-10 15:49:16.881   Successfully installed the file.
2026-07-10 15:49:16.881   -- File entry --
2026-07-10 15:49:16.881   Dest filename: C:\JL\pi32\libc\clang\4.0.0\include\mmintrin.h
2026-07-10 15:49:16.881   Time stamp of our file: 2016-08-08 15:36:38.000
2026-07-10 15:49:16.881   Installing the file.
2026-07-10 15:49:16.883   Successfully installed the file.
2026-07-10 15:49:16.883   -- File entry --
2026-07-10 15:49:16.883   Dest filename: C:\JL\pi32\libc\clang\4.0.0\include\mm_malloc.h
2026-07-10 15:49:16.883   Time stamp of our file: 2016-08-08 15:36:38.000
2026-07-10 15:49:16.883   Installing the file.
2026-07-10 15:49:16.884   Successfully installed the file.
2026-07-10 15:49:16.884   -- File entry --
2026-07-10 15:49:16.884   Dest filename: C:\JL\pi32\libc\clang\4.0.0\include\module.modulemap
2026-07-10 15:49:16.884   Time stamp of our file: 2016-08-08 15:36:38.000
2026-07-10 15:49:16.884   Installing the file.
2026-07-10 15:49:16.886   Successfully installed the file.
2026-07-10 15:49:16.886   -- File entry --
2026-07-10 15:49:16.886   Dest filename: C:\JL\pi32\libc\clang\4.0.0\include\mwaitxintrin.h
2026-07-10 15:49:16.886   Time stamp of our file: 2016-08-08 15:36:38.000
2026-07-10 15:49:16.886   Installing the file.
2026-07-10 15:49:16.888   Successfully installed the file.
2026-07-10 15:49:16.888   -- File entry --
2026-07-10 15:49:16.888   Dest filename: C:\JL\pi32\libc\clang\4.0.0\include\nmmintrin.h
2026-07-10 15:49:16.888   Time stamp of our file: 2016-08-08 15:36:38.000
2026-07-10 15:49:16.888   Installing the file.
2026-07-10 15:49:16.889   Successfully installed the file.
2026-07-10 15:49:16.889   -- File entry --
2026-07-10 15:49:16.889   Dest filename: C:\JL\pi32\libc\clang\4.0.0\include\opencl-c.h
2026-07-10 15:49:16.889   Time stamp of our file: 2016-08-08 15:36:38.000
2026-07-10 15:49:16.889   Installing the file.
2026-07-10 15:49:16.896   Successfully installed the file.
2026-07-10 15:49:16.897   -- File entry --
2026-07-10 15:49:16.897   Dest filename: C:\JL\pi32\libc\clang\4.0.0\include\pkuintrin.h
2026-07-10 15:49:16.897   Time stamp of our file: 2016-08-08 15:36:38.000
2026-07-10 15:49:16.897   Installing the file.
2026-07-10 15:49:16.898   Successfully installed the file.
2026-07-10 15:49:16.898   -- File entry --
2026-07-10 15:49:16.898   Dest filename: C:\JL\pi32\libc\clang\4.0.0\include\pmmintrin.h
2026-07-10 15:49:16.899   Time stamp of our file: 2016-08-08 15:36:38.000
2026-07-10 15:49:16.899   Installing the file.
2026-07-10 15:49:16.900   Successfully installed the file.
2026-07-10 15:49:16.900   -- File entry --
2026-07-10 15:49:16.900   Dest filename: C:\JL\pi32\libc\clang\4.0.0\include\popcntintrin.h
2026-07-10 15:49:16.900   Time stamp of our file: 2016-08-08 15:36:38.000
2026-07-10 15:49:16.900   Installing the file.
2026-07-10 15:49:16.901   Successfully installed the file.
2026-07-10 15:49:16.901   -- File entry --
2026-07-10 15:49:16.901   Dest filename: C:\JL\pi32\libc\clang\4.0.0\include\prfchwintrin.h
2026-07-10 15:49:16.902   Time stamp of our file: 2016-08-08 15:36:38.000
2026-07-10 15:49:16.902   Installing the file.
2026-07-10 15:49:16.903   Successfully installed the file.
2026-07-10 15:49:16.903   -- File entry --
2026-07-10 15:49:16.903   Dest filename: C:\JL\pi32\libc\clang\4.0.0\include\rdseedintrin.h
2026-07-10 15:49:16.903   Time stamp of our file: 2016-08-08 15:36:38.000
2026-07-10 15:49:16.903   Installing the file.
2026-07-10 15:49:16.904   Successfully installed the file.
2026-07-10 15:49:16.904   -- File entry --
2026-07-10 15:49:16.904   Dest filename: C:\JL\pi32\libc\clang\4.0.0\include\rtmintrin.h
2026-07-10 15:49:16.905   Time stamp of our file: 2016-08-08 15:36:38.000
2026-07-10 15:49:16.905   Installing the file.
2026-07-10 15:49:16.906   Successfully installed the file.
2026-07-10 15:49:16.906   -- File entry --
2026-07-10 15:49:16.906   Dest filename: C:\JL\pi32\libc\clang\4.0.0\include\s390intrin.h
2026-07-10 15:49:16.906   Time stamp of our file: 2016-08-08 15:36:38.000
2026-07-10 15:49:16.906   Installing the file.
2026-07-10 15:49:16.907   Successfully installed the file.
2026-07-10 15:49:16.907   -- File entry --
2026-07-10 15:49:16.907   Dest filename: C:\JL\pi32\libc\clang\4.0.0\include\shaintrin.h
2026-07-10 15:49:16.907   Time stamp of our file: 2016-08-08 15:36:38.000
2026-07-10 15:49:16.907   Installing the file.
2026-07-10 15:49:16.909   Successfully installed the file.
2026-07-10 15:49:16.909   -- File entry --
2026-07-10 15:49:16.909   Dest filename: C:\JL\pi32\libc\clang\4.0.0\include\smmintrin.h
2026-07-10 15:49:16.909   Time stamp of our file: 2016-08-08 15:36:38.000
2026-07-10 15:49:16.909   Installing the file.
2026-07-10 15:49:16.910   Successfully installed the file.
2026-07-10 15:49:16.910   -- File entry --
2026-07-10 15:49:16.910   Dest filename: C:\JL\pi32\libc\clang\4.0.0\include\stdalign.h
2026-07-10 15:49:16.910   Time stamp of our file: 2016-08-08 15:36:38.000
2026-07-10 15:49:16.910   Installing the file.
2026-07-10 15:49:16.912   Successfully installed the file.
2026-07-10 15:49:16.912   -- File entry --
2026-07-10 15:49:16.912   Dest filename: C:\JL\pi32\libc\clang\4.0.0\include\stdarg.h
2026-07-10 15:49:16.912   Time stamp of our file: 2016-08-08 15:36:38.000
2026-07-10 15:49:16.912   Installing the file.
2026-07-10 15:49:16.913   Successfully installed the file.
2026-07-10 15:49:16.913   -- File entry --
2026-07-10 15:49:16.913   Dest filename: C:\JL\pi32\libc\clang\4.0.0\include\stdatomic.h
2026-07-10 15:49:16.913   Time stamp of our file: 2016-08-08 15:36:38.000
2026-07-10 15:49:16.913   Installing the file.
2026-07-10 15:49:16.914   Successfully installed the file.
2026-07-10 15:49:16.914   -- File entry --
2026-07-10 15:49:16.915   Dest filename: C:\JL\pi32\libc\clang\4.0.0\include\stdbool.h
2026-07-10 15:49:16.915   Time stamp of our file: 2016-08-08 15:36:38.000
2026-07-10 15:49:16.915   Installing the file.
2026-07-10 15:49:16.916   Successfully installed the file.
2026-07-10 15:49:16.916   -- File entry --
2026-07-10 15:49:16.916   Dest filename: C:\JL\pi32\libc\clang\4.0.0\include\stddef.h
2026-07-10 15:49:16.916   Time stamp of our file: 2016-08-08 15:36:38.000
2026-07-10 15:49:16.916   Installing the file.
2026-07-10 15:49:16.917   Successfully installed the file.
2026-07-10 15:49:16.917   -- File entry --
2026-07-10 15:49:16.917   Dest filename: C:\JL\pi32\libc\clang\4.0.0\include\stdint.h
2026-07-10 15:49:16.917   Time stamp of our file: 2016-08-08 15:36:38.000
2026-07-10 15:49:16.917   Installing the file.
2026-07-10 15:49:16.918   Successfully installed the file.
2026-07-10 15:49:16.918   -- File entry --
2026-07-10 15:49:16.918   Dest filename: C:\JL\pi32\libc\clang\4.0.0\include\stdnoreturn.h
2026-07-10 15:49:16.918   Time stamp of our file: 2016-08-08 15:36:38.000
2026-07-10 15:49:16.918   Installing the file.
2026-07-10 15:49:16.920   Successfully installed the file.
2026-07-10 15:49:16.920   -- File entry --
2026-07-10 15:49:16.920   Dest filename: C:\JL\pi32\libc\clang\4.0.0\include\tbmintrin.h
2026-07-10 15:49:16.921   Time stamp of our file: 2016-08-08 15:36:38.000
2026-07-10 15:49:16.921   Installing the file.
2026-07-10 15:49:16.922   Successfully installed the file.
2026-07-10 15:49:16.922   -- File entry --
2026-07-10 15:49:16.922   Dest filename: C:\JL\pi32\libc\clang\4.0.0\include\tgmath.h
2026-07-10 15:49:16.922   Time stamp of our file: 2016-08-08 15:36:38.000
2026-07-10 15:49:16.922   Installing the file.
2026-07-10 15:49:16.923   Successfully installed the file.
2026-07-10 15:49:16.923   -- File entry --
2026-07-10 15:49:16.923   Dest filename: C:\JL\pi32\libc\clang\4.0.0\include\tmmintrin.h
2026-07-10 15:49:16.923   Time stamp of our file: 2016-08-08 15:36:38.000
2026-07-10 15:49:16.923   Installing the file.
2026-07-10 15:49:16.925   Successfully installed the file.
2026-07-10 15:49:16.925   -- File entry --
2026-07-10 15:49:16.925   Dest filename: C:\JL\pi32\libc\clang\4.0.0\include\unwind.h
2026-07-10 15:49:16.925   Time stamp of our file: 2016-08-08 15:36:38.000
2026-07-10 15:49:16.925   Installing the file.
2026-07-10 15:49:16.927   Successfully installed the file.
2026-07-10 15:49:16.927   -- File entry --
2026-07-10 15:49:16.927   Dest filename: C:\JL\pi32\libc\clang\4.0.0\include\vadefs.h
2026-07-10 15:49:16.927   Time stamp of our file: 2016-08-08 15:36:38.000
2026-07-10 15:49:16.927   Installing the file.
2026-07-10 15:49:16.928   Successfully installed the file.
2026-07-10 15:49:16.928   -- File entry --
2026-07-10 15:49:16.928   Dest filename: C:\JL\pi32\libc\clang\4.0.0\include\varargs.h
2026-07-10 15:49:16.929   Time stamp of our file: 2016-08-08 15:36:38.000
2026-07-10 15:49:16.929   Installing the file.
2026-07-10 15:49:16.930   Successfully installed the file.
2026-07-10 15:49:16.930   -- File entry --
2026-07-10 15:49:16.930   Dest filename: C:\JL\pi32\libc\clang\4.0.0\include\vecintrin.h
2026-07-10 15:49:16.930   Time stamp of our file: 2016-08-08 15:36:38.000
2026-07-10 15:49:16.930   Installing the file.
2026-07-10 15:49:16.932   Successfully installed the file.
2026-07-10 15:49:16.933   -- File entry --
2026-07-10 15:49:16.933   Dest filename: C:\JL\pi32\libc\clang\4.0.0\include\wmmintrin.h
2026-07-10 15:49:16.933   Time stamp of our file: 2016-08-08 15:36:38.000
2026-07-10 15:49:16.933   Installing the file.
2026-07-10 15:49:16.934   Successfully installed the file.
2026-07-10 15:49:16.934   -- File entry --
2026-07-10 15:49:16.934   Dest filename: C:\JL\pi32\libc\clang\4.0.0\include\x86intrin.h
2026-07-10 15:49:16.934   Time stamp of our file: 2016-08-08 15:36:38.000
2026-07-10 15:49:16.934   Installing the file.
2026-07-10 15:49:16.936   Successfully installed the file.
2026-07-10 15:49:16.936   -- File entry --
2026-07-10 15:49:16.936   Dest filename: C:\JL\pi32\libc\clang\4.0.0\include\xmmintrin.h
2026-07-10 15:49:16.936   Time stamp of our file: 2016-08-08 15:36:38.000
2026-07-10 15:49:16.936   Installing the file.
2026-07-10 15:49:16.937   Successfully installed the file.
2026-07-10 15:49:16.937   -- File entry --
2026-07-10 15:49:16.937   Dest filename: C:\JL\pi32\libc\clang\4.0.0\include\xopintrin.h
2026-07-10 15:49:16.938   Time stamp of our file: 2016-08-08 15:36:38.000
2026-07-10 15:49:16.938   Installing the file.
2026-07-10 15:49:16.939   Successfully installed the file.
2026-07-10 15:49:16.939   -- File entry --
2026-07-10 15:49:16.939   Dest filename: C:\JL\pi32\libc\clang\4.0.0\include\xsavecintrin.h
2026-07-10 15:49:16.939   Time stamp of our file: 2016-08-08 15:36:38.000
2026-07-10 15:49:16.939   Installing the file.
2026-07-10 15:49:16.940   Successfully installed the file.
2026-07-10 15:49:16.940   -- File entry --
2026-07-10 15:49:16.940   Dest filename: C:\JL\pi32\libc\clang\4.0.0\include\xsaveintrin.h
2026-07-10 15:49:16.941   Time stamp of our file: 2016-08-08 15:36:38.000
2026-07-10 15:49:16.941   Installing the file.
2026-07-10 15:49:16.942   Successfully installed the file.
2026-07-10 15:49:16.942   -- File entry --
2026-07-10 15:49:16.942   Dest filename: C:\JL\pi32\libc\clang\4.0.0\include\xsaveoptintrin.h
2026-07-10 15:49:16.943   Time stamp of our file: 2016-08-08 15:36:38.000
2026-07-10 15:49:16.943   Installing the file.
2026-07-10 15:49:16.944   Successfully installed the file.
2026-07-10 15:49:16.944   -- File entry --
2026-07-10 15:49:16.944   Dest filename: C:\JL\pi32\libc\clang\4.0.0\include\xsavesintrin.h
2026-07-10 15:49:16.944   Time stamp of our file: 2016-08-08 15:36:38.000
2026-07-10 15:49:16.944   Installing the file.
2026-07-10 15:49:16.945   Successfully installed the file.
2026-07-10 15:49:16.945   -- File entry --
2026-07-10 15:49:16.945   Dest filename: C:\JL\pi32\libc\clang\4.0.0\include\xtestintrin.h
2026-07-10 15:49:16.945   Time stamp of our file: 2016-08-08 15:36:38.000
2026-07-10 15:49:16.945   Installing the file.
2026-07-10 15:49:16.947   Successfully installed the file.
2026-07-10 15:49:16.947   -- File entry --
2026-07-10 15:49:16.947   Dest filename: C:\JL\pi32\libc\clang\4.0.0\include\__clang_cuda_cmath.h
2026-07-10 15:49:16.947   Time stamp of our file: 2016-08-08 15:36:38.000
2026-07-10 15:49:16.947   Installing the file.
2026-07-10 15:49:16.948   Successfully installed the file.
2026-07-10 15:49:16.948   -- File entry --
2026-07-10 15:49:16.948   Dest filename: C:\JL\pi32\libc\clang\4.0.0\include\__clang_cuda_intrinsics.h
2026-07-10 15:49:16.948   Time stamp of our file: 2016-08-08 15:36:38.000
2026-07-10 15:49:16.948   Installing the file.
2026-07-10 15:49:16.948   Successfully installed the file.
2026-07-10 15:49:16.950   -- File entry --
2026-07-10 15:49:16.950   Dest filename: C:\JL\pi32\libc\clang\4.0.0\include\__clang_cuda_math_forward_declares.h
2026-07-10 15:49:16.950   Time stamp of our file: 2016-08-08 15:36:38.000
2026-07-10 15:49:16.950   Installing the file.
2026-07-10 15:49:16.951   Successfully installed the file.
2026-07-10 15:49:16.951   -- File entry --
2026-07-10 15:49:16.951   Dest filename: C:\JL\pi32\libc\clang\4.0.0\include\__clang_cuda_runtime_wrapper.h
2026-07-10 15:49:16.951   Time stamp of our file: 2016-08-08 15:36:38.000
2026-07-10 15:49:16.951   Installing the file.
2026-07-10 15:49:16.952   Successfully installed the file.
2026-07-10 15:49:16.952   -- File entry --
2026-07-10 15:49:16.952   Dest filename: C:\JL\pi32\libc\clang\4.0.0\include\__stddef_max_align_t.h
2026-07-10 15:49:16.952   Time stamp of our file: 2016-08-08 15:36:38.000
2026-07-10 15:49:16.952   Installing the file.
2026-07-10 15:49:16.954   Successfully installed the file.
2026-07-10 15:49:16.954   -- File entry --
2026-07-10 15:49:16.954   Dest filename: C:\JL\pi32\libc\clang\4.0.0\include\__wmmintrin_aes.h
2026-07-10 15:49:16.954   Time stamp of our file: 2016-08-08 15:36:38.000
2026-07-10 15:49:16.954   Installing the file.
2026-07-10 15:49:16.956   Successfully installed the file.
2026-07-10 15:49:16.956   -- File entry --
2026-07-10 15:49:16.956   Dest filename: C:\JL\pi32\libc\clang\4.0.0\include\__wmmintrin_pclmul.h
2026-07-10 15:49:16.956   Time stamp of our file: 2016-08-08 15:36:38.000
2026-07-10 15:49:16.956   Installing the file.
2026-07-10 15:49:16.957   Successfully installed the file.
2026-07-10 15:49:16.957   -- File entry --
2026-07-10 15:49:16.957   Dest filename: C:\JL\pi32\pi32v2-include\alloca.h
2026-07-10 15:49:16.957   Time stamp of our file: 2021-11-10 17:08:16.000
2026-07-10 15:49:16.957   Installing the file.
2026-07-10 15:49:16.959   Successfully installed the file.
2026-07-10 15:49:16.960   -- File entry --
2026-07-10 15:49:16.960   Dest filename: C:\JL\pi32\pi32v2-include\ar.h
2026-07-10 15:49:16.960   Time stamp of our file: 2021-11-10 17:08:16.000
2026-07-10 15:49:16.960   Installing the file.
2026-07-10 15:49:16.961   Successfully installed the file.
2026-07-10 15:49:16.961   -- File entry --
2026-07-10 15:49:16.961   Dest filename: C:\JL\pi32\pi32v2-include\argz.h
2026-07-10 15:49:16.961   Time stamp of our file: 2021-11-10 17:08:16.000
2026-07-10 15:49:16.961   Installing the file.
2026-07-10 15:49:16.962   Successfully installed the file.
2026-07-10 15:49:16.962   -- File entry --
2026-07-10 15:49:16.963   Dest filename: C:\JL\pi32\pi32v2-include\assert.h
2026-07-10 15:49:16.963   Time stamp of our file: 2021-11-10 17:08:16.000
2026-07-10 15:49:16.963   Installing the file.
2026-07-10 15:49:16.964   Successfully installed the file.
2026-07-10 15:49:16.964   -- File entry --
2026-07-10 15:49:16.964   Dest filename: C:\JL\pi32\pi32v2-include\complex.h
2026-07-10 15:49:16.964   Time stamp of our file: 2021-11-10 17:08:16.000
2026-07-10 15:49:16.964   Installing the file.
2026-07-10 15:49:16.965   Successfully installed the file.
2026-07-10 15:49:16.965   -- File entry --
2026-07-10 15:49:16.965   Dest filename: C:\JL\pi32\pi32v2-include\ctype.h
2026-07-10 15:49:16.966   Time stamp of our file: 2021-11-10 17:08:16.000
2026-07-10 15:49:16.966   Installing the file.
2026-07-10 15:49:16.967   Successfully installed the file.
2026-07-10 15:49:16.967   -- File entry --
2026-07-10 15:49:16.967   Dest filename: C:\JL\pi32\pi32v2-include\dirent.h
2026-07-10 15:49:16.967   Time stamp of our file: 2021-11-10 17:08:16.000
2026-07-10 15:49:16.967   Installing the file.
2026-07-10 15:49:16.968   Successfully installed the file.
2026-07-10 15:49:16.968   -- File entry --
2026-07-10 15:49:16.968   Dest filename: C:\JL\pi32\pi32v2-include\envlock.h
2026-07-10 15:49:16.968   Time stamp of our file: 2021-11-10 17:08:16.000
2026-07-10 15:49:16.968   Installing the file.
2026-07-10 15:49:16.969   Successfully installed the file.
2026-07-10 15:49:16.969   -- File entry --
2026-07-10 15:49:16.969   Dest filename: C:\JL\pi32\pi32v2-include\envz.h
2026-07-10 15:49:16.970   Time stamp of our file: 2021-11-10 17:08:16.000
2026-07-10 15:49:16.970   Installing the file.
2026-07-10 15:49:16.971   Successfully installed the file.
2026-07-10 15:49:16.971   -- File entry --
2026-07-10 15:49:16.971   Dest filename: C:\JL\pi32\pi32v2-include\errno.h
2026-07-10 15:49:16.971   Time stamp of our file: 2021-11-10 17:08:16.000
2026-07-10 15:49:16.971   Installing the file.
2026-07-10 15:49:16.973   Successfully installed the file.
2026-07-10 15:49:16.973   -- File entry --
2026-07-10 15:49:16.973   Dest filename: C:\JL\pi32\pi32v2-include\fastmath.h
2026-07-10 15:49:16.973   Time stamp of our file: 2021-11-10 17:08:16.000
2026-07-10 15:49:16.973   Installing the file.
2026-07-10 15:49:16.974   Successfully installed the file.
2026-07-10 15:49:16.974   -- File entry --
2026-07-10 15:49:16.974   Dest filename: C:\JL\pi32\pi32v2-include\fcntl.h
2026-07-10 15:49:16.975   Time stamp of our file: 2021-11-10 17:08:16.000
2026-07-10 15:49:16.975   Installing the file.
2026-07-10 15:49:16.976   Successfully installed the file.
2026-07-10 15:49:16.976   -- File entry --
2026-07-10 15:49:16.976   Dest filename: C:\JL\pi32\pi32v2-include\fnmatch.h
2026-07-10 15:49:16.976   Time stamp of our file: 2021-11-10 17:08:16.000
2026-07-10 15:49:16.976   Installing the file.
2026-07-10 15:49:16.978   Successfully installed the file.
2026-07-10 15:49:16.978   -- File entry --
2026-07-10 15:49:16.978   Dest filename: C:\JL\pi32\pi32v2-include\getopt.h
2026-07-10 15:49:16.978   Time stamp of our file: 2021-11-10 17:08:16.000
2026-07-10 15:49:16.978   Installing the file.
2026-07-10 15:49:16.980   Successfully installed the file.
2026-07-10 15:49:16.980   -- File entry --
2026-07-10 15:49:16.980   Dest filename: C:\JL\pi32\pi32v2-include\glob.h
2026-07-10 15:49:16.980   Time stamp of our file: 2021-11-10 17:08:16.000
2026-07-10 15:49:16.980   Installing the file.
2026-07-10 15:49:16.980   Successfully installed the file.
2026-07-10 15:49:16.980   -- File entry --
2026-07-10 15:49:16.980   Dest filename: C:\JL\pi32\pi32v2-include\grp.h
2026-07-10 15:49:16.982   Time stamp of our file: 2021-11-10 17:08:16.000
2026-07-10 15:49:16.982   Installing the file.
2026-07-10 15:49:16.982   Successfully installed the file.
2026-07-10 15:49:16.982   -- File entry --
2026-07-10 15:49:16.982   Dest filename: C:\JL\pi32\pi32v2-include\iconv.h
2026-07-10 15:49:16.983   Time stamp of our file: 2021-11-10 17:08:16.000
2026-07-10 15:49:16.983   Installing the file.
2026-07-10 15:49:16.984   Successfully installed the file.
2026-07-10 15:49:16.984   -- File entry --
2026-07-10 15:49:16.984   Dest filename: C:\JL\pi32\pi32v2-include\ieeefp.h
2026-07-10 15:49:16.984   Time stamp of our file: 2021-11-10 17:08:16.000
2026-07-10 15:49:16.984   Installing the file.
2026-07-10 15:49:16.985   Successfully installed the file.
2026-07-10 15:49:16.985   -- File entry --
2026-07-10 15:49:16.985   Dest filename: C:\JL\pi32\pi32v2-include\inttypes.h
2026-07-10 15:49:16.985   Time stamp of our file: 2021-11-10 17:08:16.000
2026-07-10 15:49:16.985   Installing the file.
2026-07-10 15:49:16.986   Successfully installed the file.
2026-07-10 15:49:16.986   -- File entry --
2026-07-10 15:49:16.986   Dest filename: C:\JL\pi32\pi32v2-include\langinfo.h
2026-07-10 15:49:16.987   Time stamp of our file: 2021-11-10 17:08:16.000
2026-07-10 15:49:16.987   Installing the file.
2026-07-10 15:49:16.988   Successfully installed the file.
2026-07-10 15:49:16.988   -- File entry --
2026-07-10 15:49:16.988   Dest filename: C:\JL\pi32\pi32v2-include\libgen.h
2026-07-10 15:49:16.988   Time stamp of our file: 2021-11-10 17:08:16.000
2026-07-10 15:49:16.988   Installing the file.
2026-07-10 15:49:16.991   Successfully installed the file.
2026-07-10 15:49:16.991   -- File entry --
2026-07-10 15:49:16.991   Dest filename: C:\JL\pi32\pi32v2-include\limits.h
2026-07-10 15:49:16.991   Time stamp of our file: 2021-11-10 17:08:16.000
2026-07-10 15:49:16.991   Installing the file.
2026-07-10 15:49:16.993   Successfully installed the file.
2026-07-10 15:49:16.993   -- File entry --
2026-07-10 15:49:16.993   Dest filename: C:\JL\pi32\pi32v2-include\locale.h
2026-07-10 15:49:16.994   Time stamp of our file: 2021-11-10 17:08:16.000
2026-07-10 15:49:16.994   Installing the file.
2026-07-10 15:49:16.995   Successfully installed the file.
2026-07-10 15:49:16.996   -- File entry --
2026-07-10 15:49:16.996   Dest filename: C:\JL\pi32\pi32v2-include\malloc.h
2026-07-10 15:49:16.996   Time stamp of our file: 2021-11-10 17:08:16.000
2026-07-10 15:49:16.996   Installing the file.
2026-07-10 15:49:16.997   Successfully installed the file.
2026-07-10 15:49:16.998   -- File entry --
2026-07-10 15:49:16.998   Dest filename: C:\JL\pi32\pi32v2-include\math.h
2026-07-10 15:49:16.998   Time stamp of our file: 2021-11-10 17:08:16.000
2026-07-10 15:49:16.998   Installing the file.
2026-07-10 15:49:17.000   Successfully installed the file.
2026-07-10 15:49:17.000   -- File entry --
2026-07-10 15:49:17.000   Dest filename: C:\JL\pi32\pi32v2-include\newlib.h
2026-07-10 15:49:17.000   Time stamp of our file: 2021-11-10 17:08:16.000
2026-07-10 15:49:17.000   Installing the file.
2026-07-10 15:49:17.002   Successfully installed the file.
2026-07-10 15:49:17.002   -- File entry --
2026-07-10 15:49:17.002   Dest filename: C:\JL\pi32\pi32v2-include\paths.h
2026-07-10 15:49:17.002   Time stamp of our file: 2021-11-10 17:08:16.000
2026-07-10 15:49:17.002   Installing the file.
2026-07-10 15:49:17.004   Successfully installed the file.
2026-07-10 15:49:17.004   -- File entry --
2026-07-10 15:49:17.004   Dest filename: C:\JL\pi32\pi32v2-include\pthread.h
2026-07-10 15:49:17.004   Time stamp of our file: 2021-11-10 17:08:16.000
2026-07-10 15:49:17.004   Installing the file.
2026-07-10 15:49:17.005   Successfully installed the file.
2026-07-10 15:49:17.005   -- File entry --
2026-07-10 15:49:17.005   Dest filename: C:\JL\pi32\pi32v2-include\pwd.h
2026-07-10 15:49:17.005   Time stamp of our file: 2021-11-10 17:08:16.000
2026-07-10 15:49:17.005   Installing the file.
2026-07-10 15:49:17.007   Successfully installed the file.
2026-07-10 15:49:17.007   -- File entry --
2026-07-10 15:49:17.007   Dest filename: C:\JL\pi32\pi32v2-include\reent.h
2026-07-10 15:49:17.007   Time stamp of our file: 2021-11-10 17:08:16.000
2026-07-10 15:49:17.007   Installing the file.
2026-07-10 15:49:17.009   Successfully installed the file.
2026-07-10 15:49:17.009   -- File entry --
2026-07-10 15:49:17.009   Dest filename: C:\JL\pi32\pi32v2-include\regdef.h
2026-07-10 15:49:17.009   Time stamp of our file: 2021-11-10 17:08:16.000
2026-07-10 15:49:17.009   Installing the file.
2026-07-10 15:49:17.011   Successfully installed the file.
2026-07-10 15:49:17.011   -- File entry --
2026-07-10 15:49:17.011   Dest filename: C:\JL\pi32\pi32v2-include\regex.h
2026-07-10 15:49:17.011   Time stamp of our file: 2021-11-10 17:08:16.000
2026-07-10 15:49:17.011   Installing the file.
2026-07-10 15:49:17.012   Successfully installed the file.
2026-07-10 15:49:17.012   -- File entry --
2026-07-10 15:49:17.012   Dest filename: C:\JL\pi32\pi32v2-include\sched.h
2026-07-10 15:49:17.012   Time stamp of our file: 2021-11-10 17:08:16.000
2026-07-10 15:49:17.012   Installing the file.
2026-07-10 15:49:17.014   Successfully installed the file.
2026-07-10 15:49:17.014   -- File entry --
2026-07-10 15:49:17.014   Dest filename: C:\JL\pi32\pi32v2-include\search.h
2026-07-10 15:49:17.014   Time stamp of our file: 2021-11-10 17:08:16.000
2026-07-10 15:49:17.014   Installing the file.
2026-07-10 15:49:17.015   Successfully installed the file.
2026-07-10 15:49:17.015   -- File entry --
2026-07-10 15:49:17.015   Dest filename: C:\JL\pi32\pi32v2-include\setjmp.h
2026-07-10 15:49:17.015   Time stamp of our file: 2021-11-10 17:08:16.000
2026-07-10 15:49:17.016   Installing the file.
2026-07-10 15:49:17.016   Successfully installed the file.
2026-07-10 15:49:17.016   -- File entry --
2026-07-10 15:49:17.016   Dest filename: C:\JL\pi32\pi32v2-include\signal.h
2026-07-10 15:49:17.018   Time stamp of our file: 2021-11-10 17:08:16.000
2026-07-10 15:49:17.018   Installing the file.
2026-07-10 15:49:17.019   Successfully installed the file.
2026-07-10 15:49:17.019   -- File entry --
2026-07-10 15:49:17.019   Dest filename: C:\JL\pi32\pi32v2-include\spawn.h
2026-07-10 15:49:17.019   Time stamp of our file: 2021-11-10 17:08:16.000
2026-07-10 15:49:17.019   Installing the file.
2026-07-10 15:49:17.022   Successfully installed the file.
2026-07-10 15:49:17.022   -- File entry --
2026-07-10 15:49:17.022   Dest filename: C:\JL\pi32\pi32v2-include\stdatomic.h
2026-07-10 15:49:17.022   Time stamp of our file: 2021-11-10 17:08:16.000
2026-07-10 15:49:17.022   Installing the file.
2026-07-10 15:49:17.023   Successfully installed the file.
2026-07-10 15:49:17.023   -- File entry --
2026-07-10 15:49:17.024   Dest filename: C:\JL\pi32\pi32v2-include\stdint.h
2026-07-10 15:49:17.024   Time stamp of our file: 2021-11-10 17:08:16.000
2026-07-10 15:49:17.024   Installing the file.
2026-07-10 15:49:17.025   Successfully installed the file.
2026-07-10 15:49:17.025   -- File entry --
2026-07-10 15:49:17.025   Dest filename: C:\JL\pi32\pi32v2-include\stdio.h
2026-07-10 15:49:17.025   Time stamp of our file: 2021-11-10 17:08:16.000
2026-07-10 15:49:17.025   Installing the file.
2026-07-10 15:49:17.027   Successfully installed the file.
2026-07-10 15:49:17.027   -- File entry --
2026-07-10 15:49:17.027   Dest filename: C:\JL\pi32\pi32v2-include\stdio_ext.h
2026-07-10 15:49:17.027   Time stamp of our file: 2021-11-10 17:08:16.000
2026-07-10 15:49:17.027   Installing the file.
2026-07-10 15:49:17.029   Successfully installed the file.
2026-07-10 15:49:17.029   -- File entry --
2026-07-10 15:49:17.029   Dest filename: C:\JL\pi32\pi32v2-include\stdlib.h
2026-07-10 15:49:17.029   Time stamp of our file: 2021-11-10 17:08:16.000
2026-07-10 15:49:17.029   Installing the file.
2026-07-10 15:49:17.030   Successfully installed the file.
2026-07-10 15:49:17.030   -- File entry --
2026-07-10 15:49:17.031   Dest filename: C:\JL\pi32\pi32v2-include\string.h
2026-07-10 15:49:17.031   Time stamp of our file: 2021-11-10 17:08:16.000
2026-07-10 15:49:17.031   Installing the file.
2026-07-10 15:49:17.032   Successfully installed the file.
2026-07-10 15:49:17.032   -- File entry --
2026-07-10 15:49:17.032   Dest filename: C:\JL\pi32\pi32v2-include\strings.h
2026-07-10 15:49:17.032   Time stamp of our file: 2021-11-10 17:08:16.000
2026-07-10 15:49:17.032   Installing the file.
2026-07-10 15:49:17.033   Successfully installed the file.
2026-07-10 15:49:17.033   -- File entry --
2026-07-10 15:49:17.033   Dest filename: C:\JL\pi32\pi32v2-include\tar.h
2026-07-10 15:49:17.033   Time stamp of our file: 2021-11-10 17:08:16.000
2026-07-10 15:49:17.033   Installing the file.
2026-07-10 15:49:17.034   Successfully installed the file.
2026-07-10 15:49:17.035   -- File entry --
2026-07-10 15:49:17.035   Dest filename: C:\JL\pi32\pi32v2-include\termios.h
2026-07-10 15:49:17.035   Time stamp of our file: 2021-11-10 17:08:16.000
2026-07-10 15:49:17.035   Installing the file.
2026-07-10 15:49:17.036   Successfully installed the file.
2026-07-10 15:49:17.036   -- File entry --
2026-07-10 15:49:17.036   Dest filename: C:\JL\pi32\pi32v2-include\tgmath.h
2026-07-10 15:49:17.037   Time stamp of our file: 2021-11-10 17:08:16.000
2026-07-10 15:49:17.037   Installing the file.
2026-07-10 15:49:17.038   Successfully installed the file.
2026-07-10 15:49:17.038   -- File entry --
2026-07-10 15:49:17.038   Dest filename: C:\JL\pi32\pi32v2-include\time.h
2026-07-10 15:49:17.038   Time stamp of our file: 2021-11-10 17:08:16.000
2026-07-10 15:49:17.038   Installing the file.
2026-07-10 15:49:17.040   Successfully installed the file.
2026-07-10 15:49:17.040   -- File entry --
2026-07-10 15:49:17.040   Dest filename: C:\JL\pi32\pi32v2-include\unctrl.h
2026-07-10 15:49:17.040   Time stamp of our file: 2021-11-10 17:08:16.000
2026-07-10 15:49:17.040   Installing the file.
2026-07-10 15:49:17.042   Successfully installed the file.
2026-07-10 15:49:17.042   -- File entry --
2026-07-10 15:49:17.042   Dest filename: C:\JL\pi32\pi32v2-include\unistd.h
2026-07-10 15:49:17.042   Time stamp of our file: 2021-11-10 17:08:16.000
2026-07-10 15:49:17.042   Installing the file.
2026-07-10 15:49:17.044   Successfully installed the file.
2026-07-10 15:49:17.044   -- File entry --
2026-07-10 15:49:17.044   Dest filename: C:\JL\pi32\pi32v2-include\utime.h
2026-07-10 15:49:17.044   Time stamp of our file: 2021-11-10 17:08:16.000
2026-07-10 15:49:17.044   Installing the file.
2026-07-10 15:49:17.045   Successfully installed the file.
2026-07-10 15:49:17.045   -- File entry --
2026-07-10 15:49:17.045   Dest filename: C:\JL\pi32\pi32v2-include\utmp.h
2026-07-10 15:49:17.045   Time stamp of our file: 2021-11-10 17:08:16.000
2026-07-10 15:49:17.045   Installing the file.
2026-07-10 15:49:17.047   Successfully installed the file.
2026-07-10 15:49:17.047   -- File entry --
2026-07-10 15:49:17.047   Dest filename: C:\JL\pi32\pi32v2-include\wchar.h
2026-07-10 15:49:17.048   Time stamp of our file: 2021-11-10 17:08:16.000
2026-07-10 15:49:17.048   Installing the file.
2026-07-10 15:49:17.050   Successfully installed the file.
2026-07-10 15:49:17.050   -- File entry --
2026-07-10 15:49:17.050   Dest filename: C:\JL\pi32\pi32v2-include\wctype.h
2026-07-10 15:49:17.050   Time stamp of our file: 2021-11-10 17:08:16.000
2026-07-10 15:49:17.050   Installing the file.
2026-07-10 15:49:17.051   Successfully installed the file.
2026-07-10 15:49:17.051   -- File entry --
2026-07-10 15:49:17.051   Dest filename: C:\JL\pi32\pi32v2-include\wordexp.h
2026-07-10 15:49:17.052   Time stamp of our file: 2021-11-10 17:08:16.000
2026-07-10 15:49:17.052   Installing the file.
2026-07-10 15:49:17.053   Successfully installed the file.
2026-07-10 15:49:17.053   -- File entry --
2026-07-10 15:49:17.053   Dest filename: C:\JL\pi32\pi32v2-include\_ansi.h
2026-07-10 15:49:17.053   Time stamp of our file: 2021-11-10 17:08:16.000
2026-07-10 15:49:17.053   Installing the file.
2026-07-10 15:49:17.055   Successfully installed the file.
2026-07-10 15:49:17.055   -- File entry --
2026-07-10 15:49:17.055   Dest filename: C:\JL\pi32\pi32v2-include\_syslist.h
2026-07-10 15:49:17.055   Time stamp of our file: 2021-11-10 17:08:16.000
2026-07-10 15:49:17.055   Installing the file.
2026-07-10 15:49:17.056   Successfully installed the file.
2026-07-10 15:49:17.056   -- File entry --
2026-07-10 15:49:17.056   Dest filename: C:\JL\pi32\pi32v2-include\machine\ansi.h
2026-07-10 15:49:17.057   Time stamp of our file: 2021-11-10 17:08:16.000
2026-07-10 15:49:17.057   Installing the file.
2026-07-10 15:49:17.057   Creating directory: C:\JL\pi32\pi32v2-include\machine
2026-07-10 15:49:17.058   Successfully installed the file.
2026-07-10 15:49:17.058   -- File entry --
2026-07-10 15:49:17.058   Dest filename: C:\JL\pi32\pi32v2-include\machine\endian.h
2026-07-10 15:49:17.058   Time stamp of our file: 2021-11-10 17:08:16.000
2026-07-10 15:49:17.058   Installing the file.
2026-07-10 15:49:17.059   Successfully installed the file.
2026-07-10 15:49:17.060   -- File entry --
2026-07-10 15:49:17.060   Dest filename: C:\JL\pi32\pi32v2-include\machine\fastmath.h
2026-07-10 15:49:17.060   Time stamp of our file: 2021-11-10 17:08:16.000
2026-07-10 15:49:17.060   Installing the file.
2026-07-10 15:49:17.061   Successfully installed the file.
2026-07-10 15:49:17.061   -- File entry --
2026-07-10 15:49:17.061   Dest filename: C:\JL\pi32\pi32v2-include\machine\ieeefp.h
2026-07-10 15:49:17.062   Time stamp of our file: 2021-11-10 17:08:16.000
2026-07-10 15:49:17.062   Installing the file.
2026-07-10 15:49:17.063   Successfully installed the file.
2026-07-10 15:49:17.063   -- File entry --
2026-07-10 15:49:17.063   Dest filename: C:\JL\pi32\pi32v2-include\machine\malloc.h
2026-07-10 15:49:17.063   Time stamp of our file: 2021-11-10 17:08:16.000
2026-07-10 15:49:17.063   Installing the file.
2026-07-10 15:49:17.064   Successfully installed the file.
2026-07-10 15:49:17.064   -- File entry --
2026-07-10 15:49:17.064   Dest filename: C:\JL\pi32\pi32v2-include\machine\param.h
2026-07-10 15:49:17.065   Time stamp of our file: 2021-11-10 17:08:16.000
2026-07-10 15:49:17.065   Installing the file.
2026-07-10 15:49:17.065   Successfully installed the file.
2026-07-10 15:49:17.066   -- File entry --
2026-07-10 15:49:17.066   Dest filename: C:\JL\pi32\pi32v2-include\machine\setjmp-dj.h
2026-07-10 15:49:17.066   Time stamp of our file: 2021-11-10 17:08:16.000
2026-07-10 15:49:17.066   Installing the file.
2026-07-10 15:49:17.067   Successfully installed the file.
2026-07-10 15:49:17.067   -- File entry --
2026-07-10 15:49:17.067   Dest filename: C:\JL\pi32\pi32v2-include\machine\setjmp.h
2026-07-10 15:49:17.067   Time stamp of our file: 2021-11-10 17:08:16.000
2026-07-10 15:49:17.067   Installing the file.
2026-07-10 15:49:17.069   Successfully installed the file.
2026-07-10 15:49:17.069   -- File entry --
2026-07-10 15:49:17.069   Dest filename: C:\JL\pi32\pi32v2-include\machine\stdlib.h
2026-07-10 15:49:17.069   Time stamp of our file: 2021-11-10 17:08:16.000
2026-07-10 15:49:17.069   Installing the file.
2026-07-10 15:49:17.071   Successfully installed the file.
2026-07-10 15:49:17.071   -- File entry --
2026-07-10 15:49:17.071   Dest filename: C:\JL\pi32\pi32v2-include\machine\termios.h
2026-07-10 15:49:17.071   Time stamp of our file: 2021-11-10 17:08:16.000
2026-07-10 15:49:17.071   Installing the file.
2026-07-10 15:49:17.072   Successfully installed the file.
2026-07-10 15:49:17.072   -- File entry --
2026-07-10 15:49:17.072   Dest filename: C:\JL\pi32\pi32v2-include\machine\time.h
2026-07-10 15:49:17.072   Time stamp of our file: 2021-11-10 17:08:16.000
2026-07-10 15:49:17.072   Installing the file.
2026-07-10 15:49:17.074   Successfully installed the file.
2026-07-10 15:49:17.074   -- File entry --
2026-07-10 15:49:17.074   Dest filename: C:\JL\pi32\pi32v2-include\machine\types.h
2026-07-10 15:49:17.074   Time stamp of our file: 2021-11-10 17:08:16.000
2026-07-10 15:49:17.074   Installing the file.
2026-07-10 15:49:17.076   Successfully installed the file.
2026-07-10 15:49:17.076   -- File entry --
2026-07-10 15:49:17.076   Dest filename: C:\JL\pi32\pi32v2-include\machine\_default_types.h
2026-07-10 15:49:17.077   Time stamp of our file: 2021-11-10 17:08:16.000
2026-07-10 15:49:17.077   Installing the file.
2026-07-10 15:49:17.078   Successfully installed the file.
2026-07-10 15:49:17.078   -- File entry --
2026-07-10 15:49:17.078   Dest filename: C:\JL\pi32\pi32v2-include\machine\_types.h
2026-07-10 15:49:17.078   Time stamp of our file: 2021-11-10 17:08:16.000
2026-07-10 15:49:17.078   Installing the file.
2026-07-10 15:49:17.079   Successfully installed the file.
2026-07-10 15:49:17.079   -- File entry --
2026-07-10 15:49:17.079   Dest filename: C:\JL\pi32\pi32v2-include\sys\cdefs.h
2026-07-10 15:49:17.080   Time stamp of our file: 2021-11-10 17:08:16.000
2026-07-10 15:49:17.080   Installing the file.
2026-07-10 15:49:17.080   Creating directory: C:\JL\pi32\pi32v2-include\sys
2026-07-10 15:49:17.082   Successfully installed the file.
2026-07-10 15:49:17.082   -- File entry --
2026-07-10 15:49:17.082   Dest filename: C:\JL\pi32\pi32v2-include\sys\config.h
2026-07-10 15:49:17.082   Time stamp of our file: 2021-11-10 17:08:16.000
2026-07-10 15:49:17.082   Installing the file.
2026-07-10 15:49:17.083   Successfully installed the file.
2026-07-10 15:49:17.083   -- File entry --
2026-07-10 15:49:17.083   Dest filename: C:\JL\pi32\pi32v2-include\sys\custom_file.h
2026-07-10 15:49:17.083   Time stamp of our file: 2021-11-10 17:08:16.000
2026-07-10 15:49:17.083   Installing the file.
2026-07-10 15:49:17.084   Successfully installed the file.
2026-07-10 15:49:17.084   -- File entry --
2026-07-10 15:49:17.084   Dest filename: C:\JL\pi32\pi32v2-include\sys\dir.h
2026-07-10 15:49:17.085   Time stamp of our file: 2021-11-10 17:08:16.000
2026-07-10 15:49:17.085   Installing the file.
2026-07-10 15:49:17.086   Successfully installed the file.
2026-07-10 15:49:17.086   -- File entry --
2026-07-10 15:49:17.086   Dest filename: C:\JL\pi32\pi32v2-include\sys\dirent.h
2026-07-10 15:49:17.086   Time stamp of our file: 2021-11-10 17:08:16.000
2026-07-10 15:49:17.086   Installing the file.
2026-07-10 15:49:17.087   Successfully installed the file.
2026-07-10 15:49:17.087   -- File entry --
2026-07-10 15:49:17.087   Dest filename: C:\JL\pi32\pi32v2-include\sys\errno.h
2026-07-10 15:49:17.087   Time stamp of our file: 2021-11-10 17:08:16.000
2026-07-10 15:49:17.087   Installing the file.
2026-07-10 15:49:17.089   Successfully installed the file.
2026-07-10 15:49:17.089   -- File entry --
2026-07-10 15:49:17.089   Dest filename: C:\JL\pi32\pi32v2-include\sys\fcntl.h
2026-07-10 15:49:17.089   Time stamp of our file: 2021-11-10 17:08:16.000
2026-07-10 15:49:17.089   Installing the file.
2026-07-10 15:49:17.090   Successfully installed the file.
2026-07-10 15:49:17.090   -- File entry --
2026-07-10 15:49:17.090   Dest filename: C:\JL\pi32\pi32v2-include\sys\features.h
2026-07-10 15:49:17.091   Time stamp of our file: 2021-11-10 17:08:16.000
2026-07-10 15:49:17.091   Installing the file.
2026-07-10 15:49:17.092   Successfully installed the file.
2026-07-10 15:49:17.092   -- File entry --
2026-07-10 15:49:17.092   Dest filename: C:\JL\pi32\pi32v2-include\sys\file.h
2026-07-10 15:49:17.092   Time stamp of our file: 2021-11-10 17:08:16.000
2026-07-10 15:49:17.092   Installing the file.
2026-07-10 15:49:17.094   Successfully installed the file.
2026-07-10 15:49:17.094   -- File entry --
2026-07-10 15:49:17.094   Dest filename: C:\JL\pi32\pi32v2-include\sys\iconvnls.h
2026-07-10 15:49:17.094   Time stamp of our file: 2021-11-10 17:08:16.000
2026-07-10 15:49:17.094   Installing the file.
2026-07-10 15:49:17.095   Successfully installed the file.
2026-07-10 15:49:17.095   -- File entry --
2026-07-10 15:49:17.095   Dest filename: C:\JL\pi32\pi32v2-include\sys\lock.h
2026-07-10 15:49:17.097   Time stamp of our file: 2021-11-10 17:08:16.000
2026-07-10 15:49:17.097   Installing the file.
2026-07-10 15:49:17.098   Successfully installed the file.
2026-07-10 15:49:17.098   -- File entry --
2026-07-10 15:49:17.098   Dest filename: C:\JL\pi32\pi32v2-include\sys\param.h
2026-07-10 15:49:17.098   Time stamp of our file: 2021-11-10 17:08:16.000
2026-07-10 15:49:17.098   Installing the file.
2026-07-10 15:49:17.099   Successfully installed the file.
2026-07-10 15:49:17.099   -- File entry --
2026-07-10 15:49:17.099   Dest filename: C:\JL\pi32\pi32v2-include\sys\queue.h
2026-07-10 15:49:17.100   Time stamp of our file: 2021-11-10 17:08:16.000
2026-07-10 15:49:17.100   Installing the file.
2026-07-10 15:49:17.101   Successfully installed the file.
2026-07-10 15:49:17.101   -- File entry --
2026-07-10 15:49:17.101   Dest filename: C:\JL\pi32\pi32v2-include\sys\reent.h
2026-07-10 15:49:17.101   Time stamp of our file: 2021-11-10 17:08:16.000
2026-07-10 15:49:17.101   Installing the file.
2026-07-10 15:49:17.103   Successfully installed the file.
2026-07-10 15:49:17.103   -- File entry --
2026-07-10 15:49:17.103   Dest filename: C:\JL\pi32\pi32v2-include\sys\resource.h
2026-07-10 15:49:17.103   Time stamp of our file: 2021-11-10 17:08:16.000
2026-07-10 15:49:17.103   Installing the file.
2026-07-10 15:49:17.104   Successfully installed the file.
2026-07-10 15:49:17.105   -- File entry --
2026-07-10 15:49:17.105   Dest filename: C:\JL\pi32\pi32v2-include\sys\sched.h
2026-07-10 15:49:17.105   Time stamp of our file: 2021-11-10 17:08:16.000
2026-07-10 15:49:17.105   Installing the file.
2026-07-10 15:49:17.107   Successfully installed the file.
2026-07-10 15:49:17.107   -- File entry --
2026-07-10 15:49:17.107   Dest filename: C:\JL\pi32\pi32v2-include\sys\signal.h
2026-07-10 15:49:17.107   Time stamp of our file: 2021-11-10 17:08:16.000
2026-07-10 15:49:17.107   Installing the file.
2026-07-10 15:49:17.108   Successfully installed the file.
2026-07-10 15:49:17.108   -- File entry --
2026-07-10 15:49:17.108   Dest filename: C:\JL\pi32\pi32v2-include\sys\stat.h
2026-07-10 15:49:17.108   Time stamp of our file: 2021-11-10 17:08:16.000
2026-07-10 15:49:17.108   Installing the file.
2026-07-10 15:49:17.110   Successfully installed the file.
2026-07-10 15:49:17.110   -- File entry --
2026-07-10 15:49:17.110   Dest filename: C:\JL\pi32\pi32v2-include\sys\stdio.h
2026-07-10 15:49:17.110   Time stamp of our file: 2021-11-10 17:08:16.000
2026-07-10 15:49:17.110   Installing the file.
2026-07-10 15:49:17.112   Successfully installed the file.
2026-07-10 15:49:17.112   -- File entry --
2026-07-10 15:49:17.112   Dest filename: C:\JL\pi32\pi32v2-include\sys\string.h
2026-07-10 15:49:17.112   Time stamp of our file: 2021-11-10 17:08:16.000
2026-07-10 15:49:17.112   Installing the file.
2026-07-10 15:49:17.113   Successfully installed the file.
2026-07-10 15:49:17.113   -- File entry --
2026-07-10 15:49:17.113   Dest filename: C:\JL\pi32\pi32v2-include\sys\syslimits.h
2026-07-10 15:49:17.114   Time stamp of our file: 2021-11-10 17:08:16.000
2026-07-10 15:49:17.114   Installing the file.
2026-07-10 15:49:17.115   Successfully installed the file.
2026-07-10 15:49:17.115   -- File entry --
2026-07-10 15:49:17.115   Dest filename: C:\JL\pi32\pi32v2-include\sys\time.h
2026-07-10 15:49:17.116   Time stamp of our file: 2021-11-10 17:08:16.000
2026-07-10 15:49:17.116   Installing the file.
2026-07-10 15:49:17.116   Successfully installed the file.
2026-07-10 15:49:17.116   -- File entry --
2026-07-10 15:49:17.116   Dest filename: C:\JL\pi32\pi32v2-include\sys\timeb.h
2026-07-10 15:49:17.116   Time stamp of our file: 2021-11-10 17:08:16.000
2026-07-10 15:49:17.116   Installing the file.
2026-07-10 15:49:17.118   Successfully installed the file.
2026-07-10 15:49:17.118   -- File entry --
2026-07-10 15:49:17.118   Dest filename: C:\JL\pi32\pi32v2-include\sys\times.h
2026-07-10 15:49:17.119   Time stamp of our file: 2021-11-10 17:08:16.000
2026-07-10 15:49:17.119   Installing the file.
2026-07-10 15:49:17.120   Successfully installed the file.
2026-07-10 15:49:17.120   -- File entry --
2026-07-10 15:49:17.120   Dest filename: C:\JL\pi32\pi32v2-include\sys\timespec.h
2026-07-10 15:49:17.120   Time stamp of our file: 2021-11-10 17:08:16.000
2026-07-10 15:49:17.120   Installing the file.
2026-07-10 15:49:17.122   Successfully installed the file.
2026-07-10 15:49:17.122   -- File entry --
2026-07-10 15:49:17.122   Dest filename: C:\JL\pi32\pi32v2-include\sys\tree.h
2026-07-10 15:49:17.122   Time stamp of our file: 2021-11-10 17:08:16.000
2026-07-10 15:49:17.122   Installing the file.
2026-07-10 15:49:17.123   Successfully installed the file.
2026-07-10 15:49:17.123   -- File entry --
2026-07-10 15:49:17.123   Dest filename: C:\JL\pi32\pi32v2-include\sys\types.h
2026-07-10 15:49:17.124   Time stamp of our file: 2021-11-10 17:08:16.000
2026-07-10 15:49:17.124   Installing the file.
2026-07-10 15:49:17.126   Successfully installed the file.
2026-07-10 15:49:17.126   -- File entry --
2026-07-10 15:49:17.126   Dest filename: C:\JL\pi32\pi32v2-include\sys\unistd.h
2026-07-10 15:49:17.126   Time stamp of our file: 2021-11-10 17:08:16.000
2026-07-10 15:49:17.126   Installing the file.
2026-07-10 15:49:17.126   Successfully installed the file.
2026-07-10 15:49:17.128   -- File entry --
2026-07-10 15:49:17.128   Dest filename: C:\JL\pi32\pi32v2-include\sys\utime.h
2026-07-10 15:49:17.128   Time stamp of our file: 2021-11-10 17:08:16.000
2026-07-10 15:49:17.128   Installing the file.
2026-07-10 15:49:17.129   Successfully installed the file.
2026-07-10 15:49:17.129   -- File entry --
2026-07-10 15:49:17.129   Dest filename: C:\JL\pi32\pi32v2-include\sys\wait.h
2026-07-10 15:49:17.129   Time stamp of our file: 2021-11-10 17:08:16.000
2026-07-10 15:49:17.129   Installing the file.
2026-07-10 15:49:17.131   Successfully installed the file.
2026-07-10 15:49:17.131   -- File entry --
2026-07-10 15:49:17.131   Dest filename: C:\JL\pi32\pi32v2-include\sys\_default_fcntl.h
2026-07-10 15:49:17.131   Time stamp of our file: 2021-11-10 17:08:16.000
2026-07-10 15:49:17.131   Installing the file.
2026-07-10 15:49:17.132   Successfully installed the file.
2026-07-10 15:49:17.132   -- File entry --
2026-07-10 15:49:17.132   Dest filename: C:\JL\pi32\pi32v2-include\sys\_intsup.h
2026-07-10 15:49:17.132   Time stamp of our file: 2021-11-10 17:08:16.000
2026-07-10 15:49:17.132   Installing the file.
2026-07-10 15:49:17.133   Successfully installed the file.
2026-07-10 15:49:17.133   -- File entry --
2026-07-10 15:49:17.133   Dest filename: C:\JL\pi32\pi32v2-include\sys\_stdint.h
2026-07-10 15:49:17.134   Time stamp of our file: 2021-11-10 17:08:16.000
2026-07-10 15:49:17.134   Installing the file.
2026-07-10 15:49:17.134   Successfully installed the file.
2026-07-10 15:49:17.134   -- File entry --
2026-07-10 15:49:17.134   Dest filename: C:\JL\pi32\pi32v2-include\sys\_timespec.h
2026-07-10 15:49:17.136   Time stamp of our file: 2021-11-10 17:08:16.000
2026-07-10 15:49:17.136   Installing the file.
2026-07-10 15:49:17.137   Successfully installed the file.
2026-07-10 15:49:17.137   -- File entry --
2026-07-10 15:49:17.137   Dest filename: C:\JL\pi32\pi32v2-include\sys\_timeval.h
2026-07-10 15:49:17.137   Time stamp of our file: 2021-11-10 17:08:16.000
2026-07-10 15:49:17.137   Installing the file.
2026-07-10 15:49:17.138   Successfully installed the file.
2026-07-10 15:49:17.138   -- File entry --
2026-07-10 15:49:17.138   Dest filename: C:\JL\pi32\pi32v2-include\sys\_types.h
2026-07-10 15:49:17.138   Time stamp of our file: 2021-11-10 17:08:16.000
2026-07-10 15:49:17.138   Installing the file.
2026-07-10 15:49:17.139   Successfully installed the file.
2026-07-10 15:49:17.139   -- File entry --
2026-07-10 15:49:17.139   Dest filename: C:\JL\pi32\pi32v2-lib\compiler-rt.a
2026-07-10 15:49:17.139   Time stamp of our file: 2016-07-05 10:55:28.000
2026-07-10 15:49:17.139   Installing the file.
2026-07-10 15:49:17.139   Creating directory: C:\JL\pi32\pi32v2-lib
2026-07-10 15:49:17.142   Successfully installed the file.
2026-07-10 15:49:17.142   -- File entry --
2026-07-10 15:49:17.142   Dest filename: C:\JL\pi32\pi32v2-lib\libc.a
2026-07-10 15:49:17.142   Time stamp of our file: 2021-11-10 17:06:26.000
2026-07-10 15:49:17.142   Installing the file.
2026-07-10 15:49:17.147   Successfully installed the file.
2026-07-10 15:49:17.147   -- File entry --
2026-07-10 15:49:17.147   Dest filename: C:\JL\pi32\pi32v2-lib\libcompiler-rt.a
2026-07-10 15:49:17.148   Time stamp of our file: 2016-07-05 10:55:28.000
2026-07-10 15:49:17.148   Installing the file.
2026-07-10 15:49:17.149   Successfully installed the file.
2026-07-10 15:49:17.149   -- File entry --
2026-07-10 15:49:17.149   Dest filename: C:\JL\pi32\pi32v2-lib\libg.a
2026-07-10 15:49:17.149   Time stamp of our file: 2021-11-10 17:06:26.000
2026-07-10 15:49:17.149   Installing the file.
2026-07-10 15:49:17.158   Successfully installed the file.
2026-07-10 15:49:17.158   -- File entry --
2026-07-10 15:49:17.158   Dest filename: C:\JL\pi32\pi32v2-lib\libm.a
2026-07-10 15:49:17.158   Time stamp of our file: 2021-11-10 17:06:24.000
2026-07-10 15:49:17.158   Installing the file.
2026-07-10 15:49:17.164   Successfully installed the file.
2026-07-10 15:49:17.164   -- File entry --
2026-07-10 15:49:17.165   Dest filename: C:\JL\pi32\pi32v2-lib\r1\libc.a
2026-07-10 15:49:17.165   Time stamp of our file: 2021-11-10 17:09:52.000
2026-07-10 15:49:17.165   Installing the file.
2026-07-10 15:49:17.165   Creating directory: C:\JL\pi32\pi32v2-lib\r1
2026-07-10 15:49:17.167   Successfully installed the file.
2026-07-10 15:49:17.167   -- File entry --
2026-07-10 15:49:17.168   Dest filename: C:\JL\pi32\pi32v2-lib\r1\libcompiler-rt.a
2026-07-10 15:49:17.168   Time stamp of our file: 2019-01-21 10:29:04.000
2026-07-10 15:49:17.168   Installing the file.
2026-07-10 15:49:17.170   Successfully installed the file.
2026-07-10 15:49:17.170   -- File entry --
2026-07-10 15:49:17.170   Dest filename: C:\JL\pi32\pi32v2-lib\r1\libcompiler_rt.a
2026-07-10 15:49:17.171   Time stamp of our file: 2019-01-21 10:29:04.000
2026-07-10 15:49:17.171   Installing the file.
2026-07-10 15:49:17.172   Successfully installed the file.
2026-07-10 15:49:17.172   -- File entry --
2026-07-10 15:49:17.172   Dest filename: C:\JL\pi32\pi32v2-lib\r1\libcsupply.a
2026-07-10 15:49:17.173   Time stamp of our file: 2022-11-11 15:43:58.000
2026-07-10 15:49:17.173   Installing the file.
2026-07-10 15:49:17.175   Successfully installed the file.
2026-07-10 15:49:17.175   -- File entry --
2026-07-10 15:49:17.175   Dest filename: C:\JL\pi32\pi32v2-lib\r1\libcsupply_f.a
2026-07-10 15:49:17.175   Time stamp of our file: 2022-11-11 15:43:56.000
2026-07-10 15:49:17.175   Installing the file.
2026-07-10 15:49:17.177   Successfully installed the file.
2026-07-10 15:49:17.177   -- File entry --
2026-07-10 15:49:17.177   Dest filename: C:\JL\pi32\pi32v2-lib\r1\libcsupply_fll.a
2026-07-10 15:49:17.178   Time stamp of our file: 2022-11-11 15:43:54.000
2026-07-10 15:49:17.178   Installing the file.
2026-07-10 15:49:17.179   Successfully installed the file.
2026-07-10 15:49:17.179   -- File entry --
2026-07-10 15:49:17.179   Dest filename: C:\JL\pi32\pi32v2-lib\r1\libcsupply_ll.a
2026-07-10 15:49:17.179   Time stamp of our file: 2022-11-11 15:43:56.000
2026-07-10 15:49:17.179   Installing the file.
2026-07-10 15:49:17.180   Successfully installed the file.
2026-07-10 15:49:17.180   -- File entry --
2026-07-10 15:49:17.180   Dest filename: C:\JL\pi32\pi32v2-lib\r1\libg.a
2026-07-10 15:49:17.180   Time stamp of our file: 2021-11-10 17:06:26.000
2026-07-10 15:49:17.180   Installing the file.
2026-07-10 15:49:17.184   Successfully installed the file.
2026-07-10 15:49:17.184   -- File entry --
2026-07-10 15:49:17.185   Dest filename: C:\JL\pi32\pi32v2-lib\r1\libm.a
2026-07-10 15:49:17.185   Time stamp of our file: 2021-11-10 17:09:50.000
2026-07-10 15:49:17.185   Installing the file.
2026-07-10 15:49:17.187   Successfully installed the file.
2026-07-10 15:49:17.188   -- File entry --
2026-07-10 15:49:17.188   Dest filename: C:\JL\pi32\pi32v2-lib\r1-large\libc.a
2026-07-10 15:49:17.188   Time stamp of our file: 2021-11-10 17:07:24.000
2026-07-10 15:49:17.188   Installing the file.
2026-07-10 15:49:17.188   Creating directory: C:\JL\pi32\pi32v2-lib\r1-large
2026-07-10 15:49:17.193   Successfully installed the file.
2026-07-10 15:49:17.194   -- File entry --
2026-07-10 15:49:17.194   Dest filename: C:\JL\pi32\pi32v2-lib\r1-large\libcompiler-rt.a
2026-07-10 15:49:17.194   Time stamp of our file: 2021-06-28 14:44:36.000
2026-07-10 15:49:17.194   Installing the file.
2026-07-10 15:49:17.196   Successfully installed the file.
2026-07-10 15:49:17.196   -- File entry --
2026-07-10 15:49:17.196   Dest filename: C:\JL\pi32\pi32v2-lib\r1-large\libcompiler_rt.a
2026-07-10 15:49:17.196   Time stamp of our file: 2021-06-28 14:44:36.000
2026-07-10 15:49:17.196   Installing the file.
2026-07-10 15:49:17.198   Successfully installed the file.
2026-07-10 15:49:17.198   -- File entry --
2026-07-10 15:49:17.198   Dest filename: C:\JL\pi32\pi32v2-lib\r1-large\libcsupply.a
2026-07-10 15:49:17.198   Time stamp of our file: 2022-11-11 15:44:02.000
2026-07-10 15:49:17.198   Installing the file.
2026-07-10 15:49:17.200   Successfully installed the file.
2026-07-10 15:49:17.200   -- File entry --
2026-07-10 15:49:17.200   Dest filename: C:\JL\pi32\pi32v2-lib\r1-large\libcsupply_f.a
2026-07-10 15:49:17.200   Time stamp of our file: 2022-11-11 15:44:00.000
2026-07-10 15:49:17.200   Installing the file.
2026-07-10 15:49:17.202   Successfully installed the file.
2026-07-10 15:49:17.203   -- File entry --
2026-07-10 15:49:17.203   Dest filename: C:\JL\pi32\pi32v2-lib\r1-large\libcsupply_fll.a
2026-07-10 15:49:17.203   Time stamp of our file: 2022-11-11 15:43:58.000
2026-07-10 15:49:17.203   Installing the file.
2026-07-10 15:49:17.204   Successfully installed the file.
2026-07-10 15:49:17.204   -- File entry --
2026-07-10 15:49:17.204   Dest filename: C:\JL\pi32\pi32v2-lib\r1-large\libcsupply_ll.a
2026-07-10 15:49:17.204   Time stamp of our file: 2022-11-11 15:44:00.000
2026-07-10 15:49:17.204   Installing the file.
2026-07-10 15:49:17.205   Successfully installed the file.
2026-07-10 15:49:17.206   -- File entry --
2026-07-10 15:49:17.206   Dest filename: C:\JL\pi32\pi32v2-lib\r1-large\libg.a
2026-07-10 15:49:17.206   Time stamp of our file: 2021-11-10 17:06:26.000
2026-07-10 15:49:17.206   Installing the file.
2026-07-10 15:49:17.211   Successfully installed the file.
2026-07-10 15:49:17.211   -- File entry --
2026-07-10 15:49:17.211   Dest filename: C:\JL\pi32\pi32v2-lib\r1-large\libm.a
2026-07-10 15:49:17.211   Time stamp of our file: 2021-11-10 17:07:22.000
2026-07-10 15:49:17.211   Installing the file.
2026-07-10 15:49:17.215   Successfully installed the file.
2026-07-10 15:49:17.215   -- File entry --
2026-07-10 15:49:17.215   Dest filename: C:\JL\pi32\pi32v2-lib\r2\libc.a
2026-07-10 15:49:17.215   Time stamp of our file: 2021-11-10 17:10:30.000
2026-07-10 15:49:17.215   Installing the file.
2026-07-10 15:49:17.215   Creating directory: C:\JL\pi32\pi32v2-lib\r2
2026-07-10 15:49:17.217   Successfully installed the file.
2026-07-10 15:49:17.218   -- File entry --
2026-07-10 15:49:17.218   Dest filename: C:\JL\pi32\pi32v2-lib\r2\libcompiler-rt.a
2026-07-10 15:49:17.218   Time stamp of our file: 2019-06-12 11:47:46.000
2026-07-10 15:49:17.218   Installing the file.
2026-07-10 15:49:17.220   Successfully installed the file.
2026-07-10 15:49:17.220   -- File entry --
2026-07-10 15:49:17.220   Dest filename: C:\JL\pi32\pi32v2-lib\r2\libcompiler_rt.a
2026-07-10 15:49:17.220   Time stamp of our file: 2019-06-12 11:47:46.000
2026-07-10 15:49:17.220   Installing the file.
2026-07-10 15:49:17.222   Successfully installed the file.
2026-07-10 15:49:17.222   -- File entry --
2026-07-10 15:49:17.222   Dest filename: C:\JL\pi32\pi32v2-lib\r2\libcsupply.a
2026-07-10 15:49:17.222   Time stamp of our file: 2022-11-11 15:43:58.000
2026-07-10 15:49:17.222   Installing the file.
2026-07-10 15:49:17.224   Successfully installed the file.
2026-07-10 15:49:17.224   -- File entry --
2026-07-10 15:49:17.224   Dest filename: C:\JL\pi32\pi32v2-lib\r2\libcsupply_f.a
2026-07-10 15:49:17.224   Time stamp of our file: 2022-11-11 15:43:56.000
2026-07-10 15:49:17.224   Installing the file.
2026-07-10 15:49:17.225   Successfully installed the file.
2026-07-10 15:49:17.225   -- File entry --
2026-07-10 15:49:17.225   Dest filename: C:\JL\pi32\pi32v2-lib\r2\libcsupply_fll.a
2026-07-10 15:49:17.225   Time stamp of our file: 2022-11-11 15:43:54.000
2026-07-10 15:49:17.226   Installing the file.
2026-07-10 15:49:17.227   Successfully installed the file.
2026-07-10 15:49:17.227   -- File entry --
2026-07-10 15:49:17.227   Dest filename: C:\JL\pi32\pi32v2-lib\r2\libcsupply_ll.a
2026-07-10 15:49:17.227   Time stamp of our file: 2022-11-11 15:43:56.000
2026-07-10 15:49:17.227   Installing the file.
2026-07-10 15:49:17.228   Successfully installed the file.
2026-07-10 15:49:17.228   -- File entry --
2026-07-10 15:49:17.228   Dest filename: C:\JL\pi32\pi32v2-lib\r2\libg.a
2026-07-10 15:49:17.229   Time stamp of our file: 2021-11-10 17:06:26.000
2026-07-10 15:49:17.229   Installing the file.
2026-07-10 15:49:17.233   Successfully installed the file.
2026-07-10 15:49:17.233   -- File entry --
2026-07-10 15:49:17.233   Dest filename: C:\JL\pi32\pi32v2-lib\r2\libm.a
2026-07-10 15:49:17.233   Time stamp of our file: 2021-11-10 17:10:28.000
2026-07-10 15:49:17.233   Installing the file.
2026-07-10 15:49:17.236   Successfully installed the file.
2026-07-10 15:49:17.236   -- File entry --
2026-07-10 15:49:17.236   Dest filename: C:\JL\pi32\pi32v2-lib\r2-large\libc.a
2026-07-10 15:49:17.236   Time stamp of our file: 2021-11-10 17:08:16.000
2026-07-10 15:49:17.236   Installing the file.
2026-07-10 15:49:17.236   Creating directory: C:\JL\pi32\pi32v2-lib\r2-large
2026-07-10 15:49:17.239   Successfully installed the file.
2026-07-10 15:49:17.239   -- File entry --
2026-07-10 15:49:17.239   Dest filename: C:\JL\pi32\pi32v2-lib\r2-large\libcompiler-rt.a
2026-07-10 15:49:17.239   Time stamp of our file: 2021-06-28 14:46:04.000
2026-07-10 15:49:17.239   Installing the file.
2026-07-10 15:49:17.241   Successfully installed the file.
2026-07-10 15:49:17.241   -- File entry --
2026-07-10 15:49:17.241   Dest filename: C:\JL\pi32\pi32v2-lib\r2-large\libcompiler_rt.a
2026-07-10 15:49:17.241   Time stamp of our file: 2021-06-28 14:46:04.000
2026-07-10 15:49:17.241   Installing the file.
2026-07-10 15:49:17.243   Successfully installed the file.
2026-07-10 15:49:17.243   -- File entry --
2026-07-10 15:49:17.243   Dest filename: C:\JL\pi32\pi32v2-lib\r2-large\libcsupply.a
2026-07-10 15:49:17.244   Time stamp of our file: 2022-11-11 15:44:02.000
2026-07-10 15:49:17.244   Installing the file.
2026-07-10 15:49:17.245   Successfully installed the file.
2026-07-10 15:49:17.245   -- File entry --
2026-07-10 15:49:17.245   Dest filename: C:\JL\pi32\pi32v2-lib\r2-large\libcsupply_f.a
2026-07-10 15:49:17.245   Time stamp of our file: 2022-11-11 15:44:00.000
2026-07-10 15:49:17.245   Installing the file.
2026-07-10 15:49:17.247   Successfully installed the file.
2026-07-10 15:49:17.247   -- File entry --
2026-07-10 15:49:17.247   Dest filename: C:\JL\pi32\pi32v2-lib\r2-large\libcsupply_fll.a
2026-07-10 15:49:17.248   Time stamp of our file: 2022-11-11 15:43:58.000
2026-07-10 15:49:17.248   Installing the file.
2026-07-10 15:49:17.249   Successfully installed the file.
2026-07-10 15:49:17.249   -- File entry --
2026-07-10 15:49:17.249   Dest filename: C:\JL\pi32\pi32v2-lib\r2-large\libcsupply_ll.a
2026-07-10 15:49:17.250   Time stamp of our file: 2022-11-11 15:44:00.000
2026-07-10 15:49:17.250   Installing the file.
2026-07-10 15:49:17.251   Successfully installed the file.
2026-07-10 15:49:17.251   -- File entry --
2026-07-10 15:49:17.251   Dest filename: C:\JL\pi32\pi32v2-lib\r2-large\libg.a
2026-07-10 15:49:17.251   Time stamp of our file: 2021-11-10 17:08:16.000
2026-07-10 15:49:17.251   Installing the file.
2026-07-10 15:49:17.259   Successfully installed the file.
2026-07-10 15:49:17.259   -- File entry --
2026-07-10 15:49:17.259   Dest filename: C:\JL\pi32\pi32v2-lib\r2-large\libm.a
2026-07-10 15:49:17.259   Time stamp of our file: 2021-11-10 17:08:16.000
2026-07-10 15:49:17.259   Installing the file.
2026-07-10 15:49:17.261   Successfully installed the file.
2026-07-10 15:49:17.262   -- File entry --
2026-07-10 15:49:17.262   Dest filename: C:\JL\pi32\pi32v2-lib\r3\libc.a
2026-07-10 15:49:17.262   Time stamp of our file: 2021-11-10 17:11:10.000
2026-07-10 15:49:17.262   Installing the file.
2026-07-10 15:49:17.262   Creating directory: C:\JL\pi32\pi32v2-lib\r3
2026-07-10 15:49:17.265   Successfully installed the file.
2026-07-10 15:49:17.265   -- File entry --
2026-07-10 15:49:17.265   Dest filename: C:\JL\pi32\pi32v2-lib\r3\libcompiler-rt.a
2026-07-10 15:49:17.265   Time stamp of our file: 2019-06-12 11:50:54.000
2026-07-10 15:49:17.265   Installing the file.
2026-07-10 15:49:17.268   Successfully installed the file.
2026-07-10 15:49:17.268   -- File entry --
2026-07-10 15:49:17.268   Dest filename: C:\JL\pi32\pi32v2-lib\r3\libcompiler_rt.a
2026-07-10 15:49:17.268   Time stamp of our file: 2019-06-12 11:50:54.000
2026-07-10 15:49:17.268   Installing the file.
2026-07-10 15:49:17.270   Successfully installed the file.
2026-07-10 15:49:17.270   -- File entry --
2026-07-10 15:49:17.270   Dest filename: C:\JL\pi32\pi32v2-lib\r3\libcsupply.a
2026-07-10 15:49:17.270   Time stamp of our file: 2022-11-11 15:43:58.000
2026-07-10 15:49:17.270   Installing the file.
2026-07-10 15:49:17.272   Successfully installed the file.
2026-07-10 15:49:17.272   -- File entry --
2026-07-10 15:49:17.272   Dest filename: C:\JL\pi32\pi32v2-lib\r3\libcsupply_f.a
2026-07-10 15:49:17.272   Time stamp of our file: 2022-11-11 15:43:56.000
2026-07-10 15:49:17.272   Installing the file.
2026-07-10 15:49:17.273   Successfully installed the file.
2026-07-10 15:49:17.273   -- File entry --
2026-07-10 15:49:17.273   Dest filename: C:\JL\pi32\pi32v2-lib\r3\libcsupply_fll.a
2026-07-10 15:49:17.273   Time stamp of our file: 2022-11-11 15:43:54.000
2026-07-10 15:49:17.273   Installing the file.
2026-07-10 15:49:17.274   Successfully installed the file.
2026-07-10 15:49:17.275   -- File entry --
2026-07-10 15:49:17.275   Dest filename: C:\JL\pi32\pi32v2-lib\r3\libcsupply_ll.a
2026-07-10 15:49:17.275   Time stamp of our file: 2022-11-11 15:43:56.000
2026-07-10 15:49:17.275   Installing the file.
2026-07-10 15:49:17.276   Successfully installed the file.
2026-07-10 15:49:17.276   -- File entry --
2026-07-10 15:49:17.276   Dest filename: C:\JL\pi32\pi32v2-lib\r3\libg.a
2026-07-10 15:49:17.276   Time stamp of our file: 2021-08-20 14:33:04.000
2026-07-10 15:49:17.276   Installing the file.
2026-07-10 15:49:17.279   Successfully installed the file.
2026-07-10 15:49:17.280   -- File entry --
2026-07-10 15:49:17.280   Dest filename: C:\JL\pi32\pi32v2-lib\r3\libm.a
2026-07-10 15:49:17.280   Time stamp of our file: 2021-11-10 17:11:10.000
2026-07-10 15:49:17.280   Installing the file.
2026-07-10 15:49:17.283   Successfully installed the file.
2026-07-10 15:49:17.283   -- File entry --
2026-07-10 15:49:17.283   Dest filename: C:\JL\pi32\pi32v2-lib\r3-large\libc.a
2026-07-10 15:49:17.283   Time stamp of our file: 2021-11-10 17:09:14.000
2026-07-10 15:49:17.283   Installing the file.
2026-07-10 15:49:17.283   Creating directory: C:\JL\pi32\pi32v2-lib\r3-large
2026-07-10 15:49:17.287   Successfully installed the file.
2026-07-10 15:49:17.287   -- File entry --
2026-07-10 15:49:17.287   Dest filename: C:\JL\pi32\pi32v2-lib\r3-large\libcompiler-rt.a
2026-07-10 15:49:17.288   Time stamp of our file: 2021-06-28 14:42:42.000
2026-07-10 15:49:17.288   Installing the file.
2026-07-10 15:49:17.289   Successfully installed the file.
2026-07-10 15:49:17.289   -- File entry --
2026-07-10 15:49:17.289   Dest filename: C:\JL\pi32\pi32v2-lib\r3-large\libcompiler_rt.a
2026-07-10 15:49:17.290   Time stamp of our file: 2021-06-28 14:42:42.000
2026-07-10 15:49:17.290   Installing the file.
2026-07-10 15:49:17.291   Successfully installed the file.
2026-07-10 15:49:17.291   -- File entry --
2026-07-10 15:49:17.291   Dest filename: C:\JL\pi32\pi32v2-lib\r3-large\libcsupply.a
2026-07-10 15:49:17.292   Time stamp of our file: 2022-11-11 15:43:58.000
2026-07-10 15:49:17.292   Installing the file.
2026-07-10 15:49:17.292   Successfully installed the file.
2026-07-10 15:49:17.292   -- File entry --
2026-07-10 15:49:17.292   Dest filename: C:\JL\pi32\pi32v2-lib\r3-large\libcsupply_f.a
2026-07-10 15:49:17.292   Time stamp of our file: 2022-11-11 15:43:56.000
2026-07-10 15:49:17.292   Installing the file.
2026-07-10 15:49:17.294   Successfully installed the file.
2026-07-10 15:49:17.294   -- File entry --
2026-07-10 15:49:17.294   Dest filename: C:\JL\pi32\pi32v2-lib\r3-large\libcsupply_fll.a
2026-07-10 15:49:17.294   Time stamp of our file: 2022-11-11 15:43:54.000
2026-07-10 15:49:17.294   Installing the file.
2026-07-10 15:49:17.295   Successfully installed the file.
2026-07-10 15:49:17.295   -- File entry --
2026-07-10 15:49:17.295   Dest filename: C:\JL\pi32\pi32v2-lib\r3-large\libcsupply_ll.a
2026-07-10 15:49:17.295   Time stamp of our file: 2022-11-11 15:43:56.000
2026-07-10 15:49:17.295   Installing the file.
2026-07-10 15:49:17.296   Successfully installed the file.
2026-07-10 15:49:17.296   -- File entry --
2026-07-10 15:49:17.296   Dest filename: C:\JL\pi32\pi32v2-lib\r3-large\libg.a
2026-07-10 15:49:17.296   Time stamp of our file: 2021-08-20 14:31:08.000
2026-07-10 15:49:17.296   Installing the file.
2026-07-10 15:49:17.301   Successfully installed the file.
2026-07-10 15:49:17.301   -- File entry --
2026-07-10 15:49:17.301   Dest filename: C:\JL\pi32\pi32v2-lib\r3-large\libm.a
2026-07-10 15:49:17.301   Time stamp of our file: 2021-11-10 17:09:14.000
2026-07-10 15:49:17.301   Installing the file.
2026-07-10 15:49:17.304   Successfully installed the file.
2026-07-10 15:49:17.304   -- File entry --
2026-07-10 15:49:17.304   Dest filename: C:\JL\pi32\pi32v2-lib\r4\libc.a
2026-07-10 15:49:17.304   Time stamp of our file: 2024-05-20 10:28:38.000
2026-07-10 15:49:17.304   Installing the file.
2026-07-10 15:49:17.304   Creating directory: C:\JL\pi32\pi32v2-lib\r4
2026-07-10 15:49:17.308   Successfully installed the file.
2026-07-10 15:49:17.308   -- File entry --
2026-07-10 15:49:17.308   Dest filename: C:\JL\pi32\pi32v2-lib\r4\libcompiler-rt.a
2026-07-10 15:49:17.309   Time stamp of our file: 2024-05-20 10:18:44.000
2026-07-10 15:49:17.309   Installing the file.
2026-07-10 15:49:17.310   Successfully installed the file.
2026-07-10 15:49:17.310   -- File entry --
2026-07-10 15:49:17.310   Dest filename: C:\JL\pi32\pi32v2-lib\r4\libcompiler_rt.a
2026-07-10 15:49:17.310   Time stamp of our file: 2024-05-20 10:18:44.000
2026-07-10 15:49:17.310   Installing the file.
2026-07-10 15:49:17.312   Successfully installed the file.
2026-07-10 15:49:17.312   -- File entry --
2026-07-10 15:49:17.312   Dest filename: C:\JL\pi32\pi32v2-lib\r4\libg.a
2026-07-10 15:49:17.312   Time stamp of our file: 2024-05-20 10:23:04.000
2026-07-10 15:49:17.312   Installing the file.
2026-07-10 15:49:17.319   Successfully installed the file.
2026-07-10 15:49:17.319   -- File entry --
2026-07-10 15:49:17.319   Dest filename: C:\JL\pi32\pi32v2-lib\r4\libm.a
2026-07-10 15:49:17.319   Time stamp of our file: 2024-05-20 10:23:04.000
2026-07-10 15:49:17.319   Installing the file.
2026-07-10 15:49:17.323   Successfully installed the file.
2026-07-10 15:49:17.323   -- File entry --
2026-07-10 15:49:17.323   Dest filename: C:\JL\pi32\pi32v2-lib\r4-large\libc.a
2026-07-10 15:49:17.323   Time stamp of our file: 2024-05-20 10:29:44.000
2026-07-10 15:49:17.323   Installing the file.
2026-07-10 15:49:17.323   Creating directory: C:\JL\pi32\pi32v2-lib\r4-large
2026-07-10 15:49:17.327   Successfully installed the file.
2026-07-10 15:49:17.327   -- File entry --
2026-07-10 15:49:17.327   Dest filename: C:\JL\pi32\pi32v2-lib\r4-large\libcompiler-rt.a
2026-07-10 15:49:17.327   Time stamp of our file: 2024-05-20 10:19:34.000
2026-07-10 15:49:17.327   Installing the file.
2026-07-10 15:49:17.329   Successfully installed the file.
2026-07-10 15:49:17.329   -- File entry --
2026-07-10 15:49:17.330   Dest filename: C:\JL\pi32\pi32v2-lib\r4-large\libcompiler_rt.a
2026-07-10 15:49:17.330   Time stamp of our file: 2024-05-20 10:19:34.000
2026-07-10 15:49:17.330   Installing the file.
2026-07-10 15:49:17.332   Successfully installed the file.
2026-07-10 15:49:17.332   -- File entry --
2026-07-10 15:49:17.332   Dest filename: C:\JL\pi32\pi32v2-lib\r4-large\libg.a
2026-07-10 15:49:17.332   Time stamp of our file: 2024-05-20 10:23:52.000
2026-07-10 15:49:17.332   Installing the file.
2026-07-10 15:49:17.337   Successfully installed the file.
2026-07-10 15:49:17.337   -- File entry --
2026-07-10 15:49:17.337   Dest filename: C:\JL\pi32\pi32v2-lib\r4-large\libm.a
2026-07-10 15:49:17.338   Time stamp of our file: 2024-05-20 10:23:52.000
2026-07-10 15:49:17.338   Installing the file.
2026-07-10 15:49:17.342   Successfully installed the file.
2026-07-10 15:49:17.342   -- File entry --
2026-07-10 15:49:17.342   Dest filename: C:\JL\pi32\pi32v2-lib\r5\libc.a
2026-07-10 15:49:17.342   Time stamp of our file: 2022-08-05 11:54:38.000
2026-07-10 15:49:17.342   Installing the file.
2026-07-10 15:49:17.342   Creating directory: C:\JL\pi32\pi32v2-lib\r5
2026-07-10 15:49:17.346   Successfully installed the file.
2026-07-10 15:49:17.346   -- File entry --
2026-07-10 15:49:17.346   Dest filename: C:\JL\pi32\pi32v2-lib\r5\libcompiler-rt.a
2026-07-10 15:49:17.346   Time stamp of our file: 2022-07-26 08:43:30.000
2026-07-10 15:49:17.346   Installing the file.
2026-07-10 15:49:17.349   Successfully installed the file.
2026-07-10 15:49:17.349   -- File entry --
2026-07-10 15:49:17.349   Dest filename: C:\JL\pi32\pi32v2-lib\r5\libcompiler_rt.a
2026-07-10 15:49:17.349   Time stamp of our file: 2022-07-26 08:43:30.000
2026-07-10 15:49:17.349   Installing the file.
2026-07-10 15:49:17.350   Successfully installed the file.
2026-07-10 15:49:17.350   -- File entry --
2026-07-10 15:49:17.350   Dest filename: C:\JL\pi32\pi32v2-lib\r5\libcsupply.a
2026-07-10 15:49:17.350   Time stamp of our file: 2022-11-11 15:43:58.000
2026-07-10 15:49:17.350   Installing the file.
2026-07-10 15:49:17.352   Successfully installed the file.
2026-07-10 15:49:17.352   -- File entry --
2026-07-10 15:49:17.353   Dest filename: C:\JL\pi32\pi32v2-lib\r5\libcsupply_f.a
2026-07-10 15:49:17.353   Time stamp of our file: 2022-11-11 15:43:56.000
2026-07-10 15:49:17.353   Installing the file.
2026-07-10 15:49:17.354   Successfully installed the file.
2026-07-10 15:49:17.354   -- File entry --
2026-07-10 15:49:17.354   Dest filename: C:\JL\pi32\pi32v2-lib\r5\libcsupply_fll.a
2026-07-10 15:49:17.354   Time stamp of our file: 2022-11-11 15:43:54.000
2026-07-10 15:49:17.354   Installing the file.
2026-07-10 15:49:17.355   Successfully installed the file.
2026-07-10 15:49:17.355   -- File entry --
2026-07-10 15:49:17.355   Dest filename: C:\JL\pi32\pi32v2-lib\r5\libcsupply_ll.a
2026-07-10 15:49:17.356   Time stamp of our file: 2022-11-11 15:43:56.000
2026-07-10 15:49:17.356   Installing the file.
2026-07-10 15:49:17.357   Successfully installed the file.
2026-07-10 15:49:17.357   -- File entry --
2026-07-10 15:49:17.357   Dest filename: C:\JL\pi32\pi32v2-lib\r5\libg.a
2026-07-10 15:49:17.357   Time stamp of our file: 2022-08-05 11:34:26.000
2026-07-10 15:49:17.357   Installing the file.
2026-07-10 15:49:17.363   Successfully installed the file.
2026-07-10 15:49:17.363   -- File entry --
2026-07-10 15:49:17.363   Dest filename: C:\JL\pi32\pi32v2-lib\r5\libm.a
2026-07-10 15:49:17.364   Time stamp of our file: 2022-08-05 11:34:26.000
2026-07-10 15:49:17.364   Installing the file.
2026-07-10 15:49:17.367   Successfully installed the file.
2026-07-10 15:49:17.367   -- File entry --
2026-07-10 15:49:17.367   Dest filename: C:\JL\pi32\pi32v2-lib\r5-large\libc.a
2026-07-10 15:49:17.367   Time stamp of our file: 2022-08-05 11:54:04.000
2026-07-10 15:49:17.368   Installing the file.
2026-07-10 15:49:17.368   Creating directory: C:\JL\pi32\pi32v2-lib\r5-large
2026-07-10 15:49:17.371   Successfully installed the file.
2026-07-10 15:49:17.371   -- File entry --
2026-07-10 15:49:17.371   Dest filename: C:\JL\pi32\pi32v2-lib\r5-large\libcompiler-rt.a
2026-07-10 15:49:17.371   Time stamp of our file: 2022-07-26 08:44:10.000
2026-07-10 15:49:17.371   Installing the file.
2026-07-10 15:49:17.373   Successfully installed the file.
2026-07-10 15:49:17.373   -- File entry --
2026-07-10 15:49:17.373   Dest filename: C:\JL\pi32\pi32v2-lib\r5-large\libcompiler_rt.a
2026-07-10 15:49:17.373   Time stamp of our file: 2022-07-26 08:44:10.000
2026-07-10 15:49:17.373   Installing the file.
2026-07-10 15:49:17.374   Successfully installed the file.
2026-07-10 15:49:17.374   -- File entry --
2026-07-10 15:49:17.374   Dest filename: C:\JL\pi32\pi32v2-lib\r5-large\libcsupply.a
2026-07-10 15:49:17.375   Time stamp of our file: 2022-11-11 15:44:02.000
2026-07-10 15:49:17.375   Installing the file.
2026-07-10 15:49:17.377   Successfully installed the file.
2026-07-10 15:49:17.378   -- File entry --
2026-07-10 15:49:17.378   Dest filename: C:\JL\pi32\pi32v2-lib\r5-large\libcsupply_f.a
2026-07-10 15:49:17.378   Time stamp of our file: 2022-11-11 15:44:00.000
2026-07-10 15:49:17.378   Installing the file.
2026-07-10 15:49:17.379   Successfully installed the file.
2026-07-10 15:49:17.379   -- File entry --
2026-07-10 15:49:17.379   Dest filename: C:\JL\pi32\pi32v2-lib\r5-large\libcsupply_fll.a
2026-07-10 15:49:17.379   Time stamp of our file: 2022-11-11 15:43:58.000
2026-07-10 15:49:17.379   Installing the file.
2026-07-10 15:49:17.380   Successfully installed the file.
2026-07-10 15:49:17.380   -- File entry --
2026-07-10 15:49:17.380   Dest filename: C:\JL\pi32\pi32v2-lib\r5-large\libcsupply_ll.a
2026-07-10 15:49:17.381   Time stamp of our file: 2022-11-11 15:44:00.000
2026-07-10 15:49:17.381   Installing the file.
2026-07-10 15:49:17.382   Successfully installed the file.
2026-07-10 15:49:17.382   -- File entry --
2026-07-10 15:49:17.382   Dest filename: C:\JL\pi32\pi32v2-lib\r5-large\libg.a
2026-07-10 15:49:17.383   Time stamp of our file: 2022-08-05 11:53:42.000
2026-07-10 15:49:17.383   Installing the file.
2026-07-10 15:49:17.388   Successfully installed the file.
2026-07-10 15:49:17.388   -- File entry --
2026-07-10 15:49:17.388   Dest filename: C:\JL\pi32\pi32v2-lib\r5-large\libm.a
2026-07-10 15:49:17.388   Time stamp of our file: 2022-08-05 11:53:42.000
2026-07-10 15:49:17.388   Installing the file.
2026-07-10 15:49:17.391   Successfully installed the file.
2026-07-10 15:49:17.391   -- File entry --
2026-07-10 15:49:17.391   Dest filename: C:\JL\pi32\q32s-include\alloca.h
2026-07-10 15:49:17.392   Time stamp of our file: 2021-11-10 17:09:14.000
2026-07-10 15:49:17.392   Installing the file.
2026-07-10 15:49:17.393   Successfully installed the file.
2026-07-10 15:49:17.393   -- File entry --
2026-07-10 15:49:17.393   Dest filename: C:\JL\pi32\q32s-include\ar.h
2026-07-10 15:49:17.393   Time stamp of our file: 2021-11-10 17:09:14.000
2026-07-10 15:49:17.393   Installing the file.
2026-07-10 15:49:17.394   Successfully installed the file.
2026-07-10 15:49:17.394   -- File entry --
2026-07-10 15:49:17.394   Dest filename: C:\JL\pi32\q32s-include\argz.h
2026-07-10 15:49:17.394   Time stamp of our file: 2021-11-10 17:09:14.000
2026-07-10 15:49:17.394   Installing the file.
2026-07-10 15:49:17.396   Successfully installed the file.
2026-07-10 15:49:17.396   -- File entry --
2026-07-10 15:49:17.396   Dest filename: C:\JL\pi32\q32s-include\assert.h
2026-07-10 15:49:17.396   Time stamp of our file: 2021-11-10 17:09:14.000
2026-07-10 15:49:17.396   Installing the file.
2026-07-10 15:49:17.398   Successfully installed the file.
2026-07-10 15:49:17.398   -- File entry --
2026-07-10 15:49:17.398   Dest filename: C:\JL\pi32\q32s-include\complex.h
2026-07-10 15:49:17.399   Time stamp of our file: 2021-11-10 17:09:14.000
2026-07-10 15:49:17.399   Installing the file.
2026-07-10 15:49:17.400   Successfully installed the file.
2026-07-10 15:49:17.400   -- File entry --
2026-07-10 15:49:17.400   Dest filename: C:\JL\pi32\q32s-include\ctype.h
2026-07-10 15:49:17.401   Time stamp of our file: 2021-11-10 17:09:14.000
2026-07-10 15:49:17.401   Installing the file.
2026-07-10 15:49:17.402   Successfully installed the file.
2026-07-10 15:49:17.402   -- File entry --
2026-07-10 15:49:17.402   Dest filename: C:\JL\pi32\q32s-include\dirent.h
2026-07-10 15:49:17.402   Time stamp of our file: 2021-11-10 17:09:14.000
2026-07-10 15:49:17.402   Installing the file.
2026-07-10 15:49:17.403   Successfully installed the file.
2026-07-10 15:49:17.404   -- File entry --
2026-07-10 15:49:17.404   Dest filename: C:\JL\pi32\q32s-include\envlock.h
2026-07-10 15:49:17.404   Time stamp of our file: 2021-11-10 17:09:14.000
2026-07-10 15:49:17.404   Installing the file.
2026-07-10 15:49:17.405   Successfully installed the file.
2026-07-10 15:49:17.405   -- File entry --
2026-07-10 15:49:17.405   Dest filename: C:\JL\pi32\q32s-include\envz.h
2026-07-10 15:49:17.405   Time stamp of our file: 2021-11-10 17:09:14.000
2026-07-10 15:49:17.405   Installing the file.
2026-07-10 15:49:17.407   Successfully installed the file.
2026-07-10 15:49:17.407   -- File entry --
2026-07-10 15:49:17.407   Dest filename: C:\JL\pi32\q32s-include\errno.h
2026-07-10 15:49:17.407   Time stamp of our file: 2021-11-10 17:09:14.000
2026-07-10 15:49:17.407   Installing the file.
2026-07-10 15:49:17.408   Successfully installed the file.
2026-07-10 15:49:17.408   -- File entry --
2026-07-10 15:49:17.408   Dest filename: C:\JL\pi32\q32s-include\fastmath.h
2026-07-10 15:49:17.408   Time stamp of our file: 2021-11-10 17:09:14.000
2026-07-10 15:49:17.408   Installing the file.
2026-07-10 15:49:17.410   Successfully installed the file.
2026-07-10 15:49:17.410   -- File entry --
2026-07-10 15:49:17.411   Dest filename: C:\JL\pi32\q32s-include\fcntl.h
2026-07-10 15:49:17.411   Time stamp of our file: 2021-11-10 17:09:14.000
2026-07-10 15:49:17.411   Installing the file.
2026-07-10 15:49:17.411   Successfully installed the file.
2026-07-10 15:49:17.412   -- File entry --
2026-07-10 15:49:17.412   Dest filename: C:\JL\pi32\q32s-include\fnmatch.h
2026-07-10 15:49:17.412   Time stamp of our file: 2021-11-10 17:09:14.000
2026-07-10 15:49:17.412   Installing the file.
2026-07-10 15:49:17.413   Successfully installed the file.
2026-07-10 15:49:17.413   -- File entry --
2026-07-10 15:49:17.413   Dest filename: C:\JL\pi32\q32s-include\getopt.h
2026-07-10 15:49:17.413   Time stamp of our file: 2021-11-10 17:09:14.000
2026-07-10 15:49:17.413   Installing the file.
2026-07-10 15:49:17.415   Successfully installed the file.
2026-07-10 15:49:17.415   -- File entry --
2026-07-10 15:49:17.415   Dest filename: C:\JL\pi32\q32s-include\glob.h
2026-07-10 15:49:17.415   Time stamp of our file: 2021-11-10 17:09:14.000
2026-07-10 15:49:17.415   Installing the file.
2026-07-10 15:49:17.416   Successfully installed the file.
2026-07-10 15:49:17.416   -- File entry --
2026-07-10 15:49:17.416   Dest filename: C:\JL\pi32\q32s-include\grp.h
2026-07-10 15:49:17.418   Time stamp of our file: 2021-11-10 17:09:14.000
2026-07-10 15:49:17.418   Installing the file.
2026-07-10 15:49:17.419   Successfully installed the file.
2026-07-10 15:49:17.419   -- File entry --
2026-07-10 15:49:17.419   Dest filename: C:\JL\pi32\q32s-include\iconv.h
2026-07-10 15:49:17.419   Time stamp of our file: 2021-11-10 17:09:14.000
2026-07-10 15:49:17.419   Installing the file.
2026-07-10 15:49:17.419   Successfully installed the file.
2026-07-10 15:49:17.419   -- File entry --
2026-07-10 15:49:17.419   Dest filename: C:\JL\pi32\q32s-include\ieeefp.h
2026-07-10 15:49:17.419   Time stamp of our file: 2021-11-10 17:09:14.000
2026-07-10 15:49:17.419   Installing the file.
2026-07-10 15:49:17.422   Successfully installed the file.
2026-07-10 15:49:17.422   -- File entry --
2026-07-10 15:49:17.422   Dest filename: C:\JL\pi32\q32s-include\inttypes.h
2026-07-10 15:49:17.422   Time stamp of our file: 2021-11-10 17:09:14.000
2026-07-10 15:49:17.422   Installing the file.
2026-07-10 15:49:17.423   Successfully installed the file.
2026-07-10 15:49:17.423   -- File entry --
2026-07-10 15:49:17.423   Dest filename: C:\JL\pi32\q32s-include\langinfo.h
2026-07-10 15:49:17.425   Time stamp of our file: 2021-11-10 17:09:14.000
2026-07-10 15:49:17.425   Installing the file.
2026-07-10 15:49:17.426   Successfully installed the file.
2026-07-10 15:49:17.426   -- File entry --
2026-07-10 15:49:17.426   Dest filename: C:\JL\pi32\q32s-include\libgen.h
2026-07-10 15:49:17.427   Time stamp of our file: 2021-11-10 17:09:14.000
2026-07-10 15:49:17.427   Installing the file.
2026-07-10 15:49:17.428   Successfully installed the file.
2026-07-10 15:49:17.428   -- File entry --
2026-07-10 15:49:17.428   Dest filename: C:\JL\pi32\q32s-include\limits.h
2026-07-10 15:49:17.429   Time stamp of our file: 2021-11-10 17:09:14.000
2026-07-10 15:49:17.429   Installing the file.
2026-07-10 15:49:17.430   Successfully installed the file.
2026-07-10 15:49:17.430   -- File entry --
2026-07-10 15:49:17.430   Dest filename: C:\JL\pi32\q32s-include\locale.h
2026-07-10 15:49:17.430   Time stamp of our file: 2021-11-10 17:09:14.000
2026-07-10 15:49:17.430   Installing the file.
2026-07-10 15:49:17.432   Successfully installed the file.
2026-07-10 15:49:17.432   -- File entry --
2026-07-10 15:49:17.432   Dest filename: C:\JL\pi32\q32s-include\malloc.h
2026-07-10 15:49:17.432   Time stamp of our file: 2021-11-10 17:09:14.000
2026-07-10 15:49:17.432   Installing the file.
2026-07-10 15:49:17.434   Successfully installed the file.
2026-07-10 15:49:17.434   -- File entry --
2026-07-10 15:49:17.434   Dest filename: C:\JL\pi32\q32s-include\math.h
2026-07-10 15:49:17.434   Time stamp of our file: 2021-11-10 17:09:14.000
2026-07-10 15:49:17.434   Installing the file.
2026-07-10 15:49:17.436   Successfully installed the file.
2026-07-10 15:49:17.436   -- File entry --
2026-07-10 15:49:17.436   Dest filename: C:\JL\pi32\q32s-include\newlib.h
2026-07-10 15:49:17.436   Time stamp of our file: 2021-11-10 17:09:14.000
2026-07-10 15:49:17.436   Installing the file.
2026-07-10 15:49:17.437   Successfully installed the file.
2026-07-10 15:49:17.437   -- File entry --
2026-07-10 15:49:17.437   Dest filename: C:\JL\pi32\q32s-include\paths.h
2026-07-10 15:49:17.437   Time stamp of our file: 2021-11-10 17:09:14.000
2026-07-10 15:49:17.437   Installing the file.
2026-07-10 15:49:17.439   Successfully installed the file.
2026-07-10 15:49:17.440   -- File entry --
2026-07-10 15:49:17.440   Dest filename: C:\JL\pi32\q32s-include\pthread.h
2026-07-10 15:49:17.440   Time stamp of our file: 2021-11-10 17:09:14.000
2026-07-10 15:49:17.440   Installing the file.
2026-07-10 15:49:17.441   Successfully installed the file.
2026-07-10 15:49:17.441   -- File entry --
2026-07-10 15:49:17.441   Dest filename: C:\JL\pi32\q32s-include\pwd.h
2026-07-10 15:49:17.441   Time stamp of our file: 2021-11-10 17:09:14.000
2026-07-10 15:49:17.441   Installing the file.
2026-07-10 15:49:17.442   Successfully installed the file.
2026-07-10 15:49:17.443   -- File entry --
2026-07-10 15:49:17.443   Dest filename: C:\JL\pi32\q32s-include\reent.h
2026-07-10 15:49:17.443   Time stamp of our file: 2021-11-10 17:09:14.000
2026-07-10 15:49:17.443   Installing the file.
2026-07-10 15:49:17.445   Successfully installed the file.
2026-07-10 15:49:17.445   -- File entry --
2026-07-10 15:49:17.445   Dest filename: C:\JL\pi32\q32s-include\regdef.h
2026-07-10 15:49:17.445   Time stamp of our file: 2021-11-10 17:09:14.000
2026-07-10 15:49:17.445   Installing the file.
2026-07-10 15:49:17.447   Successfully installed the file.
2026-07-10 15:49:17.447   -- File entry --
2026-07-10 15:49:17.447   Dest filename: C:\JL\pi32\q32s-include\regex.h
2026-07-10 15:49:17.447   Time stamp of our file: 2021-11-10 17:09:14.000
2026-07-10 15:49:17.447   Installing the file.
2026-07-10 15:49:17.448   Successfully installed the file.
2026-07-10 15:49:17.448   -- File entry --
2026-07-10 15:49:17.448   Dest filename: C:\JL\pi32\q32s-include\sched.h
2026-07-10 15:49:17.448   Time stamp of our file: 2021-11-10 17:09:14.000
2026-07-10 15:49:17.448   Installing the file.
2026-07-10 15:49:17.451   Successfully installed the file.
2026-07-10 15:49:17.451   -- File entry --
2026-07-10 15:49:17.451   Dest filename: C:\JL\pi32\q32s-include\search.h
2026-07-10 15:49:17.451   Time stamp of our file: 2021-11-10 17:09:14.000
2026-07-10 15:49:17.451   Installing the file.
2026-07-10 15:49:17.452   Successfully installed the file.
2026-07-10 15:49:17.453   -- File entry --
2026-07-10 15:49:17.453   Dest filename: C:\JL\pi32\q32s-include\setjmp.h
2026-07-10 15:49:17.453   Time stamp of our file: 2021-11-10 17:09:14.000
2026-07-10 15:49:17.453   Installing the file.
2026-07-10 15:49:17.454   Successfully installed the file.
2026-07-10 15:49:17.454   -- File entry --
2026-07-10 15:49:17.454   Dest filename: C:\JL\pi32\q32s-include\signal.h
2026-07-10 15:49:17.455   Time stamp of our file: 2021-11-10 17:09:14.000
2026-07-10 15:49:17.455   Installing the file.
2026-07-10 15:49:17.456   Successfully installed the file.
2026-07-10 15:49:17.456   -- File entry --
2026-07-10 15:49:17.456   Dest filename: C:\JL\pi32\q32s-include\spawn.h
2026-07-10 15:49:17.456   Time stamp of our file: 2021-11-10 17:09:14.000
2026-07-10 15:49:17.456   Installing the file.
2026-07-10 15:49:17.457   Successfully installed the file.
2026-07-10 15:49:17.457   -- File entry --
2026-07-10 15:49:17.457   Dest filename: C:\JL\pi32\q32s-include\stdatomic.h
2026-07-10 15:49:17.457   Time stamp of our file: 2021-11-10 17:09:14.000
2026-07-10 15:49:17.457   Installing the file.
2026-07-10 15:49:17.460   Successfully installed the file.
2026-07-10 15:49:17.460   -- File entry --
2026-07-10 15:49:17.460   Dest filename: C:\JL\pi32\q32s-include\stdint.h
2026-07-10 15:49:17.460   Time stamp of our file: 2021-11-10 17:09:14.000
2026-07-10 15:49:17.460   Installing the file.
2026-07-10 15:49:17.461   Successfully installed the file.
2026-07-10 15:49:17.461   -- File entry --
2026-07-10 15:49:17.461   Dest filename: C:\JL\pi32\q32s-include\stdio.h
2026-07-10 15:49:17.461   Time stamp of our file: 2021-11-10 17:09:14.000
2026-07-10 15:49:17.461   Installing the file.
2026-07-10 15:49:17.463   Successfully installed the file.
2026-07-10 15:49:17.463   -- File entry --
2026-07-10 15:49:17.463   Dest filename: C:\JL\pi32\q32s-include\stdio_ext.h
2026-07-10 15:49:17.463   Time stamp of our file: 2021-11-10 17:09:14.000
2026-07-10 15:49:17.463   Installing the file.
2026-07-10 15:49:17.465   Successfully installed the file.
2026-07-10 15:49:17.465   -- File entry --
2026-07-10 15:49:17.465   Dest filename: C:\JL\pi32\q32s-include\stdlib.h
2026-07-10 15:49:17.465   Time stamp of our file: 2021-11-10 17:09:14.000
2026-07-10 15:49:17.465   Installing the file.
2026-07-10 15:49:17.466   Successfully installed the file.
2026-07-10 15:49:17.467   -- File entry --
2026-07-10 15:49:17.467   Dest filename: C:\JL\pi32\q32s-include\string.h
2026-07-10 15:49:17.467   Time stamp of our file: 2021-11-10 17:09:14.000
2026-07-10 15:49:17.467   Installing the file.
2026-07-10 15:49:17.468   Successfully installed the file.
2026-07-10 15:49:17.468   -- File entry --
2026-07-10 15:49:17.468   Dest filename: C:\JL\pi32\q32s-include\strings.h
2026-07-10 15:49:17.469   Time stamp of our file: 2021-11-10 17:09:14.000
2026-07-10 15:49:17.469   Installing the file.
2026-07-10 15:49:17.471   Successfully installed the file.
2026-07-10 15:49:17.471   -- File entry --
2026-07-10 15:49:17.471   Dest filename: C:\JL\pi32\q32s-include\tar.h
2026-07-10 15:49:17.471   Time stamp of our file: 2021-11-10 17:09:14.000
2026-07-10 15:49:17.471   Installing the file.
2026-07-10 15:49:17.472   Successfully installed the file.
2026-07-10 15:49:17.472   -- File entry --
2026-07-10 15:49:17.473   Dest filename: C:\JL\pi32\q32s-include\termios.h
2026-07-10 15:49:17.473   Time stamp of our file: 2021-11-10 17:09:14.000
2026-07-10 15:49:17.473   Installing the file.
2026-07-10 15:49:17.473   Successfully installed the file.
2026-07-10 15:49:17.473   -- File entry --
2026-07-10 15:49:17.474   Dest filename: C:\JL\pi32\q32s-include\tgmath.h
2026-07-10 15:49:17.474   Time stamp of our file: 2021-11-10 17:09:14.000
2026-07-10 15:49:17.474   Installing the file.
2026-07-10 15:49:17.475   Successfully installed the file.
2026-07-10 15:49:17.475   -- File entry --
2026-07-10 15:49:17.476   Dest filename: C:\JL\pi32\q32s-include\time.h
2026-07-10 15:49:17.476   Time stamp of our file: 2021-11-10 17:09:14.000
2026-07-10 15:49:17.476   Installing the file.
2026-07-10 15:49:17.477   Successfully installed the file.
2026-07-10 15:49:17.477   -- File entry --
2026-07-10 15:49:17.477   Dest filename: C:\JL\pi32\q32s-include\unctrl.h
2026-07-10 15:49:17.478   Time stamp of our file: 2021-11-10 17:09:14.000
2026-07-10 15:49:17.478   Installing the file.
2026-07-10 15:49:17.480   Successfully installed the file.
2026-07-10 15:49:17.480   -- File entry --
2026-07-10 15:49:17.480   Dest filename: C:\JL\pi32\q32s-include\unistd.h
2026-07-10 15:49:17.480   Time stamp of our file: 2021-11-10 17:09:14.000
2026-07-10 15:49:17.480   Installing the file.
2026-07-10 15:49:17.481   Successfully installed the file.
2026-07-10 15:49:17.481   -- File entry --
2026-07-10 15:49:17.481   Dest filename: C:\JL\pi32\q32s-include\utime.h
2026-07-10 15:49:17.481   Time stamp of our file: 2021-11-10 17:09:14.000
2026-07-10 15:49:17.481   Installing the file.
2026-07-10 15:49:17.482   Successfully installed the file.
2026-07-10 15:49:17.482   -- File entry --
2026-07-10 15:49:17.482   Dest filename: C:\JL\pi32\q32s-include\utmp.h
2026-07-10 15:49:17.483   Time stamp of our file: 2021-11-10 17:09:14.000
2026-07-10 15:49:17.483   Installing the file.
2026-07-10 15:49:17.483   Successfully installed the file.
2026-07-10 15:49:17.483   -- File entry --
2026-07-10 15:49:17.483   Dest filename: C:\JL\pi32\q32s-include\wchar.h
2026-07-10 15:49:17.483   Time stamp of our file: 2021-11-10 17:09:14.000
2026-07-10 15:49:17.483   Installing the file.
2026-07-10 15:49:17.485   Successfully installed the file.
2026-07-10 15:49:17.485   -- File entry --
2026-07-10 15:49:17.486   Dest filename: C:\JL\pi32\q32s-include\wctype.h
2026-07-10 15:49:17.486   Time stamp of our file: 2021-11-10 17:09:14.000
2026-07-10 15:49:17.486   Installing the file.
2026-07-10 15:49:17.487   Successfully installed the file.
2026-07-10 15:49:17.487   -- File entry --
2026-07-10 15:49:17.487   Dest filename: C:\JL\pi32\q32s-include\wordexp.h
2026-07-10 15:49:17.489   Time stamp of our file: 2021-11-10 17:09:14.000
2026-07-10 15:49:17.489   Installing the file.
2026-07-10 15:49:17.490   Successfully installed the file.
2026-07-10 15:49:17.490   -- File entry --
2026-07-10 15:49:17.490   Dest filename: C:\JL\pi32\q32s-include\_ansi.h
2026-07-10 15:49:17.490   Time stamp of our file: 2021-11-10 17:09:14.000
2026-07-10 15:49:17.490   Installing the file.
2026-07-10 15:49:17.491   Successfully installed the file.
2026-07-10 15:49:17.492   -- File entry --
2026-07-10 15:49:17.492   Dest filename: C:\JL\pi32\q32s-include\_syslist.h
2026-07-10 15:49:17.492   Time stamp of our file: 2021-11-10 17:09:14.000
2026-07-10 15:49:17.492   Installing the file.
2026-07-10 15:49:17.494   Successfully installed the file.
2026-07-10 15:49:17.494   -- File entry --
2026-07-10 15:49:17.494   Dest filename: C:\JL\pi32\q32s-include\machine\ansi.h
2026-07-10 15:49:17.495   Time stamp of our file: 2021-11-10 17:09:14.000
2026-07-10 15:49:17.495   Installing the file.
2026-07-10 15:49:17.495   Creating directory: C:\JL\pi32\q32s-include\machine
2026-07-10 15:49:17.497   Successfully installed the file.
2026-07-10 15:49:17.497   -- File entry --
2026-07-10 15:49:17.497   Dest filename: C:\JL\pi32\q32s-include\machine\endian.h
2026-07-10 15:49:17.497   Time stamp of our file: 2021-11-10 17:09:14.000
2026-07-10 15:49:17.497   Installing the file.
2026-07-10 15:49:17.499   Successfully installed the file.
2026-07-10 15:49:17.499   -- File entry --
2026-07-10 15:49:17.499   Dest filename: C:\JL\pi32\q32s-include\machine\fastmath.h
2026-07-10 15:49:17.499   Time stamp of our file: 2021-11-10 17:09:14.000
2026-07-10 15:49:17.499   Installing the file.
2026-07-10 15:49:17.500   Successfully installed the file.
2026-07-10 15:49:17.501   -- File entry --
2026-07-10 15:49:17.501   Dest filename: C:\JL\pi32\q32s-include\machine\ieeefp.h
2026-07-10 15:49:17.501   Time stamp of our file: 2021-11-10 17:09:14.000
2026-07-10 15:49:17.501   Installing the file.
2026-07-10 15:49:17.503   Successfully installed the file.
2026-07-10 15:49:17.503   -- File entry --
2026-07-10 15:49:17.503   Dest filename: C:\JL\pi32\q32s-include\machine\malloc.h
2026-07-10 15:49:17.503   Time stamp of our file: 2021-11-10 17:09:14.000
2026-07-10 15:49:17.503   Installing the file.
2026-07-10 15:49:17.504   Successfully installed the file.
2026-07-10 15:49:17.504   -- File entry --
2026-07-10 15:49:17.505   Dest filename: C:\JL\pi32\q32s-include\machine\param.h
2026-07-10 15:49:17.505   Time stamp of our file: 2021-11-10 17:09:14.000
2026-07-10 15:49:17.505   Installing the file.
2026-07-10 15:49:17.506   Successfully installed the file.
2026-07-10 15:49:17.506   -- File entry --
2026-07-10 15:49:17.506   Dest filename: C:\JL\pi32\q32s-include\machine\setjmp-dj.h
2026-07-10 15:49:17.507   Time stamp of our file: 2021-11-10 17:09:14.000
2026-07-10 15:49:17.507   Installing the file.
2026-07-10 15:49:17.508   Successfully installed the file.
2026-07-10 15:49:17.508   -- File entry --
2026-07-10 15:49:17.508   Dest filename: C:\JL\pi32\q32s-include\machine\setjmp.h
2026-07-10 15:49:17.508   Time stamp of our file: 2021-11-10 17:09:14.000
2026-07-10 15:49:17.508   Installing the file.
2026-07-10 15:49:17.511   Successfully installed the file.
2026-07-10 15:49:17.511   -- File entry --
2026-07-10 15:49:17.511   Dest filename: C:\JL\pi32\q32s-include\machine\stdlib.h
2026-07-10 15:49:17.511   Time stamp of our file: 2021-11-10 17:09:14.000
2026-07-10 15:49:17.511   Installing the file.
2026-07-10 15:49:17.513   Successfully installed the file.
2026-07-10 15:49:17.513   -- File entry --
2026-07-10 15:49:17.513   Dest filename: C:\JL\pi32\q32s-include\machine\termios.h
2026-07-10 15:49:17.513   Time stamp of our file: 2021-11-10 17:09:14.000
2026-07-10 15:49:17.513   Installing the file.
2026-07-10 15:49:17.515   Successfully installed the file.
2026-07-10 15:49:17.515   -- File entry --
2026-07-10 15:49:17.515   Dest filename: C:\JL\pi32\q32s-include\machine\time.h
2026-07-10 15:49:17.515   Time stamp of our file: 2021-11-10 17:09:14.000
2026-07-10 15:49:17.515   Installing the file.
2026-07-10 15:49:17.517   Successfully installed the file.
2026-07-10 15:49:17.517   -- File entry --
2026-07-10 15:49:17.517   Dest filename: C:\JL\pi32\q32s-include\machine\types.h
2026-07-10 15:49:17.517   Time stamp of our file: 2021-11-10 17:09:14.000
2026-07-10 15:49:17.517   Installing the file.
2026-07-10 15:49:17.519   Successfully installed the file.
2026-07-10 15:49:17.519   -- File entry --
2026-07-10 15:49:17.519   Dest filename: C:\JL\pi32\q32s-include\machine\_default_types.h
2026-07-10 15:49:17.519   Time stamp of our file: 2021-11-10 17:09:14.000
2026-07-10 15:49:17.519   Installing the file.
2026-07-10 15:49:17.520   Successfully installed the file.
2026-07-10 15:49:17.520   -- File entry --
2026-07-10 15:49:17.520   Dest filename: C:\JL\pi32\q32s-include\machine\_types.h
2026-07-10 15:49:17.521   Time stamp of our file: 2021-11-10 17:09:14.000
2026-07-10 15:49:17.521   Installing the file.
2026-07-10 15:49:17.522   Successfully installed the file.
2026-07-10 15:49:17.523   -- File entry --
2026-07-10 15:49:17.523   Dest filename: C:\JL\pi32\q32s-include\sys\cdefs.h
2026-07-10 15:49:17.523   Time stamp of our file: 2021-11-10 17:09:14.000
2026-07-10 15:49:17.523   Installing the file.
2026-07-10 15:49:17.523   Creating directory: C:\JL\pi32\q32s-include\sys
2026-07-10 15:49:17.525   Successfully installed the file.
2026-07-10 15:49:17.525   -- File entry --
2026-07-10 15:49:17.525   Dest filename: C:\JL\pi32\q32s-include\sys\config.h
2026-07-10 15:49:17.525   Time stamp of our file: 2021-11-10 17:09:14.000
2026-07-10 15:49:17.525   Installing the file.
2026-07-10 15:49:17.526   Successfully installed the file.
2026-07-10 15:49:17.526   -- File entry --
2026-07-10 15:49:17.527   Dest filename: C:\JL\pi32\q32s-include\sys\custom_file.h
2026-07-10 15:49:17.527   Time stamp of our file: 2021-11-10 17:09:14.000
2026-07-10 15:49:17.527   Installing the file.
2026-07-10 15:49:17.528   Successfully installed the file.
2026-07-10 15:49:17.528   -- File entry --
2026-07-10 15:49:17.528   Dest filename: C:\JL\pi32\q32s-include\sys\dir.h
2026-07-10 15:49:17.528   Time stamp of our file: 2021-11-10 17:09:14.000
2026-07-10 15:49:17.528   Installing the file.
2026-07-10 15:49:17.529   Successfully installed the file.
2026-07-10 15:49:17.529   -- File entry --
2026-07-10 15:49:17.529   Dest filename: C:\JL\pi32\q32s-include\sys\dirent.h
2026-07-10 15:49:17.529   Time stamp of our file: 2021-11-10 17:09:14.000
2026-07-10 15:49:17.529   Installing the file.
2026-07-10 15:49:17.530   Successfully installed the file.
2026-07-10 15:49:17.530   -- File entry --
2026-07-10 15:49:17.530   Dest filename: C:\JL\pi32\q32s-include\sys\errno.h
2026-07-10 15:49:17.531   Time stamp of our file: 2021-11-10 17:09:14.000
2026-07-10 15:49:17.531   Installing the file.
2026-07-10 15:49:17.532   Successfully installed the file.
2026-07-10 15:49:17.532   -- File entry --
2026-07-10 15:49:17.532   Dest filename: C:\JL\pi32\q32s-include\sys\fcntl.h
2026-07-10 15:49:17.533   Time stamp of our file: 2021-11-10 17:09:14.000
2026-07-10 15:49:17.533   Installing the file.
2026-07-10 15:49:17.533   Successfully installed the file.
2026-07-10 15:49:17.533   -- File entry --
2026-07-10 15:49:17.533   Dest filename: C:\JL\pi32\q32s-include\sys\features.h
2026-07-10 15:49:17.534   Time stamp of our file: 2021-11-10 17:09:14.000
2026-07-10 15:49:17.534   Installing the file.
2026-07-10 15:49:17.535   Successfully installed the file.
2026-07-10 15:49:17.535   -- File entry --
2026-07-10 15:49:17.535   Dest filename: C:\JL\pi32\q32s-include\sys\file.h
2026-07-10 15:49:17.535   Time stamp of our file: 2021-11-10 17:09:14.000
2026-07-10 15:49:17.535   Installing the file.
2026-07-10 15:49:17.536   Successfully installed the file.
2026-07-10 15:49:17.536   -- File entry --
2026-07-10 15:49:17.536   Dest filename: C:\JL\pi32\q32s-include\sys\iconvnls.h
2026-07-10 15:49:17.536   Time stamp of our file: 2021-11-10 17:09:14.000
2026-07-10 15:49:17.536   Installing the file.
2026-07-10 15:49:17.537   Successfully installed the file.
2026-07-10 15:49:17.537   -- File entry --
2026-07-10 15:49:17.537   Dest filename: C:\JL\pi32\q32s-include\sys\lock.h
2026-07-10 15:49:17.537   Time stamp of our file: 2021-11-10 17:09:14.000
2026-07-10 15:49:17.537   Installing the file.
2026-07-10 15:49:17.538   Successfully installed the file.
2026-07-10 15:49:17.538   -- File entry --
2026-07-10 15:49:17.538   Dest filename: C:\JL\pi32\q32s-include\sys\param.h
2026-07-10 15:49:17.538   Time stamp of our file: 2021-11-10 17:09:14.000
2026-07-10 15:49:17.538   Installing the file.
2026-07-10 15:49:17.540   Successfully installed the file.
2026-07-10 15:49:17.540   -- File entry --
2026-07-10 15:49:17.540   Dest filename: C:\JL\pi32\q32s-include\sys\queue.h
2026-07-10 15:49:17.540   Time stamp of our file: 2021-11-10 17:09:14.000
2026-07-10 15:49:17.540   Installing the file.
2026-07-10 15:49:17.542   Successfully installed the file.
2026-07-10 15:49:17.542   -- File entry --
2026-07-10 15:49:17.542   Dest filename: C:\JL\pi32\q32s-include\sys\reent.h
2026-07-10 15:49:17.542   Time stamp of our file: 2021-11-10 17:09:14.000
2026-07-10 15:49:17.542   Installing the file.
2026-07-10 15:49:17.544   Successfully installed the file.
2026-07-10 15:49:17.544   -- File entry --
2026-07-10 15:49:17.544   Dest filename: C:\JL\pi32\q32s-include\sys\resource.h
2026-07-10 15:49:17.544   Time stamp of our file: 2021-11-10 17:09:14.000
2026-07-10 15:49:17.544   Installing the file.
2026-07-10 15:49:17.545   Successfully installed the file.
2026-07-10 15:49:17.545   -- File entry --
2026-07-10 15:49:17.545   Dest filename: C:\JL\pi32\q32s-include\sys\sched.h
2026-07-10 15:49:17.545   Time stamp of our file: 2021-11-10 17:09:14.000
2026-07-10 15:49:17.545   Installing the file.
2026-07-10 15:49:17.547   Successfully installed the file.
2026-07-10 15:49:17.547   -- File entry --
2026-07-10 15:49:17.547   Dest filename: C:\JL\pi32\q32s-include\sys\signal.h
2026-07-10 15:49:17.548   Time stamp of our file: 2021-11-10 17:09:14.000
2026-07-10 15:49:17.548   Installing the file.
2026-07-10 15:49:17.548   Successfully installed the file.
2026-07-10 15:49:17.548   -- File entry --
2026-07-10 15:49:17.548   Dest filename: C:\JL\pi32\q32s-include\sys\stat.h
2026-07-10 15:49:17.548   Time stamp of our file: 2021-11-10 17:09:14.000
2026-07-10 15:49:17.548   Installing the file.
2026-07-10 15:49:17.550   Successfully installed the file.
2026-07-10 15:49:17.551   -- File entry --
2026-07-10 15:49:17.551   Dest filename: C:\JL\pi32\q32s-include\sys\stdio.h
2026-07-10 15:49:17.551   Time stamp of our file: 2021-11-10 17:09:14.000
2026-07-10 15:49:17.551   Installing the file.
2026-07-10 15:49:17.552   Successfully installed the file.
2026-07-10 15:49:17.552   -- File entry --
2026-07-10 15:49:17.552   Dest filename: C:\JL\pi32\q32s-include\sys\string.h
2026-07-10 15:49:17.552   Time stamp of our file: 2021-11-10 17:09:14.000
2026-07-10 15:49:17.552   Installing the file.
2026-07-10 15:49:17.553   Successfully installed the file.
2026-07-10 15:49:17.553   -- File entry --
2026-07-10 15:49:17.553   Dest filename: C:\JL\pi32\q32s-include\sys\syslimits.h
2026-07-10 15:49:17.553   Time stamp of our file: 2021-11-10 17:09:14.000
2026-07-10 15:49:17.553   Installing the file.
2026-07-10 15:49:17.554   Successfully installed the file.
2026-07-10 15:49:17.554   -- File entry --
2026-07-10 15:49:17.555   Dest filename: C:\JL\pi32\q32s-include\sys\time.h
2026-07-10 15:49:17.555   Time stamp of our file: 2021-11-10 17:09:14.000
2026-07-10 15:49:17.555   Installing the file.
2026-07-10 15:49:17.556   Successfully installed the file.
2026-07-10 15:49:17.556   -- File entry --
2026-07-10 15:49:17.557   Dest filename: C:\JL\pi32\q32s-include\sys\timeb.h
2026-07-10 15:49:17.557   Time stamp of our file: 2021-11-10 17:09:14.000
2026-07-10 15:49:17.557   Installing the file.
2026-07-10 15:49:17.558   Successfully installed the file.
2026-07-10 15:49:17.558   -- File entry --
2026-07-10 15:49:17.558   Dest filename: C:\JL\pi32\q32s-include\sys\times.h
2026-07-10 15:49:17.558   Time stamp of our file: 2021-11-10 17:09:14.000
2026-07-10 15:49:17.558   Installing the file.
2026-07-10 15:49:17.559   Successfully installed the file.
2026-07-10 15:49:17.559   -- File entry --
2026-07-10 15:49:17.560   Dest filename: C:\JL\pi32\q32s-include\sys\timespec.h
2026-07-10 15:49:17.560   Time stamp of our file: 2021-11-10 17:09:14.000
2026-07-10 15:49:17.560   Installing the file.
2026-07-10 15:49:17.560   Successfully installed the file.
2026-07-10 15:49:17.560   -- File entry --
2026-07-10 15:49:17.561   Dest filename: C:\JL\pi32\q32s-include\sys\tree.h
2026-07-10 15:49:17.561   Time stamp of our file: 2021-11-10 17:09:14.000
2026-07-10 15:49:17.561   Installing the file.
2026-07-10 15:49:17.562   Successfully installed the file.
2026-07-10 15:49:17.562   -- File entry --
2026-07-10 15:49:17.562   Dest filename: C:\JL\pi32\q32s-include\sys\types.h
2026-07-10 15:49:17.563   Time stamp of our file: 2021-11-10 17:09:14.000
2026-07-10 15:49:17.563   Installing the file.
2026-07-10 15:49:17.564   Successfully installed the file.
2026-07-10 15:49:17.564   -- File entry --
2026-07-10 15:49:17.564   Dest filename: C:\JL\pi32\q32s-include\sys\unistd.h
2026-07-10 15:49:17.564   Time stamp of our file: 2021-11-10 17:09:14.000
2026-07-10 15:49:17.564   Installing the file.
2026-07-10 15:49:17.566   Successfully installed the file.
2026-07-10 15:49:17.566   -- File entry --
2026-07-10 15:49:17.566   Dest filename: C:\JL\pi32\q32s-include\sys\utime.h
2026-07-10 15:49:17.566   Time stamp of our file: 2021-11-10 17:09:14.000
2026-07-10 15:49:17.566   Installing the file.
2026-07-10 15:49:17.567   Successfully installed the file.
2026-07-10 15:49:17.567   -- File entry --
2026-07-10 15:49:17.568   Dest filename: C:\JL\pi32\q32s-include\sys\wait.h
2026-07-10 15:49:17.568   Time stamp of our file: 2021-11-10 17:09:14.000
2026-07-10 15:49:17.568   Installing the file.
2026-07-10 15:49:17.569   Successfully installed the file.
2026-07-10 15:49:17.569   -- File entry --
2026-07-10 15:49:17.569   Dest filename: C:\JL\pi32\q32s-include\sys\_default_fcntl.h
2026-07-10 15:49:17.569   Time stamp of our file: 2021-11-10 17:09:14.000
2026-07-10 15:49:17.569   Installing the file.
2026-07-10 15:49:17.571   Successfully installed the file.
2026-07-10 15:49:17.571   -- File entry --
2026-07-10 15:49:17.571   Dest filename: C:\JL\pi32\q32s-include\sys\_intsup.h
2026-07-10 15:49:17.571   Time stamp of our file: 2021-11-10 17:09:14.000
2026-07-10 15:49:17.571   Installing the file.
2026-07-10 15:49:17.573   Successfully installed the file.
2026-07-10 15:49:17.573   -- File entry --
2026-07-10 15:49:17.573   Dest filename: C:\JL\pi32\q32s-include\sys\_stdint.h
2026-07-10 15:49:17.573   Time stamp of our file: 2021-11-10 17:09:14.000
2026-07-10 15:49:17.573   Installing the file.
2026-07-10 15:49:17.573   Successfully installed the file.
2026-07-10 15:49:17.573   -- File entry --
2026-07-10 15:49:17.573   Dest filename: C:\JL\pi32\q32s-include\sys\_timespec.h
2026-07-10 15:49:17.573   Time stamp of our file: 2021-11-10 17:09:14.000
2026-07-10 15:49:17.573   Installing the file.
2026-07-10 15:49:17.575   Successfully installed the file.
2026-07-10 15:49:17.575   -- File entry --
2026-07-10 15:49:17.575   Dest filename: C:\JL\pi32\q32s-include\sys\_timeval.h
2026-07-10 15:49:17.575   Time stamp of our file: 2021-11-10 17:09:14.000
2026-07-10 15:49:17.575   Installing the file.
2026-07-10 15:49:17.576   Successfully installed the file.
2026-07-10 15:49:17.577   -- File entry --
2026-07-10 15:49:17.577   Dest filename: C:\JL\pi32\q32s-include\sys\_types.h
2026-07-10 15:49:17.577   Time stamp of our file: 2021-11-10 17:09:14.000
2026-07-10 15:49:17.577   Installing the file.
2026-07-10 15:49:17.578   Successfully installed the file.
2026-07-10 15:49:17.578   -- File entry --
2026-07-10 15:49:17.578   Dest filename: C:\JL\pi32\q32s-lib\libc.a
2026-07-10 15:49:17.578   Time stamp of our file: 2021-11-10 17:05:46.000
2026-07-10 15:49:17.578   Installing the file.
2026-07-10 15:49:17.578   Creating directory: C:\JL\pi32\q32s-lib
2026-07-10 15:49:17.582   Successfully installed the file.
2026-07-10 15:49:17.582   -- File entry --
2026-07-10 15:49:17.583   Dest filename: C:\JL\pi32\q32s-lib\libcompiler-rt.a
2026-07-10 15:49:17.583   Time stamp of our file: 2017-05-18 14:00:10.000
2026-07-10 15:49:17.583   Installing the file.
2026-07-10 15:49:17.585   Successfully installed the file.
2026-07-10 15:49:17.585   -- File entry --
2026-07-10 15:49:17.585   Dest filename: C:\JL\pi32\q32s-lib\libcsupply.a
2026-07-10 15:49:17.585   Time stamp of our file: 2022-11-11 15:43:58.000
2026-07-10 15:49:17.585   Installing the file.
2026-07-10 15:49:17.586   Successfully installed the file.
2026-07-10 15:49:17.586   -- File entry --
2026-07-10 15:49:17.586   Dest filename: C:\JL\pi32\q32s-lib\libcsupply_f.a
2026-07-10 15:49:17.586   Time stamp of our file: 2022-11-11 15:43:56.000
2026-07-10 15:49:17.586   Installing the file.
2026-07-10 15:49:17.588   Successfully installed the file.
2026-07-10 15:49:17.588   -- File entry --
2026-07-10 15:49:17.588   Dest filename: C:\JL\pi32\q32s-lib\libcsupply_fll.a
2026-07-10 15:49:17.588   Time stamp of our file: 2022-11-11 15:43:56.000
2026-07-10 15:49:17.588   Installing the file.
2026-07-10 15:49:17.589   Successfully installed the file.
2026-07-10 15:49:17.589   -- File entry --
2026-07-10 15:49:17.589   Dest filename: C:\JL\pi32\q32s-lib\libcsupply_ll.a
2026-07-10 15:49:17.590   Time stamp of our file: 2022-11-11 15:43:58.000
2026-07-10 15:49:17.590   Installing the file.
2026-07-10 15:49:17.591   Successfully installed the file.
2026-07-10 15:49:17.591   -- File entry --
2026-07-10 15:49:17.591   Dest filename: C:\JL\pi32\q32s-lib\libg.a
2026-07-10 15:49:17.591   Time stamp of our file: 2021-08-20 14:28:36.000
2026-07-10 15:49:17.591   Installing the file.
2026-07-10 15:49:17.599   Successfully installed the file.
2026-07-10 15:49:17.599   -- File entry --
2026-07-10 15:49:17.599   Dest filename: C:\JL\pi32\q32s-lib\libm.a
2026-07-10 15:49:17.600   Time stamp of our file: 2021-11-10 17:05:46.000
2026-07-10 15:49:17.600   Installing the file.
2026-07-10 15:49:17.604   Successfully installed the file.
2026-07-10 15:49:17.604   -- File entry --
2026-07-10 15:49:17.604   Dest filename: C:\JL\pi32\q32s-lib\large\libc.a
2026-07-10 15:49:17.604   Time stamp of our file: 2022-06-07 16:53:00.000
2026-07-10 15:49:17.604   Installing the file.
2026-07-10 15:49:17.604   Creating directory: C:\JL\pi32\q32s-lib\large
2026-07-10 15:49:17.608   Successfully installed the file.
2026-07-10 15:49:17.608   -- File entry --
2026-07-10 15:49:17.608   Dest filename: C:\JL\pi32\q32s-lib\large\libcompiler-rt.a
2026-07-10 15:49:17.608   Time stamp of our file: 2022-06-07 16:50:14.000
2026-07-10 15:49:17.608   Installing the file.
2026-07-10 15:49:17.611   Successfully installed the file.
2026-07-10 15:49:17.611   -- File entry --
2026-07-10 15:49:17.611   Dest filename: C:\JL\pi32\q32s-lib\large\libcsupply.a
2026-07-10 15:49:17.611   Time stamp of our file: 2022-11-11 15:44:02.000
2026-07-10 15:49:17.611   Installing the file.
2026-07-10 15:49:17.612   Successfully installed the file.
2026-07-10 15:49:17.612   -- File entry --
2026-07-10 15:49:17.612   Dest filename: C:\JL\pi32\q32s-lib\large\libcsupply_f.a
2026-07-10 15:49:17.612   Time stamp of our file: 2022-11-11 15:44:00.000
2026-07-10 15:49:17.612   Installing the file.
2026-07-10 15:49:17.613   Successfully installed the file.
2026-07-10 15:49:17.613   -- File entry --
2026-07-10 15:49:17.613   Dest filename: C:\JL\pi32\q32s-lib\large\libcsupply_fll.a
2026-07-10 15:49:17.614   Time stamp of our file: 2022-11-11 15:44:00.000
2026-07-10 15:49:17.614   Installing the file.
2026-07-10 15:49:17.615   Successfully installed the file.
2026-07-10 15:49:17.615   -- File entry --
2026-07-10 15:49:17.615   Dest filename: C:\JL\pi32\q32s-lib\large\libcsupply_ll.a
2026-07-10 15:49:17.615   Time stamp of our file: 2022-11-11 15:44:02.000
2026-07-10 15:49:17.615   Installing the file.
2026-07-10 15:49:17.616   Successfully installed the file.
2026-07-10 15:49:17.616   -- File entry --
2026-07-10 15:49:17.616   Dest filename: C:\JL\pi32\q32s-lib\large\libg.a
2026-07-10 15:49:17.616   Time stamp of our file: 2022-06-07 16:53:00.000
2026-07-10 15:49:17.616   Installing the file.
2026-07-10 15:49:17.622   Successfully installed the file.
2026-07-10 15:49:17.622   -- File entry --
2026-07-10 15:49:17.622   Dest filename: C:\JL\pi32\q32s-lib\large\libm.a
2026-07-10 15:49:17.623   Time stamp of our file: 2022-06-07 16:53:00.000
2026-07-10 15:49:17.623   Installing the file.
2026-07-10 15:49:17.628   Successfully installed the file.
2026-07-10 15:49:17.628   -- File entry --
2026-07-10 15:49:17.628   Dest filename: C:\JL\pi32\bin\bankzip.exe
2026-07-10 15:49:17.628   Time stamp of our file: 2018-11-02 09:45:34.000
2026-07-10 15:49:17.628   Installing the file.
2026-07-10 15:49:17.666   Successfully installed the file.
2026-07-10 15:49:17.666   -- File entry --
2026-07-10 15:49:17.666   Dest filename: C:\JL\pi32\bin\bcdump.exe
2026-07-10 15:49:17.666   Time stamp of our file: 2020-04-17 16:26:00.000
2026-07-10 15:49:17.666   Installing the file.
2026-07-10 15:49:17.682   Successfully installed the file.
2026-07-10 15:49:17.682   -- File entry --
2026-07-10 15:49:17.682   Dest filename: C:\JL\pi32\bin\clang.exe
2026-07-10 15:49:17.682   Time stamp of our file: 2025-03-04 20:44:18.000
2026-07-10 15:49:17.682   Installing the file.
2026-07-10 15:49:18.233   Successfully installed the file.
2026-07-10 15:49:18.233   -- File entry --
2026-07-10 15:49:18.233   Dest filename: C:\JL\pi32\bin\llvm-ar.exe
2026-07-10 15:49:18.233   Time stamp of our file: 2023-04-19 12:09:38.000
2026-07-10 15:49:18.233   Installing the file.
2026-07-10 15:49:18.284   Successfully installed the file.
2026-07-10 15:49:18.284   -- File entry --
2026-07-10 15:49:18.285   Dest filename: C:\JL\pi32\bin\llvm-bcdump.exe
2026-07-10 15:49:18.285   Time stamp of our file: 2022-08-05 16:22:58.000
2026-07-10 15:49:18.285   Installing the file.
2026-07-10 15:49:18.304   Successfully installed the file.
2026-07-10 15:49:18.305   -- File entry --
2026-07-10 15:49:18.305   Dest filename: C:\JL\pi32\bin\llvm-bcfuzzdbg.exe
2026-07-10 15:49:18.305   Time stamp of our file: 2022-09-05 08:40:38.000
2026-07-10 15:49:18.305   Installing the file.
2026-07-10 15:49:18.322   Successfully installed the file.
2026-07-10 15:49:18.322   -- File entry --
2026-07-10 15:49:18.322   Dest filename: C:\JL\pi32\bin\llvm-bcrename.exe
2026-07-10 15:49:18.322   Time stamp of our file: 2022-09-02 18:05:02.000
2026-07-10 15:49:18.322   Installing the file.
2026-07-10 15:49:18.339   Successfully installed the file.
2026-07-10 15:49:18.339   -- File entry --
2026-07-10 15:49:18.339   Dest filename: C:\JL\pi32\bin\llvm-cxxfilt.exe
2026-07-10 15:49:18.339   Time stamp of our file: 2022-07-04 10:23:00.000
2026-07-10 15:49:18.339   Installing the file.
2026-07-10 15:49:18.349   Successfully installed the file.
2026-07-10 15:49:18.349   -- File entry --
2026-07-10 15:49:18.349   Dest filename: C:\JL\pi32\bin\llvm-link.exe
2026-07-10 15:49:18.350   Time stamp of our file: 2023-04-19 11:30:34.000
2026-07-10 15:49:18.350   Installing the file.
2026-07-10 15:49:18.402   Successfully installed the file.
2026-07-10 15:49:18.402   -- File entry --
2026-07-10 15:49:18.403   Dest filename: C:\JL\pi32\bin\llvm-localized-hidden.exe
2026-07-10 15:49:18.403   Time stamp of our file: 2022-07-04 10:25:56.000
2026-07-10 15:49:18.403   Installing the file.
2026-07-10 15:49:18.423   Successfully installed the file.
2026-07-10 15:49:18.424   -- File entry --
2026-07-10 15:49:18.424   Dest filename: C:\JL\pi32\bin\llvm-nm.exe
2026-07-10 15:49:18.424   Time stamp of our file: 2018-11-02 09:45:40.000
2026-07-10 15:49:18.424   Installing the file.
2026-07-10 15:49:18.466   Successfully installed the file.
2026-07-10 15:49:18.467   -- File entry --
2026-07-10 15:49:18.467   Dest filename: C:\JL\pi32\bin\llvm-objcopy.exe
2026-07-10 15:49:18.467   Time stamp of our file: 2025-03-04 20:44:58.000
2026-07-10 15:49:18.467   Installing the file.
2026-07-10 15:49:18.514   Successfully installed the file.
2026-07-10 15:49:18.515   -- File entry --
2026-07-10 15:49:18.515   Dest filename: C:\JL\pi32\bin\llvm-objdump.exe
2026-07-10 15:49:18.515   Time stamp of our file: 2025-03-04 20:45:54.000
2026-07-10 15:49:18.515   Installing the file.
2026-07-10 15:49:18.572   Successfully installed the file.
2026-07-10 15:49:18.572   -- File entry --
2026-07-10 15:49:18.573   Dest filename: C:\JL\pi32\bin\llvm-objsizedump.exe
2026-07-10 15:49:18.573   Time stamp of our file: 2025-01-22 00:58:14.000
2026-07-10 15:49:18.573   Installing the file.
2026-07-10 15:49:18.601   Successfully installed the file.
2026-07-10 15:49:18.601   -- File entry --
2026-07-10 15:49:18.601   Dest filename: C:\JL\pi32\bin\llvm-read-version.exe
2026-07-10 15:49:18.601   Time stamp of our file: 2022-04-13 14:23:30.000
2026-07-10 15:49:18.601   Installing the file.
2026-07-10 15:49:18.621   Successfully installed the file.
2026-07-10 15:49:18.621   -- File entry --
2026-07-10 15:49:18.622   Dest filename: C:\JL\pi32\bin\llvm-readobj.exe
2026-07-10 15:49:18.622   Time stamp of our file: 2022-08-05 16:23:40.000
2026-07-10 15:49:18.622   Installing the file.
2026-07-10 15:49:18.655   Successfully installed the file.
2026-07-10 15:49:18.655   -- File entry --
2026-07-10 15:49:18.655   Dest filename: C:\JL\pi32\bin\llvm-symbolizer.exe
2026-07-10 15:49:18.656   Time stamp of our file: 2020-04-07 11:26:36.000
2026-07-10 15:49:18.656   Installing the file.
2026-07-10 15:49:18.679   Successfully installed the file.
2026-07-10 15:49:18.679   -- File entry --
2026-07-10 15:49:18.679   Dest filename: C:\JL\pi32\bin\LLVMgold.dll
2026-07-10 15:49:18.679   Time stamp of our file: 2025-01-22 00:57:24.000
2026-07-10 15:49:18.679   Installing the file.
2026-07-10 15:49:18.899   Successfully installed the file.
2026-07-10 15:49:18.899   -- File entry --
2026-07-10 15:49:18.899   Dest filename: C:\JL\pi32\bin\opt.exe
2026-07-10 15:49:18.899   Time stamp of our file: 2023-04-19 11:32:22.000
2026-07-10 15:49:18.899   Installing the file.
2026-07-10 15:49:19.132   Successfully installed the file.
2026-07-10 15:49:19.132   -- File entry --
2026-07-10 15:49:19.132   Dest filename: C:\JL\pi32\bin\pi32v2-ld.exe
2026-07-10 15:49:19.132   Time stamp of our file: 2025-03-04 16:57:26.000
2026-07-10 15:49:19.132   Dest file exists.
2026-07-10 15:49:19.132   Time stamp of existing file: 2025-02-06 09:41:48.000
2026-07-10 15:49:19.132   Installing the file.
2026-07-10 15:49:19.225   Successfully installed the file.
2026-07-10 15:49:19.226   -- File entry --
2026-07-10 15:49:19.226   Dest filename: C:\JL\commtools\backup.conf
2026-07-10 15:49:19.226   Time stamp of our file: 2025-05-14 13:44:40.000
2026-07-10 15:49:19.226   Installing the file.
2026-07-10 15:49:19.226   Creating directory: C:\JL\commtools
2026-07-10 15:49:19.228   Successfully installed the file.
2026-07-10 15:49:19.228   -- File entry --
2026-07-10 15:49:19.228   Dest filename: C:\JL\commtools\bin2mif.exe
2026-07-10 15:49:19.228   Time stamp of our file: 2018-11-02 09:45:46.000
2026-07-10 15:49:19.228   Installing the file.
2026-07-10 15:49:19.230   Successfully installed the file.
2026-07-10 15:49:19.230   -- File entry --
2026-07-10 15:49:19.230   Dest filename: C:\JL\commtools\cbKeyBinder10.ini
2026-07-10 15:49:19.230   Time stamp of our file: 2018-09-17 11:38:56.000
2026-07-10 15:49:19.230   Installing the file.
2026-07-10 15:49:19.232   Successfully installed the file.
2026-07-10 15:49:19.233   -- File entry --
2026-07-10 15:49:19.233   Dest filename: C:\JL\commtools\cbKeyBinder10.ini.bak
2026-07-10 15:49:19.233   Time stamp of our file: 2018-09-17 11:38:56.000
2026-07-10 15:49:19.233   Installing the file.
2026-07-10 15:49:19.234   Successfully installed the file.
2026-07-10 15:49:19.234   -- File entry --
2026-07-10 15:49:19.234   Dest filename: C:\JL\commtools\CodeBlockConfig.exe
2026-07-10 15:49:19.235   Time stamp of our file: 2020-04-02 14:28:08.000
2026-07-10 15:49:19.235   Installing the file.
2026-07-10 15:49:19.239   Successfully installed the file.
2026-07-10 15:49:19.239   -- File entry --
2026-07-10 15:49:19.239   Dest filename: C:\JL\commtools\default.conf
2026-07-10 15:49:19.239   Time stamp of our file: 2022-06-07 16:57:36.000
2026-07-10 15:49:19.239   Installing the file.
2026-07-10 15:49:19.241   Successfully installed the file.
2026-07-10 15:49:19.241   -- File entry --
2026-07-10 15:49:19.241   Dest filename: C:\JL\commtools\default.conf_tmp
2026-07-10 15:49:19.241   Time stamp of our file: 2021-05-26 15:53:56.000
2026-07-10 15:49:19.241   Installing the file.
2026-07-10 15:49:19.243   Successfully installed the file.
2026-07-10 15:49:19.244   -- File entry --
2026-07-10 15:49:19.244   Dest filename: C:\JL\commtools\map_to_newld.exe
2026-07-10 15:49:19.244   Time stamp of our file: 2018-11-02 09:45:48.000
2026-07-10 15:49:19.244   Installing the file.
2026-07-10 15:49:19.256   Successfully installed the file.
2026-07-10 15:49:19.256   -- File entry --
2026-07-10 15:49:19.256   Dest filename: C:\JL\commtools\mfc140.dll
2026-07-10 15:49:19.256   Time stamp of our file: 2015-06-25 23:15:28.000
2026-07-10 15:49:19.256   Installing the file.
2026-07-10 15:49:19.392   Successfully installed the file.
2026-07-10 15:49:19.392   -- File entry --
2026-07-10 15:49:19.392   Dest filename: C:\JL\commtools\MFC42D.DLL
2026-07-10 15:49:19.393   Time stamp of our file: 2004-02-27 00:00:00.000
2026-07-10 15:49:19.393   Installing the file.
2026-07-10 15:49:19.415   Successfully installed the file.
2026-07-10 15:49:19.415   -- File entry --
2026-07-10 15:49:19.415   Dest filename: C:\JL\commtools\MFCO42D.DLL
2026-07-10 15:49:19.415   Time stamp of our file: 2004-02-27 00:00:00.000
2026-07-10 15:49:19.415   Installing the file.
2026-07-10 15:49:19.432   Successfully installed the file.
2026-07-10 15:49:19.432   -- File entry --
2026-07-10 15:49:19.432   Dest filename: C:\JL\commtools\mingwm10.dll
2026-07-10 15:49:19.432   Time stamp of our file: 2013-02-19 12:02:28.000
2026-07-10 15:49:19.432   Installing the file.
2026-07-10 15:49:19.434   Successfully installed the file.
2026-07-10 15:49:19.434   -- File entry --
2026-07-10 15:49:19.434   Dest filename: C:\JL\commtools\MSVCRTD.DLL
2026-07-10 15:49:19.434   Time stamp of our file: 2004-02-17 00:00:00.000
2026-07-10 15:49:19.434   Installing the file.
2026-07-10 15:49:19.446   Successfully installed the file.
2026-07-10 15:49:19.446   -- File entry --
2026-07-10 15:49:19.446   Dest filename: C:\JL\commtools\setPath.exe
2026-07-10 15:49:19.446   Time stamp of our file: 2018-11-02 09:45:48.000
2026-07-10 15:49:19.446   Installing the file.
2026-07-10 15:49:19.448   Successfully installed the file.
2026-07-10 15:49:19.449   -- File entry --
2026-07-10 15:49:19.449   Dest filename: C:\JL\commtools\split.exe
2026-07-10 15:49:19.449   Time stamp of our file: 2018-11-02 09:45:50.000
2026-07-10 15:49:19.449   Installing the file.
2026-07-10 15:49:19.452   Successfully installed the file.
2026-07-10 15:49:19.452   -- File entry --
2026-07-10 15:49:19.452   Dest filename: C:\JL\commtools\vcredist_x86.exe
2026-07-10 15:49:19.452   Time stamp of our file: 2015-09-08 15:01:02.000
2026-07-10 15:49:19.453   Installing the file.
2026-07-10 15:49:19.828   Successfully installed the file.
2026-07-10 15:49:19.828   -- File entry --
2026-07-10 15:49:19.828   Dest filename: C:\JL\commtools\vcruntime140.dll
2026-07-10 15:49:19.828   Time stamp of our file: 2015-06-25 23:15:28.000
2026-07-10 15:49:19.828   Installing the file.
2026-07-10 15:49:19.831   Successfully installed the file.
2026-07-10 15:49:19.831   -- File entry --
2026-07-10 15:49:19.831   Dest filename: C:\JL\commtools\wxmsw28_gcc.dll
2026-07-10 15:49:19.832   Time stamp of our file: 2013-02-19 12:02:28.000
2026-07-10 15:49:19.832   Installing the file.
2026-07-10 15:49:20.009   Successfully installed the file.
2026-07-10 15:49:20.009   -- File entry --
2026-07-10 15:49:20.009   Dest filename: C:\JL\LicenseViewer.exe
2026-07-10 15:49:20.009   Time stamp of our file: 2019-11-12 14:14:28.000
2026-07-10 15:49:20.009   Installing the file.
2026-07-10 15:49:20.024   Successfully installed the file.
2026-07-10 15:49:20.024   -- File entry --
2026-07-10 15:49:20.024   Dest filename: C:\JL\RequestLicense.exe
2026-07-10 15:49:20.024   Time stamp of our file: 2020-04-01 14:44:34.000
2026-07-10 15:49:20.024   Installing the file.
2026-07-10 15:49:20.032   Successfully installed the file.
2026-07-10 15:49:20.032   -- File entry --
2026-07-10 15:49:20.032   Dest filename: C:\JL\UpdateDector.exe
2026-07-10 15:49:20.032   Time stamp of our file: 2020-02-25 15:01:30.000
2026-07-10 15:49:20.032   Installing the file.
2026-07-10 15:49:20.039   Successfully installed the file.
2026-07-10 15:49:20.040   -- File entry --
2026-07-10 15:49:20.040   Dest filename: C:\JL\ver.txt
2026-07-10 15:49:20.040   Time stamp of our file: 2025-08-05 10:10:30.000
2026-07-10 15:49:20.040   Installing the file.
2026-07-10 15:49:20.041   Successfully installed the file.
2026-07-10 15:49:20.041   -- File entry --
2026-07-10 15:49:20.052   Dest filename: C:\JL\注意事项.rtf
2026-07-10 15:49:20.052   Time stamp of our file: 2025-08-05 10:09:44.000
2026-07-10 15:49:20.052   Installing the file.
2026-07-10 15:49:20.058   Successfully installed the file.
2026-07-10 15:49:20.058   -- Icon entry --
2026-07-10 15:49:20.058   Dest filename: C:\ProgramData\Microsoft\Windows\Start Menu\Programs\JL toolchain\Uninstall.lnk
2026-07-10 15:49:20.059   Creating directory: C:\ProgramData\Microsoft\Windows\Start Menu\Programs\JL toolchain
2026-07-10 15:49:20.069   Creating the icon.
2026-07-10 15:49:20.118   Successfully created the icon.
2026-07-10 15:49:20.129   -- Icon entry --
2026-07-10 15:49:20.129   Dest filename: C:\ProgramData\Microsoft\Windows\Start Menu\Programs\JL toolchain\RegisterEnvironment.lnk
2026-07-10 15:49:20.129   Creating the icon.
2026-07-10 15:49:20.139   Successfully created the icon.
2026-07-10 15:49:20.146   -- Icon entry --
2026-07-10 15:49:20.146   Dest filename: C:\ProgramData\Microsoft\Windows\Start Menu\Programs\JL toolchain\生成License Key文件.lnk
2026-07-10 15:49:20.147   Creating the icon.
2026-07-10 15:49:20.154   Successfully created the icon.
2026-07-10 15:49:20.161   -- Icon entry --
2026-07-10 15:49:20.161   Dest filename: C:\ProgramData\Microsoft\Windows\Start Menu\Programs\JL toolchain\查看本机License.lnk
2026-07-10 15:49:20.161   Creating the icon.
2026-07-10 15:49:20.172   Successfully created the icon.
2026-07-10 15:49:20.179   -- Icon entry --
2026-07-10 15:49:20.179   Dest filename: C:\ProgramData\Microsoft\Windows\Start Menu\Programs\JL toolchain\申请License文件（Request License File）.lnk
2026-07-10 15:49:20.181   Creating the icon.
2026-07-10 15:49:20.187   Successfully created the icon.
2026-07-10 15:49:20.195   -- Icon entry --
2026-07-10 15:49:20.195   Dest filename: C:\ProgramData\Microsoft\Windows\Start Menu\Programs\JL toolchain\导入License文件.lnk
2026-07-10 15:49:20.196   Creating the icon.
2026-07-10 15:49:20.201   Successfully created the icon.
2026-07-10 15:49:20.208   -- Icon entry --
2026-07-10 15:49:20.208   Dest filename: C:\ProgramData\Microsoft\Windows\Start Menu\Programs\JL toolchain\检查更新.lnk
2026-07-10 15:49:20.209   Creating the icon.
2026-07-10 15:49:20.214   Successfully created the icon.
2026-07-10 15:49:20.222   Saving uninstall information.
2026-07-10 15:49:20.222   Deleting any uninstall keys left over from previous installs
2026-07-10 15:49:20.222   Creating new uninstall key: HKEY_LOCAL_MACHINE\Software\Microsoft\Windows\CurrentVersion\Uninstall\{0FD82956-FAEE-49F4-A9CB-1625E896C6C1}_is1
2026-07-10 15:49:20.222   Writing uninstall key values.
2026-07-10 15:49:20.226   Installation process succeeded.
2026-07-10 15:49:20.233   -- Run entry --
2026-07-10 15:49:20.233   Run as: Current user
2026-07-10 15:49:20.233   Type: Exec
2026-07-10 15:49:20.233   Filename: C:\JL\commtools\vcredist_x86.exe
2026-07-10 15:49:20.233   Parameters: /q
2026-07-10 15:49:21.246   Process exit code: 0
2026-07-10 15:49:21.246   -- Run entry --
2026-07-10 15:49:21.246   Run as: Current user
2026-07-10 15:49:21.246   Type: ShellExec
2026-07-10 15:49:21.246   Filename: C:\JL\commtools\CodeBlockConfig.exe
2026-07-10 15:49:25.713   Need to restart Windows? No
2026-07-10 15:49:25.718   Deinitializing Setup.
2026-07-10 15:49:25.733   Log closed.
